  -9.0572830e+01
  -1.1456844e+02
  -2.2312076e+02
  -3.3588858e+02
  -3.6353421e+01
  -1.4567478e+02
  -3.0987170e+02
  -2.2074022e+02
  -1.7829355e+02
  -1.4432252e+02
  -8.9674580e+01
  -2.7274964e+02
  -2.7565076e+02
  -2.2424999e+02
  -1.6423525e+02
  -2.3058351e+02
  -2.7477263e+02
  -4.2567313e+02
  -1.4294901e+02
  -1.3794607e+02
  -8.6103800e+01
  -1.7798513e+02
  -1.6992821e+02
  -6.8703835e+01
  -2.5165279e+02
  -2.3789822e+02
  -1.1151765e+02
  -2.9324297e+02
  -2.2186177e+02
  -1.7849402e+02
  -2.9587548e+02
  -6.9332016e+01
  -2.4032286e+02
  -1.0828888e+02
  -3.0366289e+02
  -2.1813152e+02
  -5.6136160e+01
  -9.7801530e+01
  -2.2533594e+02
  -2.7475305e+02
  -9.2481783e+01
  -1.6729382e+02
  -9.7144973e+01
  -2.0148779e+02
  -2.7392259e+02
  -3.0036058e+02
  -2.3052008e+02
  -1.1302183e+02
  -1.2043753e+02
  -3.1984492e+02
  -2.6140663e+02
  -2.2373380e+02
  -2.4879133e+02
  -3.7123087e+02
  -2.2430766e+02
  -2.4352594e+02
  -1.7661736e+02
  -1.8562682e+02
  -2.1914077e+02
  -1.0313241e+02
  -7.6221382e+01
  -1.0734434e+02
  -3.6115398e+02
  -1.6592215e+02
  -1.5689488e+02
  -1.8859349e+02
   1.3184780e+01
  -2.5649220e+02
  -2.0526069e+02
  -3.1956839e+02
  -2.4776802e+02
  -2.6865445e+02
  -1.5907445e+02
  -1.7197815e+02
  -1.9531961e+02
  -1.8756388e+02
  -2.1210042e+02
  -1.7738669e+02
  -7.3855309e+01
  -1.6293641e+02
  -6.7868691e+01
  -2.3700015e+02
  -1.5850088e+02
  -2.3105711e+02
  -2.7963077e+02
  -2.0632526e+02
  -2.7532054e+02
  -2.1246802e+02
  -3.7906455e+02
  -1.4117080e+02
  -1.0561213e+02
  -1.8744812e+02
  -1.4827177e+02
  -2.2745270e+02
  -1.3439522e+02
  -1.6990195e+02
  -1.8388390e+02
  -8.7174478e+01
  -1.8148715e+02
  -2.5669233e+02
  -1.0616287e+02
  -1.5551720e+02
  -1.3713389e+02
  -1.7835800e+02
  -3.3251730e+01
  -2.8146048e+02
  -1.8836686e+02
  -2.1954684e+02
  -1.9958805e+02
  -2.2366575e+02
  -1.1254467e+02
  -2.8956752e+02
  -3.0709241e+01
  -1.3101511e+02
  -1.7303521e+02
  -3.3915561e+01
  -2.1667052e+02
  -2.5752403e+02
  -4.7566400e+01
  -2.2630514e+02
  -1.7482795e+02
   7.4910085e+00
  -1.0654046e+02
  -2.8881451e+02
  -1.3929488e+02
  -2.2720723e+02
  -1.6457135e+02
  -2.5998098e+02
  -2.3482022e+02
  -2.6170464e+02
  -1.6223341e+02
  -3.9168499e+01
  -2.2140594e+02
  -9.8390010e+01
  -1.4591484e+02
  -2.9203399e+02
  -1.9668939e+02
  -1.6275959e+02
  -1.7670486e+02
  -1.5023899e+02
  -1.9859746e+02
  -1.8191275e+02
  -1.5121673e+02
  -2.8960504e+02
  -2.1765198e+02
  -1.7147298e+01
  -8.2923528e+01
  -1.4124644e+02
  -1.5567554e+02
  -1.3209953e+02
  -6.8760877e+01
   9.4725148e+01
  -3.8909250e+02
  -3.5336090e+01
  -1.7906761e+02
  -2.2595295e+02
  -9.2834682e+01
  -1.9966498e+02
  -1.5127642e+02
  -1.9026547e+02
  -3.2856293e+02
  -1.2408336e+02
  -1.0454474e+02
  -2.5970817e+02
  -2.0396229e+02
  -3.1553232e+02
  -2.3431581e+02
  -8.0624043e+01
  -3.0522834e+02
  -4.2097445e+01
  -1.4428560e+02
  -1.4435684e+02
  -4.1617778e+01
  -9.8758953e+01
  -1.7943587e+02
  -2.0189016e+02
  -6.6239904e+01
  -9.9496335e+01
  -1.8092872e+01
  -9.2448288e+01
  -2.2260427e+02
   7.3074267e+00
  -9.5797299e+01
  -1.8587197e+02
  -2.2687973e+02
  -1.8658844e+02
  -1.2831217e+01
  -5.1248698e-01
  -2.5453565e+02
  -2.9508383e+02
  -1.0940626e+02
  -1.9087345e+02
  -2.7653834e+02
  -3.0821825e+02
  -6.2782234e+01
  -1.7512690e+02
  -1.2893357e+02
  -1.8238882e+02
  -1.3623069e+02
  -2.8275206e+02
  -1.8651983e+02
  -8.2121685e+01
  -1.0577751e+02
  -2.3888785e+02
  -1.8057439e+02
  -2.8612928e+02
  -8.9725943e+01
  -1.0435367e+02
  -3.3593874e+02
  -1.5877623e+02
  -2.2516955e+02
  -1.8465789e+02
  -1.9828702e+02
  -1.3274975e+02
  -2.5167404e+02
  -1.1509491e+02
   4.3172961e+01
  -2.4053610e+02
  -1.8017110e+02
  -2.4232339e+02
  -1.5993336e+01
  -1.3207166e+02
  -6.7950640e+01
  -3.3856388e+01
  -7.2435091e+01
  -2.6030692e+02
  -2.6106307e+02
  -2.2378390e+02
  -1.6398446e+02
  -2.6267008e+02
  -1.5967831e+02
  -1.3701610e+02
  -1.9262426e+02
  -2.1230026e+02
  -8.1093559e+01
  -1.5137441e+02
  -2.2237100e+02
  -2.2087999e+02
  -8.8704196e+01
  -1.4953015e+02
   2.4817327e+01
  -1.0927046e+02
   8.8675301e+01
  -4.2367137e+01
  -2.7892137e+02
  -1.5830807e+02
  -9.0707573e+01
  -3.6373244e+02
  -2.2014844e+02
  -2.9679992e+02
  -2.6560989e+02
  -2.8604779e+02
  -8.8646543e+01
  -1.3414069e+02
  -2.3711986e+02
  -5.6638661e+01
  -1.9112204e+02
  -7.8066675e+01
  -2.2255580e+02
  -1.4210793e+02
  -1.7178805e+02
  -2.6184330e+02
  -8.6555254e+01
  -1.5871704e+02
  -8.2070735e+01
  -3.0997366e+02
  -6.0352698e+01
  -3.7643786e+02
  -2.1392748e+02
  -3.3029853e+01
  -3.7195250e+02
   1.0082178e+01
  -1.0725443e+02
  -2.4080068e+02
  -1.4864306e+02
  -3.1731738e+02
  -2.0342418e+02
   1.8689726e+02
  -1.1905012e+02
  -1.8036805e+02
  -1.2968590e+02
  -1.2562628e+02
  -3.5694957e+02
  -2.3944827e+02
  -2.1985081e+02
  -6.8283386e+01
  -1.3140623e+02
  -1.3347727e+02
  -9.2009439e+01
  -1.6708247e+02
  -2.0823546e+02
  -2.4426230e+02
  -1.6279103e+02
  -2.3874249e+02
  -1.8632737e+02
  -2.1176262e+02
  -1.4451334e+02
  -1.2599096e+02
  -9.5969212e+01
   4.0053745e+01
  -1.2647743e+02
  -1.6244779e+02
  -7.3632690e+01
  -2.2034954e+02
  -8.1948504e+01
  -1.4652057e+02
  -2.2440635e+02
  -7.5502184e+01
  -8.3270831e+01
  -1.5576355e+02
  -1.3724825e+02
  -1.3707530e+02
  -6.5844977e+01
  -1.2105483e+01
  -3.2187409e+02
  -1.0981227e+02
  -1.4066974e+02
  -2.1267853e+02
  -1.2184210e+02
   1.0606024e+01
  -2.4591911e+02
  -1.4142907e+02
  -6.5918598e+01
  -1.0939936e+02
  -1.5925206e+02
  -2.3171767e+02
  -1.3008763e+02
  -1.6922300e+02
  -1.4369878e+02
  -1.3023185e+02
  -3.4630859e+01
  -2.3693770e+02
  -7.3913618e+01
  -1.6528228e+02
  -1.3678944e+02
  -1.0830085e+02
  -2.1865469e+02
  -1.8111936e+02
   6.5044524e+01
  -2.0745009e+02
  -3.7609454e+02
  -9.0001930e+01
  -1.0140833e+02
  -9.3251297e+01
  -1.3818388e+02
  -1.0174822e+02
  -2.1653741e+02
  -1.2248003e+02
  -1.1253735e+02
  -1.2615155e+02
  -2.5775735e+01
  -1.2403029e+02
  -1.4178086e+02
  -2.3997216e+02
  -1.4272897e+02
  -5.4817304e+01
  -2.3943011e+02
  -2.8951196e+01
  -1.5422448e+02
  -1.1213783e+02
  -1.6680401e+02
  -9.1165256e+01
  -2.0438982e+02
  -1.9218063e+02
  -2.1387556e+02
  -2.4593031e+02
  -1.6895537e+02
  -2.7846641e+02
  -1.9194207e+02
  -1.2832069e+02
  -1.3717537e+02
  -7.7273750e+01
  -1.7314536e+02
  -1.9886551e+02
  -2.2325906e+02
  -1.4238989e+02
  -7.0562394e+01
  -1.0833507e+02
  -1.8574701e+02
  -1.8162364e+02
  -1.6925032e+02
  -1.4307692e+02
  -3.1178945e+02
  -2.8832139e+02
  -1.5015837e+02
  -1.9406585e+02
  -2.3743151e+02
  -1.3124699e+02
  -1.4975623e+02
  -2.2245452e+02
  -1.3882635e+02
  -1.2965049e+02
  -3.6111156e+01
  -1.9708945e+02
  -2.5502870e+01
   9.1123114e+00
  -1.1106598e+02
  -3.1686192e+02
  -1.6020482e+02
  -1.7420513e+02
  -2.1294400e+02
  -1.7781720e+02
  -1.4310252e+02
  -1.9941200e+02
  -2.2005788e+02
  -2.6409258e+02
  -1.4180717e+02
  -1.6775397e+02
  -2.2166406e+02
  -1.6330859e+02
  -1.2628978e+02
  -5.8932748e+01
  -1.6002877e+02
  -1.9540247e+02
  -2.2155359e+02
  -9.5993892e+01
  -2.1074279e+02
  -7.8497833e+01
  -7.6675037e+01
  -1.9845230e+02
  -2.8111934e+02
  -2.0198082e+02
  -2.2167222e+02
  -1.0062208e+02
  -1.9916573e+02
  -3.5941704e+01
   3.7766803e+00
  -1.6773401e+02
  -9.0310572e+01
  -3.7181803e+01
  -1.9300742e+02
  -8.6440279e+01
  -8.6559213e+01
  -5.9319490e+01
  -1.1139546e+02
  -2.9968957e+02
  -2.7697633e+02
  -2.1218053e+02
  -1.5277150e+02
  -2.5770365e+02
  -2.1918620e+02
  -1.6342963e+02
  -3.0752700e+02
  -2.6344609e+02
  -1.5437636e+02
  -1.1707928e+02
  -6.3881059e+01
  -9.1391088e+01
  -4.2350272e+01
  -1.0165892e+02
  -2.1636775e+02
  -1.5445188e+02
  -1.5289607e+02
  -1.4538474e+02
  -2.6683470e+02
  -3.3032014e+02
   4.3519735e+00
  -1.4321491e+02
  -1.3915179e+02
  -1.4737278e+02
  -4.4112025e+02
  -3.6318454e+02
  -2.0179726e+02
  -2.3548358e+01
  -1.3673185e+02
  -3.7473070e+02
  -2.2698560e+02
  -5.9621029e+01
  -4.2892646e+02
  -2.6706472e+02
  -3.0574785e+02
  -1.7828689e+02
  -2.0859591e+02
  -1.8622879e+02
  -3.2550097e+02
  -2.1262575e+02
  -2.2358935e+02
  -2.3196054e+02
  -3.2534727e+02
  -1.7614265e+02
  -1.1606337e+02
  -1.5085708e+02
  -5.6129211e+00
  -1.3149345e+02
  -2.4538397e+02
  -1.9109436e+02
  -2.3332467e+02
  -1.9401805e+02
  -2.6590476e+02
  -6.9648880e+01
  -2.9011493e+02
  -1.7258184e+02
  -2.4830588e+02
  -1.6352749e+02
  -1.2832779e+02
  -3.8061528e+02
  -2.5528136e+02
  -3.0312041e+02
  -2.8156206e+02
  -2.1284391e+02
  -1.7136564e+02
  -2.0304934e+02
  -1.8779543e+02
  -4.4175967e+02
  -2.3197899e+02
  -2.5166452e+02
  -1.2545261e+02
  -3.1628457e+02
  -1.4842747e+02
  -3.0463199e+02
  -2.9283650e+02
  -2.8212155e+02
  -2.1034664e+02
  -1.8824558e+02
  -2.4464979e+02
  -1.3732550e+02
  -2.7374443e+02
  -2.2341251e+02
  -2.4403225e+02
  -2.0890317e+02
  -2.4097341e+02
  -1.6903762e+02
  -2.1053270e+02
  -3.3548290e+02
  -1.9388015e+02
  -2.5189449e+02
  -2.0778951e+02
  -1.8266417e+02
  -4.4955663e+01
  -8.4098974e+01
  -3.1022886e+02
  -2.2267369e+02
  -6.6686048e+01
  -1.1860777e+02
  -1.7987765e+02
  -1.0431440e+02
  -8.6822974e+01
  -1.8741899e+02
  -2.4417085e+02
  -2.7572161e+02
  -2.1841504e+02
   2.1352664e+01
  -3.0413006e+02
  -2.0220524e+02
  -1.9594041e+02
  -5.4073107e+01
  -1.9282695e+02
  -7.6459998e+01
  -2.0623920e+02
  -1.0518445e+02
  -2.1018498e+02
  -3.3208223e+02
  -2.5095142e+02
  -1.9890300e+02
  -1.2223390e+02
  -1.3673473e+02
  -1.5031687e+02
  -2.4551400e+02
  -1.1697221e+02
  -2.1534074e+02
  -3.7870419e+02
  -1.7798981e+02
  -1.5531379e+02
  -2.1401864e+02
  -6.6681127e+01
  -1.9475954e+02
  -2.3890459e+02
  -1.8600646e+02
  -2.9322816e+02
  -2.3784643e+01
  -3.1348056e+02
  -2.7231005e+02
  -4.0737452e+01
  -1.4342058e+02
  -2.4963689e+02
  -4.0892215e+01
  -1.3764007e+02
  -1.0184352e+02
  -1.1497743e+02
  -2.1455083e+02
  -1.4447489e+02
  -1.3212233e+02
  -1.1703521e+02
  -1.5076244e+02
  -1.9459585e+02
  -1.8494724e+02
  -1.7958328e+02
  -2.1593409e+02
  -1.7010867e+02
  -1.4503807e+02
  -2.3703316e+02
  -1.3475107e+02
  -2.1456661e+02
  -1.0226137e+02
  -1.1753384e+02
  -1.6723882e+02
  -2.4379039e+02
  -1.5067161e+02
  -2.0280748e+02
  -8.7838330e-01
  -2.3714101e+02
  -2.4666029e+02
  -2.1732239e+02
  -2.1439496e+02
  -7.0797972e+01
  -1.3900131e+02
  -7.5361574e+01
  -1.5969449e+02
  -3.0547258e+02
  -2.8307971e+02
  -2.3671248e+02
  -2.2961888e+02
  -4.9327813e+01
  -2.8143991e+02
  -2.7526876e+02
  -1.6630108e+02
  -1.4406470e+02
  -1.7859767e+02
  -3.2053229e+02
  -1.7296616e+02
  -2.6114731e+02
  -2.3461392e+02
  -3.3762148e+01
  -1.7645313e+02
  -1.5977624e+02
  -2.8835656e+02
  -1.8068131e+02
  -7.5492975e+00
  -3.2782758e+02
  -1.7316438e+02
  -2.6473062e+02
  -2.3744235e+02
  -1.9338094e+02
  -1.3104753e+02
  -1.9141067e+02
  -2.5687682e+02
  -3.0729147e+02
  -2.1132377e+02
  -1.1622329e+02
  -2.2431738e+02
  -2.1291294e+02
  -2.3620336e+02
  -2.1153675e+02
  -1.9795983e+02
  -3.1272636e+02
  -2.0563047e+02
  -2.4403856e+02
  -1.9431388e+02
  -9.5622240e+01
  -2.7509091e+02
  -1.2081409e+02
  -1.8831321e+02
  -2.3377195e+02
  -1.5187768e+02
  -1.8376836e+02
  -2.1020698e+02
  -1.1419300e+02
  -1.4815702e+02
  -1.0251020e+02
  -2.6608334e+02
  -7.4375855e+01
  -1.6235674e+02
  -2.0875643e+02
  -1.6215573e+02
  -5.3762748e+01
  -2.4324130e+02
  -2.2343185e+02
  -3.7428031e+01
  -2.4038938e+02
  -1.4828037e+02
  -1.0334639e+02
  -1.3462640e+02
  -3.3830200e+02
  -8.0915176e+01
  -3.0487596e+02
  -2.7278480e+02
  -1.0057345e+02
  -2.5962182e+02
  -2.1224160e+02
  -1.5938405e+02
  -2.4135143e+02
  -2.1294512e+02
  -1.8309322e+02
  -1.5011079e+02
  -2.2188225e+02
  -1.3507557e+02
  -1.6088483e+02
  -2.3818087e+02
  -1.6812589e+02
  -1.4895315e+02
  -2.9548567e+02
  -1.3414432e+02
  -1.7506216e+02
  -1.2401457e+02
  -2.4797762e+02
  -1.5108653e+02
  -1.8776290e+02
  -2.9762378e+02
  -1.7578796e+02
  -1.9957855e+02
  -2.5027994e+02
  -2.2110633e+02
  -2.7295843e+01
  -1.8911549e+02
  -1.7157066e+02
  -8.4099697e+01
  -2.8910358e+02
  -2.1140682e+02
  -2.8552347e+02
  -3.1634647e+02
  -1.0199963e+02
  -7.4628271e+01
  -1.4126695e+02
  -1.4987225e+02
  -8.0731243e+01
  -1.2710355e+02
  -3.5430166e+02
  -2.6614158e+02
  -2.0728191e+02
  -2.2284054e+02
  -3.2038393e+02
  -1.0621194e+02
  -2.0342470e+02
  -1.0452677e+02
  -2.2630907e+02
  -1.1789171e+02
  -1.7205455e+02
  -2.5496912e+02
  -6.6599958e+01
  -1.2781149e+02
  -1.3322588e+02
  -2.4372984e+02
  -2.4051360e+02
  -1.8822698e+02
  -5.2898466e+01
  -1.6787711e+02
  -1.9703677e+02
  -8.9365907e+01
  -3.7138812e+02
  -9.6401226e+01
  -2.2778600e+02
  -2.2480935e+02
  -1.3553873e+02
  -1.1170392e+02
  -3.1727568e+01
  -9.8951335e+01
  -1.0632253e+02
  -2.4788927e+02
  -2.9926597e+02
  -1.4876954e+02
  -2.0658616e+02
  -2.4173979e+02
  -9.1656971e+01
  -2.0552205e+02
  -2.3444615e+02
  -8.2742385e+01
  -3.2578997e+02
  -2.2983472e+02
  -1.4222702e+02
  -1.6638890e+02
  -1.2385687e+02
  -1.0149498e+02
  -2.0123322e+02
  -1.1717270e+02
  -1.4816787e+02
  -1.7336809e+02
  -1.6231367e+02
  -6.1335139e+01
  -6.8367698e+01
  -1.5874757e+02
  -2.8679486e+02
  -2.6951854e+02
  -3.2646500e+02
  -3.1013402e+02
  -2.2889219e+02
  -2.3723398e+02
  -2.0018143e+02
  -2.2724446e+02
  -1.0621115e+02
  -1.4322226e+02
  -1.5094186e+02
  -1.5962673e+02
  -2.8535961e+02
  -2.6679274e+02
  -2.7051313e+02
  -8.1937721e+01
  -1.3626022e+02
  -3.2620938e+02
  -1.2969599e+02
  -2.5995727e+02
  -2.3632463e+02
  -2.4038502e+02
  -2.1888382e+02
  -2.1165721e+02
  -3.0981301e+02
  -8.0924609e+01
  -5.5455219e+01
  -1.5849748e+02
  -1.8862090e+02
  -8.6008351e+01
  -2.5329018e+02
  -2.0784780e+02
  -2.1710624e+02
  -8.3889981e+01
  -2.8199981e+02
  -1.0642463e+02
  -2.3035283e+02
  -2.0944332e+02
  -3.0300714e+02
  -3.2888323e+02
  -4.5794103e+02
  -1.9609803e+02
  -1.6447719e+02
  -1.7608537e+02
  -5.4271946e+01
  -1.1527627e+02
  -1.0205349e+02
  -2.8093662e+02
  -8.4661214e+01
  -1.3936716e+02
  -1.8373922e+01
  -1.2859964e+02
  -2.8958215e+02
  -2.2078930e+02
  -2.3046470e+02
  -8.4036620e+01
  -5.5098803e+01
  -9.8166492e+01
  -2.2396685e+02
  -1.0981933e+02
  -1.9617682e+02
  -4.8130545e+01
  -2.6201025e+02
  -4.2098219e+01
  -3.2615368e+02
  -1.7714591e+02
  -2.1386288e+02
  -2.3497903e+02
  -2.3480673e+02
  -1.4267641e+01
  -1.0109252e+02
   2.8573495e+00
  -9.3046533e+01
  -8.9888224e+01
  -8.9546010e+01
  -1.3921664e+02
  -1.5579516e+02
  -1.5745646e+02
  -2.2191591e+02
  -2.0268445e+02
  -1.5049706e+01
  -2.9188588e+01
  -8.3548336e+00
  -7.0552215e+01
  -4.8519233e+01
  -3.2281277e+01
  -2.6612579e+02
  -1.0522127e+02
  -1.1263218e+02
   4.2121579e+01
  -2.9114471e+02
  -8.2048129e+01
  -1.7094824e+02
  -2.3352184e+02
  -6.3846250e+01
  -6.1341496e+01
  -1.5754364e+02
  -9.4584084e+01
  -1.9493262e+02
  -5.3229005e+01
  -2.4468169e+02
  -2.6256174e+02
  -1.3641085e+02
  -5.3900722e+01
  -3.2653527e+01
  -6.2649113e+01
   2.7103604e+01
  -7.4620275e+01
  -1.7170444e+02
  -2.3831941e+02
  -2.4255383e+02
  -1.5471893e+02
  -1.3434183e+02
  -1.5745047e+02
  -1.7445664e+02
  -2.8093344e+02
  -1.1002001e+02
  -1.0425819e+02
  -2.6312006e+02
  -1.8028761e+02
  -1.8106190e+02
  -1.1702139e+02
  -1.9842119e+02
  -1.4399431e+02
  -7.9705037e+01
  -2.1059013e+02
  -8.1527388e+01
  -1.7425630e+02
  -1.7059024e+02
  -5.2533093e+01
  -2.6448912e+02
   3.0853175e+01
  -2.4943158e+02
  -7.7245429e+01
  -1.8169624e+02
  -5.1818872e+01
  -1.1587582e+02
  -4.2818666e+01
  -4.4985116e+01
  -1.2001765e+02
  -3.3480848e+02
  -6.0526118e+01
  -2.1315258e+02
  -2.0239684e+02
  -7.7409251e+01
  -1.0323082e+02
  -1.2733356e+02
  -6.9981891e+01
  -1.2349647e+02
  -1.6009375e+02
  -1.9688790e+02
  -2.1128199e+02
  -1.4358509e+02
  -1.6811223e+01
  -2.0297936e+02
  -7.6147570e+01
  -1.8348495e+02
  -1.3925165e+02
  -4.4405876e+01
  -1.4491555e+02
   5.5092023e+01
  -1.1536485e+02
  -7.1095322e+01
  -1.3301096e+02
  -2.5660798e+02
  -2.3866717e+02
  -7.7160301e+01
  -2.1871991e+02
  -2.6519905e+01
  -3.1923928e+02
  -9.0289330e+01
   3.2544501e+01
  -7.8993334e+01
  -1.2360244e+02
  -9.9073218e+01
  -1.9077814e+02
  -1.8130934e+02
  -1.7014983e+02
  -1.7521316e+02
  -1.9631375e+02
  -1.8610952e+02
  -2.7763218e+01
  -2.6862158e+02
  -9.0654145e+01
  -2.5293198e+02
  -3.7550929e+01
  -2.0033353e+02
  -1.9512106e+02
  -2.6793405e+02
  -1.2351859e+02
  -1.6326405e+02
  -3.3442103e+02
  -1.8218149e+02
  -1.1504471e+02
  -2.1006290e+02
  -1.9973008e+02
  -1.2978112e+02
  -3.1799962e+02
  -1.4234869e+02
  -2.1753615e+02
  -1.5673703e+02
  -3.2672981e+02
  -1.5807669e+02
  -3.3775362e+02
  -2.3626060e+02
  -2.2689889e+02
  -2.2678768e+02
  -2.2450179e+02
  -3.4257482e+02
  -2.9180957e+02
  -3.3104763e+02
  -3.6852952e+02
  -2.1772789e+02
  -3.0633248e+02
  -3.5544977e+02
  -2.6906161e+02
  -1.8803527e+02
  -2.2011495e+02
  -2.9816219e+02
  -1.8342735e+02
  -3.8040054e+02
  -4.1421725e+02
  -3.2240972e+02
  -3.2985249e+02
  -3.1221834e+02
  -4.3277932e+02
  -3.6788209e+02
  -2.7140266e+02
  -3.4299677e+02
  -3.6644780e+02
  -3.9908910e+02
  -5.2298294e+02
  -1.8241756e+02
  -4.2060981e+02
  -1.7530845e+02
  -4.0424293e+02
  -3.1448975e+02
  -4.9779111e+02
  -4.5978761e+02
  -3.9360117e+02
  -3.8410876e+02
  -3.7782949e+02
  -6.5016259e+02
  -5.0600017e+02
  -4.4925117e+02
  -3.0336256e+02
  -4.7349515e+02
  -2.2550694e+02
  -2.9258504e+02
  -3.5618783e+02
  -2.4595851e+02
  -4.2410858e+02
  -2.7060365e+02
  -2.9193635e+02
  -4.2882600e+02
  -3.4133788e+02
  -4.7003049e+02
  -4.7171116e+02
  -5.2619995e+02
  -3.9642042e+02
  -3.3534222e+02
  -4.5908652e+02
  -4.1711739e+02
  -3.8528790e+02
  -2.5806457e+02
  -5.1251117e+02
  -3.3879084e+02
  -5.5758745e+02
  -5.2442072e+02
  -6.1416768e+02
  -4.8509252e+02
  -5.3129383e+02
  -5.5333734e+02
  -4.5998260e+02
  -4.3849652e+02
  -4.3239563e+02
  -4.0738164e+02
  -5.9138280e+02
  -2.4976677e+02
  -4.6070610e+02
  -3.9437361e+02
  -3.5113116e+02
  -5.0454519e+02
  -3.5610038e+02
  -3.0438223e+02
  -3.9347127e+02
  -5.4833938e+02
  -5.2450558e+02
  -3.7028315e+02
  -4.4861554e+02
  -4.5999054e+02
  -4.2820079e+02
  -5.3789896e+02
  -4.2228284e+02
  -2.2151897e+02
  -4.2429816e+02
  -4.1322750e+02
  -3.4146150e+02
  -4.1232022e+02
  -3.3538709e+02
  -3.9228367e+02
  -2.7808000e+02
  -3.6603503e+02
  -3.5117229e+02
  -2.5990250e+02
  -3.3303181e+02
  -2.7691221e+02
  -3.9472898e+02
  -2.5783438e+02
  -4.1699574e+02
  -3.4227896e+02
  -1.9667640e+02
  -4.5162855e+02
  -4.9049258e+02
  -3.0304188e+02
  -1.8832880e+02
  -1.7221753e+02
  -4.1552772e+02
  -3.5679982e+02
  -3.0639718e+02
  -4.4080157e+02
  -3.4435231e+02
  -3.9314753e+02
  -4.2402347e+02
  -4.1137700e+02
  -2.8797725e+02
  -2.8193810e+02
  -3.2848378e+02
  -2.2916212e+02
  -2.7455883e+02
  -4.6768527e+02
  -3.0425891e+02
  -3.2672971e+02
  -1.7790306e+02
  -2.9915169e+02
  -2.8048147e+02
  -3.2231255e+02
  -3.2782267e+02
  -4.3132841e+02
  -2.9067490e+02
  -4.0292558e+02
  -2.3026937e+02
  -2.8493728e+02
  -1.7519564e+02
  -3.7543992e+02
  -2.3067486e+02
  -2.1850653e+02
  -3.8435648e+02
  -2.8254266e+02
  -1.9167571e+02
  -3.1610657e+02
  -4.5228027e+02
  -2.9741262e+02
  -1.8357698e+02
  -2.5809386e+02
  -3.1675557e+02
  -4.3703695e+02
  -2.5972383e+02
  -2.3791160e+02
  -3.3179979e+02
  -3.5126061e+02
  -3.2146591e+02
  -2.5328491e+02
  -1.8008416e+02
  -2.6824095e+02
  -2.8889374e+02
  -2.1239337e+02
  -2.7798957e+02
  -3.6486308e+02
  -2.1630062e+02
  -2.7623216e+02
  -3.3038435e+02
  -1.0888861e+02
  -2.3056424e+02
  -1.7922499e+02
  -2.7659965e+02
  -3.7703668e+02
  -2.9300562e+02
  -3.4506939e+02
  -2.8743190e+02
  -3.5032785e+02
  -2.8641878e+02
  -2.7774281e+02
  -2.0918163e+02
  -2.8828835e+02
  -1.8290032e+02
  -2.3100689e+02
  -3.3615845e+02
  -2.3168754e+02
  -2.1987440e+02
  -3.3517785e+02
  -2.2890104e+02
  -7.9276707e+01
  -2.0067447e+02
  -9.0119806e+01
  -1.2174835e+02
  -1.1823120e+02
  -3.0457524e+02
  -2.9001527e+02
  -2.1337271e+01
  -1.3856035e+02
  -1.7298499e+02
  -4.3273643e+02
   2.2978242e+01
  -2.1491989e+02
  -6.7774905e+01
  -2.6767363e+02
  -1.1567211e+02
  -1.3904142e+02
   7.5719281e+00
  -2.5360514e+02
  -2.5947903e+02
  -2.6942821e+02
  -2.7661166e+02
  -2.1248925e+02
  -1.0648862e+02
  -1.4912957e+02
  -3.2333019e+02
  -1.3961110e+02
  -2.8171744e+02
  -2.2476239e+02
  -1.0632707e+02
  -1.9297924e+02
  -2.2319016e+02
  -8.5364043e+01
  -2.3399276e+02
  -1.4638441e+02
  -2.0357924e+02
  -2.0654054e+02
  -1.6580623e+02
  -1.1046267e+02
  -2.0856593e+02
  -2.6249558e+02
  -3.2822241e+02
  -2.2277750e+02
  -1.5468165e+02
  -2.0267933e+02
  -4.0171383e+01
  -4.6549319e+02
  -2.6540366e+02
  -1.0766080e+02
  -2.0367967e+02
  -1.9842179e+02
  -1.0909303e+02
  -1.4665115e+02
   9.9671959e+01
  -2.6228198e+02
  -2.1458014e+02
  -2.8194573e+02
  -1.4226128e+01
  -1.7255822e+02
  -1.7540881e+02
  -2.0771071e+02
  -2.3430361e+02
  -1.1331637e+02
  -2.0706516e+02
  -2.0731832e+02
  -9.4868919e+01
  -1.0142832e+02
  -1.0926787e+02
   3.3174481e+01
  -2.1073797e+02
  -1.8747238e+02
  -2.3885898e+02
  -2.2813018e+02
  -1.9316667e+02
  -8.6443429e+01
  -1.5587685e+02
  -2.7475023e+02
  -1.2392711e+02
  -1.6432001e+02
  -1.6145305e+02
  -2.5616713e+02
  -2.1717794e+02
  -2.3426762e+02
  -8.6745130e+01
  -9.0688920e+01
  -1.4731344e+02
  -1.0990871e+02
  -9.0725966e+01
  -1.5166084e+02
  -2.4391029e+02
  -1.7807697e+02
   4.2833119e+01
  -8.5265429e+01
  -3.1633866e+02
  -6.0148819e+01
  -2.7056598e+02
  -1.2151938e+02
  -2.2394857e+02
  -1.1752055e+02
   5.6523274e+01
   1.7706002e+01
  -1.6250653e+02
  -1.2461295e+02
  -1.0313357e+02
  -1.6148252e+02
  -2.8077550e+02
  -1.6077414e+02
  -1.8445907e+02
  -8.6333424e+01
  -1.6243197e+02
  -3.4828760e+01
  -5.0650286e+01
  -1.1462627e+02
  -1.5807146e+02
  -1.4107854e+02
  -7.9046742e+01
  -1.0695411e+00
  -1.2469604e+02
   3.4538489e+01
   7.1190454e+00
  -1.4325806e+02
  -8.5445368e+01
  -1.8778750e+02
  -1.5293479e+02
  -2.3780662e+00
  -8.4898303e+01
  -1.5807862e+02
  -1.5082580e+02
   6.5652677e+00
  -2.6445990e+02
  -1.8171415e+02
  -1.9633526e+02
  -1.6417151e+02
  -1.8147608e+02
  -8.1957589e+01
  -3.1698039e+02
  -1.5279212e+02
  -2.7987946e+02
   3.4124410e+01
  -1.5073845e+02
  -9.9578259e+01
  -1.8210574e+02
  -1.6459957e+01
  -1.5453217e+02
  -2.2785504e+02
  -1.6251389e+02
  -3.0845442e+02
  -1.4812732e+02
  -1.9260045e+01
  -2.2505271e+02
  -1.8831080e+02
  -2.2990960e+02
  -5.2613941e+01
  -1.4458042e+02
  -5.9241363e+01
  -2.4512551e+02
  -2.4635189e+01
  -1.5001145e+02
   2.2464290e+01
  -1.4426058e+01
  -7.3582406e+01
  -1.2902291e+02
  -2.4407855e+02
  -6.9311815e-01
  -1.1206272e+02
  -2.1601968e+02
  -4.8345268e+00
  -1.4882392e+02
  -2.4004811e+02
  -6.3817962e+01
  -2.6940534e+02
  -1.1560750e+02
  -1.7262990e+02
  -1.7427999e+02
  -1.1599332e+02
  -1.8104065e+02
  -1.4708042e+02
  -2.7278212e+02
  -9.5839501e+01
  -2.7061129e+02
  -1.4583725e+02
  -2.1912996e+02
  -2.0762108e+02
  -2.8330391e+02
  -2.5887075e+02
  -1.3960468e+02
  -3.7480084e+02
  -2.1208112e+02
  -1.8428683e+02
  -8.9949124e+01
  -3.1150032e+02
  -1.7177242e+02
  -1.9346487e+02
  -1.6733730e+02
  -2.5044972e+02
  -1.6507326e+02
  -1.5538550e+02
  -2.5597364e+02
  -3.0794195e+01
  -3.3108072e+02
  -2.6295956e+02
  -2.3948210e+02
  -2.5498024e+02
  -9.8724156e+01
  -5.6291828e+01
  -2.8058798e+02
  -1.6801549e+02
  -3.7774248e+02
  -1.5381081e+02
  -5.0029769e+01
  -1.9181651e+02
  -1.7827702e+02
  -2.4694248e+02
  -2.4575319e+02
  -7.5379766e+01
  -2.0116396e+02
  -1.1877181e+02
  -3.1671690e+02
  -2.8186565e+02
  -2.5749084e+02
  -3.7404565e+02
  -3.2044604e+02
  -1.0040325e+02
  -2.4610644e+02
  -2.3126790e+02
  -2.9555462e+02
  -2.8575210e+02
  -3.4905455e+02
  -3.0074626e+02
  -2.0735201e+02
  -1.8001485e+02
  -1.6718879e+02
  -3.3946505e+02
  -1.8877145e+02
  -2.8275617e+02
  -5.1068461e+02
  -2.0154398e+02
  -1.2829457e+02
  -1.9635239e+02
  -3.0543317e+02
  -1.9358770e+02
  -2.9604318e+02
  -3.5892487e+02
  -3.4886283e+02
  -2.4919232e+01
  -3.2334652e+02
  -2.3380233e+02
  -2.4205783e+02
  -1.6277872e+02
  -2.9269350e+02
  -2.7573758e+02
  -3.2680065e+02
  -3.5667458e+02
  -2.4279195e+02
  -1.2359089e+02
  -2.2086255e+02
  -1.2372897e+02
  -2.6280100e+02
  -1.9295675e+02
  -2.6637254e+02
  -3.2513939e+02
  -3.4797117e+02
  -3.8867529e+02
  -2.4109496e+02
  -3.4295032e+02
  -3.4264656e+02
  -4.4266462e+02
  -1.6923870e+02
  -3.7414966e+02
  -4.2178702e+02
  -3.1768003e+02
  -2.8601128e+02
  -2.2760815e+02
  -3.0331564e+02
  -2.5012628e+02
  -5.5328399e+02
  -2.1156360e+02
  -3.5856303e+02
  -3.6120255e+02
  -3.5636486e+02
  -2.5424154e+02
  -1.6351110e+02
  -3.4597450e+02
  -3.3284743e+02
  -3.0034601e+02
  -3.3730223e+02
  -3.2965420e+02
  -3.1128243e+02
  -2.8664272e+02
  -4.0584493e+02
  -2.8543041e+02
  -3.2966349e+02
  -3.7037668e+02
  -3.3495998e+02
  -4.6798971e+02
  -3.0165482e+02
  -2.7215123e+02
  -3.7847152e+02
  -3.6669545e+02
  -4.3479115e+02
  -3.3816089e+02
  -5.1652255e+02
  -4.7984043e+02
  -3.2866125e+02
  -4.0646971e+02
  -4.1499456e+02
  -4.3074511e+02
  -7.7414472e+01
  -3.3668639e+02
  -2.1671922e+02
  -4.6340083e+02
  -4.6073861e+02
  -4.7151682e+02
  -3.8722219e+02
  -4.6358640e+02
  -4.4488502e+02
  -3.6299717e+02
  -4.4348905e+02
  -4.0364773e+02
  -4.1029862e+02
  -3.8135729e+02
  -4.9896781e+02
  -4.2748038e+02
  -5.0271482e+02
  -4.7410419e+02
  -4.3778476e+02
  -6.5222648e+02
  -4.4033068e+02
  -3.5428563e+02
  -5.8098515e+02
  -4.9798456e+02
  -4.8530327e+02
  -7.2619748e+02
  -6.1928124e+02
  -5.7380974e+02
  -4.9698115e+02
  -3.1787640e+02
  -3.9287628e+02
  -3.6439328e+02
  -4.7059774e+02
  -6.1202284e+02
  -4.4464354e+02
  -6.5733453e+02
  -3.8613556e+02
  -5.1030651e+02
  -4.9218036e+02
  -4.0881935e+02
  -5.6607725e+02
  -7.1965653e+02
  -5.3755044e+02
  -7.9201075e+02
  -4.0324888e+02
  -6.3547695e+02
  -5.7331379e+02
  -4.8071672e+02
  -2.8455827e+02
  -5.1345538e+02
  -4.8806081e+02
  -5.0003687e+02
  -5.1596501e+02
  -4.0812486e+02
  -3.4883985e+02
  -4.0207062e+02
  -5.9144285e+02
  -5.2612526e+02
  -5.5084947e+02
  -4.9473973e+02
  -5.9221739e+02
  -4.9595798e+02
  -3.5210717e+02
  -4.4130762e+02
  -3.9404058e+02
  -2.4660397e+02
  -2.9792059e+02
  -4.7243245e+02
  -3.8589085e+02
  -3.7468215e+02
  -3.2825600e+02
  -4.0240412e+02
  -3.4922558e+02
  -2.9195642e+02
  -3.7412207e+02
  -2.7530809e+02
  -5.1841399e+02
  -3.2427498e+02
  -4.5092597e+02
  -2.7317350e+02
  -6.3428314e+02
  -4.2259234e+02
  -4.3594864e+02
  -5.1803229e+02
  -5.2904546e+02
  -4.3669565e+02
  -5.2769509e+02
  -5.2941937e+02
  -5.8703936e+02
  -4.3450326e+02
  -3.3180128e+02
  -5.0999299e+02
  -4.4791785e+02
  -3.2713280e+02
  -4.2225087e+02
  -5.2992595e+02
  -4.6425555e+02
  -4.6426946e+02
  -4.1942239e+02
  -3.4694328e+02
  -4.3622098e+02
  -5.5186836e+02
  -3.6947138e+02
  -4.7299966e+02
  -2.7546187e+02
  -3.6613974e+02
  -3.4812774e+02
  -2.8505031e+02
  -5.1734068e+02
  -3.7029661e+02
  -3.5347830e+02
  -3.5331367e+02
  -4.4574000e+02
  -3.0837098e+02
  -3.0680526e+02
  -2.5021230e+02
  -4.9355340e+02
  -3.0201717e+02
  -3.0880165e+02
  -4.4946065e+02
  -1.9502984e+02
  -2.4253565e+02
  -3.2154602e+02
  -3.3312261e+02
  -3.6100661e+02
  -3.1423470e+02
  -3.6545429e+02
  -4.7120734e+02
  -2.5813770e+02
  -4.1108046e+02
  -3.8401747e+02
  -5.1132336e+02
  -2.6143543e+02
  -4.8769124e+02
  -2.8037988e+02
  -4.0279256e+02
  -3.2344225e+02
  -3.6435452e+02
  -2.7214135e+02
  -3.3560938e+02
  -2.6704179e+02
  -4.0479501e+02
  -3.2359300e+02
  -4.1896784e+02
  -3.6831341e+02
  -1.9482827e+02
  -2.2322127e+02
  -4.4289421e+02
  -3.5047366e+02
  -2.3465836e+02
  -3.4101622e+02
  -3.7754723e+02
  -2.5380420e+02
  -3.9768303e+02
  -2.8449096e+02
  -3.3069220e+02
  -3.4162752e+02
  -2.6050737e+02
  -2.9075495e+02
  -4.1043096e+02
  -4.3420548e+02
  -2.8956271e+02
  -1.7615936e+02
  -1.7487307e+02
  -2.0632444e+02
  -3.0941584e+02
  -4.0838083e+02
  -2.9669020e+02
  -3.3254636e+02
  -4.3727233e+02
  -2.8959924e+02
  -3.3227272e+02
  -2.3668522e+02
  -3.4049759e+02
  -3.3032682e+02
  -4.7025096e+02
  -2.5214100e+02
  -2.6287948e+02
  -4.6393116e+02
  -2.9651273e+02
  -4.0205328e+02
  -2.4966669e+02
  -4.1747735e+02
  -4.5865197e+02
  -4.6840480e+02
  -3.3477238e+02
  -3.0910485e+02
  -1.5456416e+02
  -3.6441804e+02
  -4.3288504e+02
  -3.9201668e+02
  -3.2447164e+02
  -3.0103830e+02
  -2.7489943e+02
  -1.2086570e+02
  -4.5878771e+02
  -3.5522860e+02
  -2.1699502e+02
  -4.2457308e+02
  -2.5623688e+02
  -3.4201764e+02
  -3.0001972e+02
  -3.6234352e+02
  -3.2532226e+02
  -1.2490489e+02
  -3.5167186e+02
  -3.3602350e+02
  -4.7798542e+02
  -2.7938113e+02
  -1.0364552e+02
  -4.4908273e+02
  -3.4505150e+02
  -2.5179158e+02
  -3.2252003e+02
  -4.7293765e+02
  -3.0779928e+02
  -3.6885493e+02
  -4.8450607e+02
  -2.1053838e+02
  -3.8417973e+02
  -3.3843400e+02
  -4.0006287e+02
  -3.8756887e+02
  -3.2169759e+02
  -3.0938317e+02
  -3.9447724e+02
  -3.5736684e+02
  -3.8824613e+02
  -4.4974466e+02
  -5.6915305e+02
  -5.0139026e+02
  -4.2807313e+02
  -3.5242089e+02
  -4.1909494e+02
  -4.4439117e+02
  -4.3210327e+02
  -3.8224293e+02
  -5.6475669e+02
  -6.5428050e+02
  -2.8108974e+02
  -5.5443139e+02
  -3.8539540e+02
  -3.2958859e+02
  -4.7358198e+02
  -5.7032924e+02
  -4.3500943e+02
  -4.7059159e+02
  -3.9795181e+02
  -4.8618095e+02
  -5.1086535e+02
  -4.6926615e+02
  -4.8515975e+02
  -4.6531650e+02
  -5.7166252e+02
  -4.0472289e+02
  -5.3271552e+02
  -5.0363130e+02
  -4.4618265e+02
  -6.7716443e+02
  -4.7346097e+02
  -4.8738838e+02
  -5.2085002e+02
  -6.1073434e+02
  -5.5994046e+02
  -5.4150108e+02
  -6.7554530e+02
  -6.5130846e+02
  -4.3459699e+02
  -5.0547415e+02
  -4.4700250e+02
  -5.0824466e+02
  -6.4261948e+02
  -6.0885864e+02
  -5.2335379e+02
  -3.4898760e+02
  -6.5859538e+02
  -7.3707914e+02
  -5.0770974e+02
  -5.5672294e+02
  -5.1680953e+02
  -7.4362699e+02
  -4.9266490e+02
  -6.2238241e+02
  -5.8113598e+02
  -5.9773977e+02
  -6.5019842e+02
  -8.5804628e+02
  -6.5842470e+02
  -6.5091555e+02
  -5.9476401e+02
  -6.5033242e+02
  -5.0841582e+02
  -8.1362054e+02
  -6.9216575e+02
  -6.2043899e+02
  -6.4934599e+02
  -6.9337147e+02
  -7.2241291e+02
  -7.0944742e+02
  -5.0224868e+02
  -6.7070299e+02
  -7.2861634e+02
  -6.1265376e+02
  -6.9905795e+02
  -5.5922578e+02
  -6.4265963e+02
  -5.1692178e+02
  -8.2606209e+02
  -6.4982887e+02
  -7.5456702e+02
  -6.6824262e+02
  -7.2964244e+02
  -6.1794016e+02
  -4.4712260e+02
  -7.0502171e+02
  -6.2795442e+02
  -5.7346844e+02
  -5.1862146e+02
  -5.2996391e+02
  -5.7113212e+02
  -6.4637171e+02
  -5.9600625e+02
  -4.8561657e+02
  -6.4661957e+02
  -6.9133765e+02
  -7.0712523e+02
  -7.2755682e+02
  -7.4854226e+02
  -5.6928862e+02
  -5.6636601e+02
  -4.4401658e+02
  -5.6004142e+02
  -5.0642233e+02
  -6.3504508e+02
  -5.2864844e+02
  -5.0730827e+02
  -4.9414791e+02
  -5.5810930e+02
  -4.7780076e+02
  -4.7789130e+02
  -6.2415147e+02
  -5.5946803e+02
  -4.9221047e+02
  -3.6807860e+02
  -5.0213901e+02
  -5.2144836e+02
  -5.5596822e+02
  -6.5155398e+02
  -4.4117153e+02
  -5.2125227e+02
  -5.7967810e+02
  -5.3312184e+02
  -5.2915382e+02
  -4.0368094e+02
  -5.4516446e+02
  -5.0224216e+02
  -4.1073583e+02
  -3.0542098e+02
  -4.9440145e+02
  -5.2415614e+02
  -4.2737366e+02
  -2.9363610e+02
  -3.4780436e+02
  -3.7153231e+02
  -3.3007776e+02
  -4.4402835e+02
  -3.5979806e+02
  -4.9851952e+02
  -4.1446119e+02
  -3.4307472e+02
  -4.3371008e+02
  -3.3806444e+02
  -3.6367968e+02
  -3.1743683e+02
  -3.1222652e+02
  -4.0805410e+02
  -2.4661610e+02
  -2.1779169e+02
  -1.8520614e+02
  -1.7127059e+02
  -2.8251953e+02
  -1.2763023e+02
  -2.1566749e+02
  -2.0804918e+02
  -3.5596173e+02
  -1.0395134e+02
  -4.9994440e+01
  -1.1356240e+02
  -1.2058623e+02
  -2.7180717e+02
  -1.3600159e+02
  -4.9307228e+01
  -1.8536842e+02
  -2.0946817e+02
  -2.2102679e+02
  -7.5808729e+01
  -1.9320097e+02
  -1.4310490e+02
  -3.0809737e+01
  -1.0522782e+02
   3.7673773e+01
  -1.5265179e+02
   2.0475276e+02
   2.7164149e+01
   3.5564957e+01
   9.7640447e+00
  -6.9079233e+00
  -2.9657026e+01
   2.0287815e+02
  -7.6210914e+01
   7.0391609e+01
  -1.3408013e+02
  -2.0731778e+02
   3.8166984e+00
   7.0563022e+01
  -5.7524938e+01
   7.3012252e+01
   1.0623272e+01
   1.6974836e+02
   5.0756728e+01
   3.4992622e+01
   2.0604281e+02
  -2.9689960e+01
   7.2599187e+01
   3.8982669e+01
   9.1669538e+01
  -3.2492198e+01
   7.5822231e+01
   2.3888225e+02
   8.2261879e+01
  -4.7991439e+00
   1.8062107e+02
   2.1578847e+02
   8.9468220e+01
   6.2377363e+01
   1.9004018e+02
   7.2407200e+00
   4.2109362e+02
   2.1196558e+01
   2.8356848e+02
   1.4598030e+02
   7.3103795e+01
   2.0337798e+02
   1.3312886e+02
   2.1063401e+02
   2.2819728e+02
   2.1681449e+02
   3.8219341e+02
   5.3551626e+02
   3.0345317e+02
   2.1651533e+02
   1.8357869e+02
   3.8775771e+02
   3.4457450e+02
   3.0656563e+02
   3.0899673e+02
   3.9683351e+02
   2.7709887e+02
   2.4668214e+02
   3.3195864e+02
   4.5789477e+02
   3.2229018e+02
   1.9710808e+02
   1.5012678e+02
   3.1731494e+02
   2.0312108e+02
   3.4785842e+02
   3.1340461e+02
   2.9601067e+02
   3.9968666e+02
   1.6948583e+02
   2.2726016e+02
   3.5664361e+02
   3.0064640e+02
   3.7783722e+02
   3.3091361e+02
   2.3555045e+02
   2.6529423e+02
   2.9869545e+02
   2.6320964e+02
   2.2472026e+02
   3.9325228e+02
   2.1812343e+02
   2.6086679e+02
   2.9981159e+02
   2.5837067e+02
   3.8221166e+02
   2.8900235e+02
   1.3107183e+02
   4.0825031e+02
   3.7504480e+02
   2.3453501e+02
   3.6493324e+02
   1.5263688e+02
   3.5588549e+02
   2.0690302e+02
   2.2312231e+02
   2.7332002e+02
   3.3200204e+02
   2.5399659e+02
   2.7416108e+02
   2.7034138e+02
   4.0483897e+02
   2.3759414e+02
   2.2256172e+02
   2.4435472e+02
   2.7986053e+02
   9.2703571e+01
   1.8136657e+02
   3.5122501e+02
   2.2222593e+02
   1.9880137e+02
   3.3747270e+02
   4.4703703e+02
   3.0287548e+02
   1.6909487e+02
   2.1253094e+02
   3.1474930e+02
   2.5434030e+02
   1.8620417e+02
   2.3863479e+02
   2.2962542e+02
   7.8278674e+01
   1.6725949e+02
   2.9027815e+02
   3.1227812e+02
   1.0130134e+02
   1.8431090e+02
   3.0062692e+02
   2.1665713e+02
   1.8765397e+02
   1.2262166e+02
   2.2447158e+02
   1.5841355e+02
   3.9932404e+02
   2.5842447e+02
   2.2486949e+02
   1.9896754e+02
   3.1167329e+02
   2.1388913e+02
   7.7728422e+01
   1.5667379e+02
   2.6572987e+02
   1.8707418e+02
   2.9035436e+02
   4.4455557e+00
   7.8231465e+01
   1.5920076e+02
   2.0396214e+02
   1.9608727e+02
   2.0684726e+02
   5.6912833e+01
   1.7108918e+02
   1.3356042e+02
   5.3270033e+01
   7.0875065e+01
  -5.2653931e+01
   8.3373247e+01
   1.1751027e+02
   9.5540648e+01
   1.5672092e+02
  -1.2629228e+01
  -7.7842308e+01
  -1.3163465e+02
  -4.6740162e+01
  -4.4695546e+01
  -1.3409827e+02
  -1.4092692e+02
   3.3082293e+01
  -1.3764169e+02
  -6.9968863e+01
  -4.6704137e+01
  -1.0538373e+02
  -7.3212443e+01
  -3.1017499e+02
  -3.0932988e+02
  -1.1749371e+02
  -2.1344150e+02
  -3.7747624e+02
  -3.3335113e+02
  -2.2731419e+02
  -1.8309097e+02
  -1.5380846e+02
  -1.9673953e+02
  -1.0920086e+02
  -9.8478107e+01
  -2.0113532e+02
  -2.9900996e+02
  -1.6333449e+02
  -2.7027851e+02
  -3.2908122e+01
  -1.8328341e+02
  -2.1654811e+02
  -1.0354216e+02
  -2.3221650e+02
  -2.6541720e+02
  -6.1616600e+01
  -1.9124903e+02
   1.3201967e+01
  -1.1359963e+02
  -3.0176742e+02
  -2.2376332e+02
  -1.8235509e+02
  -6.9108428e+01
  -3.3606643e+02
   3.3522793e+01
  -9.0296218e+01
  -2.0599223e+02
  -2.6427621e+02
  -3.9634812e+02
  -4.6583504e+02
  -2.3626625e+02
  -2.5975761e+02
  -3.3820180e+02
  -3.3788568e+02
  -4.2306530e+02
  -4.4888088e+02
  -3.0462506e+02
  -6.2919246e+02
  -3.3794846e+02
  -5.1788035e+02
  -4.5309724e+02
  -5.0660158e+02
  -6.2951806e+02
  -6.9385423e+02
  -7.6871279e+02
  -6.5776576e+02
  -8.6906340e+02
  -7.3688651e+02
  -6.3518643e+02
  -9.5815210e+02
  -8.9672549e+02
  -1.1265695e+03
  -1.0262721e+03
  -1.0520582e+03
  -1.1919852e+03
  -9.7982674e+02
  -1.1530932e+03
  -1.2336900e+03
  -1.2859526e+03
  -1.1797524e+03
  -1.3591343e+03
  -1.3970779e+03
  -1.2852410e+03
  -1.4868937e+03
  -1.4326288e+03
  -1.4570283e+03
  -1.5234025e+03
  -1.6111019e+03
  -1.6099373e+03
  -1.6942391e+03
  -1.6789915e+03
  -1.6093938e+03
  -1.8444753e+03
  -1.6801402e+03
  -1.8137190e+03
  -1.7863642e+03
  -1.8714227e+03
  -1.7797647e+03
  -1.7036988e+03
  -1.9001979e+03
  -1.7461316e+03
  -1.6511760e+03
  -1.8798660e+03
  -1.6637365e+03
  -1.7600772e+03
  -1.7492836e+03
  -1.8339430e+03
  -1.8191102e+03
  -1.7846358e+03
  -1.7748948e+03
  -1.7268594e+03
  -1.8466278e+03
  -1.9254842e+03
  -1.7643959e+03
  -1.7137576e+03
  -1.8409974e+03
  -1.9043194e+03
  -1.8038445e+03
  -1.9136639e+03
  -1.7985593e+03
  -1.7114885e+03
  -1.8854302e+03
  -1.7902092e+03
  -1.7321852e+03
  -1.7629706e+03
  -1.8535607e+03
  -1.7910593e+03
  -1.9117573e+03
  -1.6741145e+03
  -1.8045994e+03
  -1.7860152e+03
  -1.8544054e+03
  -1.7643862e+03
  -1.8328525e+03
  -1.7024883e+03
  -1.8932818e+03
  -1.6898526e+03
  -1.9257910e+03
  -1.7268208e+03
  -1.7823927e+03
  -1.7075040e+03
  -1.6728107e+03
  -1.6322070e+03
  -1.7978471e+03
  -1.7241393e+03
  -1.7470016e+03
  -1.7166859e+03
  -1.8081929e+03
  -1.8607794e+03
  -1.7837941e+03
  -1.7923439e+03
  -1.6626312e+03
  -1.8529843e+03
  -1.7765797e+03
  -1.7712506e+03
  -1.7242730e+03
  -1.8526466e+03
  -1.6691723e+03
  -1.8584050e+03
  -1.6786297e+03
  -1.8790907e+03
  -1.8323286e+03
  -1.7806266e+03
  -1.7832330e+03
  -1.7233191e+03
  -1.7303182e+03
  -1.7585901e+03
  -1.7889634e+03
  -1.8406457e+03
  -1.8789400e+03
  -1.5881397e+03
  -1.6042052e+03
  -1.8318330e+03
  -1.7913399e+03
  -1.9773088e+03
  -1.7136045e+03
  -1.7378919e+03
  -1.7304932e+03
  -1.9598746e+03
  -1.7929205e+03
  -1.7550216e+03
  -1.8066670e+03
  -1.8063893e+03
  -1.6276519e+03
  -1.7659212e+03
  -1.7994259e+03
  -1.7820341e+03
  -1.7107336e+03
  -1.7002390e+03
  -1.8662883e+03
  -1.9661851e+03
  -1.8680112e+03
  -1.7927945e+03
  -1.8790986e+03
  -1.7784692e+03
  -1.7143031e+03
  -1.9639740e+03
  -1.9318262e+03
  -1.9052934e+03
  -1.9237266e+03
  -1.7308826e+03
  -1.8137740e+03
  -1.9304425e+03
  -1.7830181e+03
  -1.6943859e+03
  -1.6511938e+03
  -1.8269393e+03
  -1.8251467e+03
  -1.9248272e+03
  -1.8444604e+03
  -1.7470304e+03
  -1.8115390e+03
  -1.7365060e+03
  -1.7647585e+03
  -1.7249593e+03
  -1.7111027e+03
  -1.7580625e+03
  -1.7020752e+03
  -1.5217493e+03
  -1.4700058e+03
  -1.4172795e+03
  -1.3529924e+03
  -1.1340311e+03
  -1.1066655e+03
  -9.8367510e+02
  -8.6439579e+02
  -9.1426456e+02
  -8.1214116e+02
  -8.6416817e+02
  -6.8747837e+02
  -4.7340732e+02
  -6.6613277e+02
  -5.9293903e+02
  -4.7304291e+02
  -3.1142548e+02
  -5.1260991e+02
  -1.4852086e+02
  -2.6337587e+02
  -1.8474526e+02
  -1.6970364e+02
  -1.4827285e+02
  -3.6646872e+01
  -2.0880162e+01
  -5.0913985e+01
   1.4713846e+01
  -1.1748931e+02
   1.4284786e+01
  -1.8242898e+02
   5.7523543e+01
  -1.7148784e+01
   1.1911680e+02
  -1.6075234e+02
   2.5521237e+02
   5.2107198e+01
   2.3596123e+01
  -9.4034830e+01
   5.3313280e+01
   8.1315036e+01
   1.1504305e+02
   3.5569183e+02
  -3.7018869e+01
  -5.0763513e+01
   6.1032259e+01
   7.4808148e+01
   1.1140359e+02
   1.8079528e+02
   2.6867166e+02
   1.2666598e+02
   2.6004664e+02
   1.8749894e+02
   2.2882755e+02
   1.9157997e+02
   3.4599015e+02
   1.8161857e+02
   2.7145901e+02
   3.3315816e+02
   3.8518748e+02
   1.5838856e+02
   3.1579812e+02
   2.7731609e+02
   2.8384293e+02
   2.3104228e+02
   2.4475253e+02
   2.2689123e+02
   4.3409495e+02
   3.5420790e+02
   2.0988063e+02
   3.5849973e+02
   2.4698452e+02
   2.5774833e+02
   3.2679232e+02
   1.9869479e+02
   2.9286668e+02
   2.1223141e+02
   2.5379327e+02
   3.0244758e+02
   3.5026233e+02
   3.1852711e+02
   2.2697067e+02
   3.2924128e+02
   1.2440770e+02
   3.4708410e+02
   2.3363129e+02
   2.6774562e+02
   4.2558440e+02
   4.1309287e+02
   7.3713609e+01
   2.4272716e+02
   2.9423815e+02
   3.8007313e+02
   2.5797443e+02
   2.0461438e+02
   3.6431618e+02
   3.5016708e+02
   3.1693625e+02
   3.6862768e+02
   3.4247190e+02
   4.1039830e+02
   2.3192245e+02
   3.3519763e+02
   2.8633524e+02
   3.2704815e+02
   2.5297574e+02
   2.0741434e+02
   2.5777860e+02
   3.4791615e+02
   4.5374903e+02
   2.7891929e+02
   3.6353950e+02
   3.6860852e+02
   9.1794911e+01
   3.4118547e+02
   3.6999471e+02
   3.2089782e+02
   2.8555046e+02
   3.2619195e+02
   3.5743243e+02
   2.4388200e+02
   2.8549825e+02
   2.6899321e+02
   2.4351374e+02
   3.1991872e+02
   2.5716914e+02
   2.4522615e+02
   2.2963639e+02
   2.2930022e+02
   5.0384885e+02
   4.1466105e+02
   4.3014914e+02
   2.2828591e+02
   2.9835417e+02
   3.4617921e+02
   2.9099753e+02
   3.6553060e+02
   3.9746833e+02
   2.1596644e+02
   2.5672929e+02
   3.3606580e+02
   3.8740796e+02
   2.9219270e+02
   2.7478128e+02
   2.1620969e+02
   3.4364271e+02
   1.4250683e+02
   6.3321163e+01
   2.7156100e+02
   1.4326122e+02
   6.5230590e+01
   1.2833502e+02
   1.0359358e+02
   1.8385062e+02
   1.6066479e+02
   1.2223161e+02
   2.0492242e+02
   1.9192871e+02
   1.9187496e+02
   2.4892471e+02
   2.4327996e+02
   1.8445781e+02
   8.8808416e+01
   8.2302497e+01
  -5.5252856e+00
  -1.4088603e+01
   3.6289102e+00
  -1.1957814e+02
  -1.3401042e+01
  -5.1661155e+01
   1.1908911e+02
  -2.7960061e+01
   9.5599842e+01
  -2.1349798e+01
  -5.7320504e+00
  -1.8115828e+01
  -2.1045041e+02
  -2.0791616e+02
  -1.9964884e+02
  -1.0916806e+02
  -2.3754247e+02
  -1.6489098e+02
  -1.5578254e+02
  -1.6553375e+02
  -1.8612779e+02
  -2.1470876e+02
  -1.3003925e+00
  -2.1621229e+02
  -2.9308937e+02
  -1.9703559e+02
  -1.2957876e+02
  -1.7685903e+02
  -1.5959058e+02
  -1.3442171e+02
  -2.4106437e+02
  -1.5117066e+02
  -1.2739093e+02
  -1.5664034e+02
  -1.3620618e+02
  -1.0330594e+02
  -4.8527815e+01
  -1.9816278e+02
   7.4775492e+01
  -3.4485128e+01
  -4.4614996e+01
   1.7111565e+01
  -8.0932531e+01
   1.2452358e+02
   6.6767724e+00
  -7.5394831e+01
  -1.0243809e+02
  -1.3186854e+02
   1.2338728e+00
  -1.3638302e+02
   7.4408809e+01
  -9.1019413e+01
  -1.2316699e+02
   8.4117095e+01
  -1.7927177e+01
  -1.3196972e+02
  -1.2483682e+02
   8.4512200e+01
  -2.3909664e+01
  -7.8112247e+01
   8.1702860e+01
   1.0839868e+02
  -4.6691724e+01
  -2.0125678e+02
   1.1294715e+01
  -1.1131379e+02
   2.8108017e+00
  -1.5065981e+02
  -1.7837881e+02
  -2.1919347e+02
  -8.8574983e+01
  -1.5858456e+02
  -1.8960998e+02
  -3.2030332e+02
  -3.0499894e+02
  -1.2178020e+02
  -4.3601486e+02
  -3.0597583e+02
  -3.5923460e+02
  -3.6108930e+02
  -6.8574437e+02
  -6.4125139e+02
  -5.7258615e+02
  -7.2177718e+02
  -6.3953517e+02
  -7.5853505e+02
  -9.3778266e+02
  -1.0737531e+03
  -1.0070033e+03
  -1.1767522e+03
  -1.1789171e+03
  -1.1777391e+03
  -1.3600919e+03
  -1.4425719e+03
  -1.3296427e+03
  -1.4544772e+03
  -1.4882754e+03
  -1.6743961e+03
  -1.5523448e+03
  -1.7521641e+03
  -1.6072319e+03
  -1.8083367e+03
  -1.6526049e+03
  -1.8435755e+03
  -1.7026006e+03
  -1.8784888e+03
  -1.7652134e+03
  -1.7590366e+03
  -1.8000058e+03
  -1.6920778e+03
  -1.7552690e+03
  -1.6514247e+03
  -1.8297531e+03
  -1.8326068e+03
  -1.7707569e+03
  -1.8438312e+03
  -1.7800516e+03
  -1.6903115e+03
  -1.7079243e+03
  -1.8061722e+03
  -1.5721125e+03
  -1.8294612e+03
  -1.7730647e+03
  -1.8721954e+03
  -1.9053161e+03
  -1.7371253e+03
  -1.8399695e+03
  -1.7367605e+03
  -1.7698767e+03
  -1.7428634e+03
  -1.7903942e+03
  -1.6096256e+03
  -1.7354736e+03
  -1.6478148e+03
  -1.6913174e+03
  -1.7653205e+03
  -1.7604660e+03
  -1.7754837e+03
  -1.8779749e+03
  -1.7517451e+03
  -1.9124214e+03
  -1.8326362e+03
  -1.8331574e+03
  -1.8516267e+03
  -1.7423456e+03
  -1.7163972e+03
  -1.8709861e+03
  -1.8949688e+03
  -1.8194019e+03
  -1.8488984e+03
  -1.8214269e+03
  -1.9318503e+03
  -1.8594006e+03
  -1.8502631e+03
  -1.8326287e+03
  -1.7842434e+03
  -1.8467591e+03
  -1.8646262e+03
  -1.9179292e+03
  -1.8689375e+03
  -1.7828705e+03
  -1.6553103e+03
  -1.7744980e+03
  -1.8652515e+03
  -1.7855666e+03
  -1.8673654e+03
  -1.9320655e+03
  -1.8635803e+03
  -1.8677036e+03
  -1.7431024e+03
  -1.7669897e+03
  -1.9574471e+03
  -2.0261862e+03
  -1.8085410e+03
  -1.9342427e+03
  -1.7992445e+03
  -1.9193960e+03
  -1.8319679e+03
  -1.9043309e+03
  -1.9791335e+03
  -1.9581362e+03
  -1.8578499e+03
  -1.9933747e+03
  -1.7594910e+03
  -1.8200562e+03
  -1.8366933e+03
  -2.0015000e+03
  -1.9194654e+03
  -1.9213977e+03
  -1.8602690e+03
  -1.7309830e+03
  -1.9240028e+03
  -1.7408210e+03
  -1.9268251e+03
  -1.8227482e+03
  -1.9203057e+03
  -1.9939706e+03
  -1.7883995e+03
  -1.8875005e+03
  -1.8080317e+03
  -1.8572943e+03
  -1.7528242e+03
  -1.7442058e+03
  -1.6362502e+03
  -1.8403395e+03
  -1.8215653e+03
  -1.8320934e+03
  -1.8621768e+03
  -1.7770848e+03
  -1.7523601e+03
  -1.7308355e+03
  -1.7186147e+03
  -1.6086929e+03
  -1.3283028e+03
  -1.1907477e+03
  -1.1699824e+03
  -9.6598273e+02
  -7.8322335e+02
  -7.3953863e+02
  -5.5326037e+02
  -7.5172274e+02
  -5.9553444e+02
  -6.6971076e+02
  -5.7521173e+02
  -4.9545596e+02
  -3.7216233e+02
  -4.7311962e+02
  -3.5427603e+02
  -3.8265583e+02
  -1.4730234e+02
  -1.9488313e+02
  -4.7087640e+01
  -3.0059061e+02
  -9.1393733e+01
  -6.1610239e+01
   6.9038045e+01
   1.2856956e+02
   9.6918363e+01
  -4.6351025e+00
   2.8034987e+02
  -1.0071194e+02
   2.1370848e+02
   1.8801087e+02
   2.5860467e+02
   2.6168973e+02
   1.8893587e+02
   2.0536806e+02
   1.4283540e+02
   2.3201211e+02
   1.5113192e+02
   3.1879315e+02
   1.8029560e+02
   3.0673274e+02
   3.0543946e+02
   1.3532322e+02
   3.2497772e+02
   1.6478205e+02
   7.0467153e+01
   3.0693363e+02
   3.1815788e+02
   2.5625302e+02
   2.5115186e+02
   2.2089384e+02
   2.0774144e+02
   3.6484739e+02
   1.5816280e+02
   3.0620905e+02
   4.0451735e+02
   1.5967551e+02
   4.3579693e+02
   2.0833407e+02
   3.3427743e+02
   2.6377442e+02
   2.2275358e+02
   2.2482248e+02
   2.6024776e+02
   3.5447410e+02
   3.1139448e+02
   2.9506056e+02
   3.4376235e+02
   3.8955092e+02
   1.2203613e+02
   3.1967680e+02
   2.7057088e+02
   2.5770452e+02
   2.6437468e+02
   1.9986511e+02
   2.2606662e+02
   3.5345376e+02
   1.5290224e+02
   2.8150343e+02
   1.2219826e+02
   1.5620205e+02
   2.4015314e+02
   2.0849404e+02
   3.4604868e+02
   2.2049663e+02
   2.4312099e+02
   4.5388531e+01
   3.5223335e+02
   2.3053951e+02
   4.0514496e+02
   1.8363100e+02
   2.6889581e+02
   2.2009431e+02
   1.3917094e+02
   3.3427477e+02
   8.4573786e+01
   3.2223045e+02
   3.3451205e+02
   6.4011365e+01
   1.3174933e+02
   6.1731890e+01
   2.0829024e+02
   3.3967972e+02
   1.7562581e+02
   4.0844205e+02
   6.6092996e+01
   1.9632738e+02
   1.1754908e+02
   2.1529918e+02
   1.4322242e+02
   2.1281775e+02
   1.6125257e+02
   1.8963577e+02
   2.0793386e+02
   3.1393796e+02
   1.2568289e+02
   4.6716330e+01
   1.6448429e+01
   1.6628703e+01
   9.8454852e+01
   1.5376455e+02
   9.4066801e+01
   3.7884105e+01
   2.4807779e+02
   1.1113666e+02
   4.3977783e+01
   2.2372216e+02
   1.2175402e+02
   7.0695818e+01
   1.0664012e+02
   1.1274396e+02
   4.0172674e+01
   5.8197293e+00
  -1.2068291e+01
   1.9555179e+02
   7.1795685e+01
   7.5268131e+01
   5.1821325e+01
   1.9357393e+02
   4.9953052e+01
  -3.3242030e+01
   2.9241268e+01
  -1.2289835e+02
   3.5692945e+01
  -1.1500485e+02
   3.5225122e+01
   1.0102521e+02
  -1.0875725e+02
  -1.5305779e+00
  -1.1512694e+02
   2.8367902e+01
  -1.4540260e+02
  -2.3702544e+02
  -1.1727318e+02
  -1.9818945e+02
  -2.3862816e+02
  -1.0790006e+02
  -7.6841368e+01
  -2.9739080e+02
  -1.9186467e+02
  -9.8585476e+01
  -3.0956813e+02
  -2.0494687e+02
  -2.0606236e+02
  -1.6396553e+02
  -1.8247387e+02
  -1.2536123e+02
  -1.3151640e+02
  -1.0123055e+02
  -9.4154053e+01
  -1.0521664e+02
  -4.5761130e+01
   5.8584978e+01
  -1.2091136e+02
   4.4954836e+00
   2.3652817e+01
  -7.0989577e+01
  -7.6963043e+01
  -1.6872489e+02
  -1.2076854e+02
  -2.3960588e+00
  -9.7222469e+01
  -2.2715786e+01
  -1.3578419e+01
   6.1519850e+01
   4.8863320e+00
  -1.1824003e+02
   9.5785767e+01
  -7.9680367e+01
  -8.9669969e+01
  -6.7716175e+01
   1.3270947e+01
   8.6423521e+01
  -5.4965247e+01
  -7.0005131e+01
  -5.2185626e+01
  -1.9966543e+02
  -1.9778000e+02
  -1.9642812e+02
  -6.9273949e+01
  -2.4096418e+02
  -2.1442931e+02
  -3.7987717e+02
  -2.7333943e+02
  -3.4361952e+02
  -3.9532940e+02
  -3.7805063e+02
  -4.6258543e+02
  -5.7066121e+02
  -5.1368938e+02
  -6.0546113e+02
  -6.5193593e+02
  -6.3900672e+02
  -8.0420798e+02
  -7.4120070e+02
  -8.0334594e+02
  -1.0781332e+03
  -7.6860828e+02
  -1.1967059e+03
  -1.2012352e+03
  -1.2654856e+03
  -1.1663750e+03
  -1.4113765e+03
  -1.3377024e+03
  -1.3703660e+03
  -1.4886843e+03
  -1.5466789e+03
  -1.7849323e+03
  -1.7582987e+03
  -1.5521100e+03
  -1.7720932e+03
  -1.6548827e+03
  -1.7724045e+03
  -1.5577544e+03
  -1.7829243e+03
  -1.6457380e+03
  -1.7227018e+03
  -1.7792318e+03
  -1.8630049e+03
  -1.7791142e+03
  -1.6843740e+03
  -1.8123901e+03
  -1.8717775e+03
  -1.7456588e+03
  -1.7035757e+03
  -1.7448872e+03
  -1.9688992e+03
  -1.7491280e+03
  -1.7964504e+03
  -1.8243791e+03
  -1.9053441e+03
  -1.7826793e+03
  -1.8122792e+03
  -1.6293933e+03
  -1.6944401e+03
  -1.8574578e+03
  -1.8978097e+03
  -1.8886390e+03
  -1.8597804e+03
  -1.7202265e+03
  -1.8377481e+03
  -1.8295052e+03
  -1.9696938e+03
  -1.7589658e+03
  -1.7354832e+03
  -1.9192830e+03
  -1.8176650e+03
  -1.6680135e+03
  -1.6766613e+03
  -1.8961082e+03
  -1.7697092e+03
  -1.9548788e+03
  -1.7031094e+03
  -1.7662348e+03
  -1.6801814e+03
  -1.7593953e+03
  -1.7290549e+03
  -1.7468414e+03
  -1.8351318e+03
  -1.8220963e+03
  -1.7746912e+03
  -1.8073259e+03
  -1.8740747e+03
  -1.7962490e+03
  -1.9020716e+03
  -1.8799276e+03
  -2.0206935e+03
  -1.8025584e+03
  -1.6395089e+03
  -1.9358325e+03
  -1.7609177e+03
  -1.8721822e+03
  -1.8167649e+03
  -1.7828001e+03
  -1.7895035e+03
  -1.6784979e+03
  -1.8395870e+03
  -1.8731736e+03
  -1.8337515e+03
  -1.7734805e+03
  -1.7151390e+03
  -1.7137742e+03
  -1.8832920e+03
  -1.8904797e+03
  -1.7448038e+03
  -1.9150598e+03
  -1.7989904e+03
  -1.8380528e+03
  -1.9033007e+03
  -1.8476888e+03
  -1.7240837e+03
  -1.6870623e+03
  -1.8820605e+03
  -2.0319929e+03
  -1.8873730e+03
  -1.7289468e+03
  -1.7571128e+03
  -1.8842065e+03
  -1.9671146e+03
  -1.9946596e+03
  -1.9825722e+03
  -1.8725988e+03
  -1.8327073e+03
  -1.8355270e+03
  -1.7928899e+03
  -1.8999491e+03
  -1.9320454e+03
  -1.8704761e+03
  -1.8965786e+03
  -1.9252757e+03
  -1.9142970e+03
  -1.9238400e+03
  -1.8555300e+03
  -1.7826943e+03
  -1.7114574e+03
  -1.7173015e+03
  -1.8853318e+03
  -1.9610276e+03
  -1.7948152e+03
  -1.8060525e+03
  -1.9230558e+03
  -1.7237708e+03
  -1.7683372e+03
  -1.8753440e+03
  -1.7898551e+03
  -1.8589987e+03
  -1.7532831e+03
  -1.9190107e+03
  -1.9092588e+03
  -1.6880398e+03
  -1.7586921e+03
  -1.6438245e+03
  -1.5542289e+03
  -1.4965491e+03
  -1.3923394e+03
  -9.4715820e+02
  -1.0260325e+03
  -8.2215719e+02
  -7.3624039e+02
  -6.9591989e+02
  -7.7292925e+02
  -7.3939455e+02
  -7.0897289e+02
  -6.0275653e+02
  -4.9303571e+02
  -5.1666129e+02
  -2.4288909e+02
  -1.7661408e+02
  -3.2024371e+02
  -1.9674256e+02
   6.0558984e+00
   3.0757448e+01
   8.5000399e+01
   3.0690456e+01
  -2.2668512e+01
   4.9240671e+01
   1.3575533e+02
   2.1354540e+02
   9.5906274e+01
   2.3563332e+02
   2.3290266e+02
   2.0996212e+02
   2.2366546e+02
   2.5127435e+02
   5.1720104e+01
   2.3154684e+01
   3.3818917e+02
   2.6221956e+02
   1.1170959e+02
   4.1731531e+02
   3.1177652e+02
   2.4741115e+02
   2.4563992e+02
   1.9975609e+02
   2.7695005e+02
   1.7535291e+02
   1.3508122e+02
   3.1292376e+02
   4.1449536e+02
   3.8227259e+02
   4.4025951e+02
   2.1120341e+02
   3.6511449e+02
   2.5693073e+02
   1.1010786e+02
   2.0708102e+02
   3.1885235e+02
   2.9241309e+02
   4.5181519e+02
   3.8390684e+02
   3.2622577e+02
   3.6863373e+02
   3.7199228e+02
   2.3658144e+02
   1.9621909e+02
   2.6271641e+02
   1.8127340e+02
   2.7822314e+02
   1.1673067e+02
   1.0429703e+02
   9.3705500e+01
   1.9981968e+02
   3.2229080e+02
   7.4002344e+01
   1.5479109e+02
   9.4604134e+01
   1.1063278e+01
   2.2998713e+02
   1.7557609e+02
  -2.0404935e+02
  -3.3623884e+01
   8.2808038e+00
   6.0060706e+01
   1.0197752e+02
   4.8223911e+01
  -2.5336497e+01
   7.9988825e-01
  -7.4877148e+00
   2.2581054e+00
   2.4317732e+02
   5.7066625e+01
   1.8971538e+01
   6.6021253e+01
  -1.5071605e+02
  -1.6061577e+02
  -3.6714793e+01
  -1.2491683e+02
  -1.7578026e+01
  -4.7259968e+01
  -1.3461654e+02
   4.6460902e+00
  -5.1180503e+01
  -1.1942250e+02
  -1.7417784e+02
  -1.0503725e+02
  -1.8863117e+02
  -1.1704442e+02
  -8.7635682e+01
   6.3962628e+00
  -1.5904795e+02
  -1.7749927e+02
   2.2544090e+01
  -6.3866715e+01
   1.2051047e+02
  -5.0555995e+01
  -9.0500810e+01
  -1.1878875e+02
  -8.4689549e+01
   8.8425891e+01
  -8.8202210e+01
  -8.7560980e+01
  -1.3998475e+02
  -1.0765065e+02
   1.0247451e+02
   8.8251484e+01
  -8.4045450e+01
  -1.7860340e+02
  -5.2252414e+01
  -1.2809363e+02
  -6.7746630e+01
   6.3160747e+01
  -7.4640295e+01
  -2.0903117e+02
   4.7826672e+01
   1.7148715e+00
  -1.2104999e+02
   5.9307769e+01
  -1.1959525e+01
   9.7006241e+01
   4.8286383e+01
  -1.2406660e+02
   1.4088186e+02
  -1.3946161e+02
  -9.2462387e+01
   1.1799969e+01
  -2.5197009e+01
  -1.5816518e+02
  -1.1406236e+02
  -1.0137051e+02
  -2.0600066e+02
  -2.0309636e+02
  -1.3064161e+02
  -1.2501821e+02
  -1.4014377e+02
  -1.6615717e+02
  -7.0988001e+00
  -6.1819164e+01
  -2.3149679e+02
  -2.4400920e+02
  -1.4641247e+01
  -2.2392551e+02
  -1.1612153e+02
   1.9085778e+01
  -9.8867955e+01
  -1.6203061e+02
  -7.6914288e+01
  -2.1062770e+01
   1.8692401e+01
  -1.5746602e+01
  -7.6457573e+01
  -1.1033531e+01
  -1.0067674e+02
  -3.6196768e+01
   5.5472735e+01
  -1.2525381e+02
  -5.1929064e+01
  -5.4302220e+01
  -9.7306348e+01
  -3.1117980e+01
  -9.7616231e+00
  -1.5229537e+01
  -1.2730843e+02
   1.0793603e+02
  -1.3367758e+00
  -2.7842574e+01
  -4.8573463e+01
   2.2386286e+00
  -3.4077015e+01
  -3.6313853e+00
  -1.6726987e+02
  -1.4828423e+02
  -2.2163769e+02
  -2.1725788e+02
  -9.1632484e+01
  -1.8425959e+02
  -2.6874457e+02
  -2.8803459e+02
  -2.8481043e+02
  -3.1873608e+02
  -4.5260569e+02
  -5.5179356e+02
  -5.3671198e+02
  -6.3623480e+02
  -5.8410389e+02
  -7.6232033e+02
  -8.5174575e+02
  -9.2146605e+02
  -1.0920597e+03
  -1.1347203e+03
  -1.1275262e+03
  -1.2233651e+03
  -1.3382229e+03
  -1.3344381e+03
  -1.4894052e+03
  -1.4169902e+03
  -1.6629437e+03
  -1.5307437e+03
  -1.7379739e+03
  -1.7390131e+03
  -1.5844392e+03
  -1.4477310e+03
  -1.5195854e+03
  -1.6902284e+03
  -1.6719267e+03
  -1.6292479e+03
  -1.7445557e+03
  -1.7222346e+03
  -1.8132115e+03
  -1.7576747e+03
  -1.7016410e+03
  -1.6872887e+03
  -1.7267633e+03
  -1.6558412e+03
  -1.6825733e+03
  -1.6689613e+03
  -1.7730534e+03
  -1.6259047e+03
  -1.8079263e+03
  -1.7595803e+03
  -1.8604387e+03
  -1.6246373e+03
  -1.7700422e+03
  -1.7811087e+03
  -1.6521290e+03
  -1.7055936e+03
  -1.5985287e+03
  -1.7202879e+03
  -1.7585939e+03
  -1.7311605e+03
  -1.8516851e+03
  -1.7542420e+03
  -1.7429748e+03
  -1.6926866e+03
  -1.8638254e+03
  -1.6842462e+03
  -1.7567534e+03
  -1.7182943e+03
  -1.6601534e+03
  -1.8821294e+03
  -1.7303762e+03
  -1.7626085e+03
  -1.9352484e+03
  -1.8074068e+03
  -1.7544448e+03
  -1.8011047e+03
  -1.8496575e+03
  -1.7560271e+03
  -1.8696193e+03
  -1.7076938e+03
  -1.7612494e+03
  -1.8359610e+03
  -1.7191988e+03
  -1.7741075e+03
  -1.8180967e+03
  -1.8288391e+03
  -1.7444035e+03
  -1.8144337e+03
  -1.8667312e+03
  -1.8488359e+03
  -1.8150495e+03
  -1.8751238e+03
  -1.6698969e+03
  -1.8990204e+03
  -1.8480313e+03
  -1.8780554e+03
  -2.0418656e+03
  -1.7997183e+03
  -1.9294270e+03
  -1.9501759e+03
  -1.8156703e+03
  -1.8665329e+03
  -1.9118110e+03
  -1.7681530e+03
  -1.8492270e+03
  -1.7791266e+03
  -1.7697880e+03
  -1.8238703e+03
  -1.7997449e+03
  -2.0179094e+03
  -1.6277132e+03
  -1.9927174e+03
  -1.9206737e+03
  -1.8519965e+03
  -1.7899179e+03
  -1.9610816e+03
  -1.9454533e+03
  -1.8949593e+03
  -1.9013589e+03
  -1.6948063e+03
  -1.7922122e+03
  -1.7909736e+03
  -1.9114415e+03
  -1.8892124e+03
  -1.8646129e+03
  -1.6923008e+03
  -1.8239469e+03
  -1.8435116e+03
  -1.8036015e+03
  -1.7869784e+03
  -1.7787670e+03
  -1.7742679e+03
  -1.4176510e+03
  -1.3809553e+03
  -1.1414091e+03
  -1.1481569e+03
  -9.5548569e+02
  -1.0609822e+03
  -8.0079342e+02
  -6.7953149e+02
  -7.8807666e+02
  -6.1861019e+02
  -7.8057395e+02
  -6.1691440e+02
  -5.2880838e+02
  -7.1792807e+02
  -3.7211576e+02
  -4.2796709e+02
  -3.8025706e+02
  -1.2374233e+02
  -2.0120685e+02
  -2.4250197e+02
  -9.1441739e+01
  -1.0738030e+02
  -5.3308021e+01
   5.8559712e+01
   2.2739964e+02
   9.6780888e+01
   1.4360350e+02
  -5.1141716e+01
   1.5958964e+02
   1.6518612e+01
   9.9798025e+01
   2.6186111e+02
   8.0988869e+01
   6.8423539e+01
   8.9318276e+01
   2.4835812e+01
   7.6333818e+01
   1.5564325e+02
   1.4408262e+02
   1.7841437e+02
   2.0806769e+02
   1.7363606e+02
   9.6694438e+01
   2.5149622e+02
   2.0456824e+02
   4.3498539e+01
   2.6121283e+02
   6.6475988e+01
   2.5498688e+02
   2.9486208e+02
   2.6504322e+02
   1.6010916e+02
   1.8637786e+02
   1.5922536e+02
   1.8543554e+02
   2.2762476e+02
   2.1690650e+02
   1.5954489e+02
   2.4633997e+02
   2.9265455e+02
   2.7328935e+02
   9.6129442e+01
   3.5058948e+02
   1.6580058e+02
   1.7125972e+02
   2.9611990e+02
   2.1529959e+02
   3.0484919e+02
   4.0243453e+02
   1.9434589e+02
   2.1298560e+02
   2.5487402e+02
   2.2029832e+02
   3.1109925e+02
   2.2326184e+02
   1.6788987e+02
   2.2841283e+02
   1.6553067e+02
   2.3697886e+02
   1.9506985e+02
   2.2043980e+02
   3.5921676e+02
   1.4222155e+02
   2.0140169e+02
   1.0424881e+02
   2.9838624e+02
   4.1419991e+02
   2.3999876e+02
   2.0438029e+02
   1.2365498e+02
   1.3012100e+01
   1.3964515e+02
   2.0199654e+02
   5.8830795e+01
   4.7003024e+01
   1.7105570e+02
   1.9597082e+02
   1.0186789e+02
   2.2704548e+02
   2.6372036e+02
   2.0004064e+02
   8.2161356e+01
   8.3600595e+01
  -2.2836547e+01
   1.5659673e+02
   1.0276220e+02
  -1.0059545e+02
   1.2898140e+02
  -1.9545356e+01
  -1.4791986e+02
   5.9218055e+01
   9.5779120e+01
  -2.2143447e+01
  -2.7177538e+01
  -1.2940647e+02
   1.3687223e+02
  -9.6779479e+01
   8.0491738e+01
  -2.3879124e+01
  -2.8428909e+01
   4.1455123e+01
  -1.1315986e+02
   1.0280234e+01
  -1.2824477e+02
  -1.2397554e+02
  -8.0649128e+01
  -1.0454895e+02
   4.4185907e+00
  -6.4203500e+01
  -1.3221676e+02
  -1.8141831e+02
  -1.6089149e+02
  -1.1915107e+02
  -2.4139767e+02
  -4.7786737e+01
  -7.8618983e+01
  -3.1941546e+00
  -1.9557119e+02
  -2.4035068e+02
  -1.1280386e+02
  -2.7407863e+02
  -1.5540153e+02
   1.0344100e+01
  -1.5451991e+02
  -2.6304208e+02
  -2.5359207e+02
  -2.9025732e+02
  -2.8035709e+02
  -1.2313243e+02
  -2.1691227e+02
  -1.8515694e+02
  -1.5762863e+02
  -1.9539824e+02
  -2.4433642e+02
  -9.1575289e+01
  -1.5440860e+02
  -2.0907946e+01
  -1.0214662e+02
  -7.4249136e+00
  -1.5421380e+02
  -4.4835649e+01
   8.6118096e+01
  -1.0410249e+02
  -1.4723408e+02
  -1.2476000e+02
  -1.5752680e+01
   1.0822124e+01
   2.7074229e+01
  -3.4928693e+01
  -1.0694367e+02
  -1.0726807e+02
   3.9744206e+01
  -1.0122846e+02
   3.7069989e+01
  -1.6596621e+02
   8.3239437e+01
   1.9569830e+01
   9.7590505e+01
   9.4238427e+01
  -4.9516196e+01
   1.2609736e+02
   1.0021952e+02
   5.6408541e+01
   8.7960208e+01
   1.6406899e+01
  -1.6819439e+02
   2.7429827e+01
  -1.4575186e+02
  -7.5758710e+01
  -1.6894717e+02
   7.5834527e+01
  -4.9207427e+01
  -1.3147886e+02
  -8.2007883e+01
  -2.1939355e+02
  -3.0971770e+02
  -3.9199452e+02
  -2.2137598e+02
  -1.7058555e+02
  -2.2497428e+02
  -2.1222796e+02
  -2.6502426e+02
  -3.2480052e+02
  -3.0108913e+02
  -3.5710459e+02
  -7.3259390e+02
  -4.6174921e+02
  -6.9754998e+02
  -5.6656314e+02
  -7.9957100e+02
  -8.6325921e+02
  -7.8341205e+02
  -1.0019433e+03
  -9.8804254e+02
  -1.1355184e+03
  -1.2002073e+03
  -9.9121830e+02
  -1.2456869e+03
  -1.3004437e+03
  -1.1367465e+03
  -1.3223179e+03
  -1.5276649e+03
  -1.3371452e+03
  -1.5369423e+03
  -1.6475775e+03
  -1.5773341e+03
  -1.6676124e+03
  -1.5115742e+03
  -1.6296520e+03
  -1.6916735e+03
  -1.8035706e+03
  -1.3846802e+03
  -1.7184257e+03
  -1.6924030e+03
  -1.7526939e+03
  -1.6411659e+03
  -1.7691496e+03
  -1.7795577e+03
  -1.6686915e+03
  -1.7202192e+03
  -1.5292025e+03
  -1.6647928e+03
  -1.6395421e+03
  -1.9663625e+03
  -1.7137692e+03
  -1.7311702e+03
  -1.7424756e+03
  -1.8889720e+03
  -1.7651275e+03
  -1.8125851e+03
  -1.8936590e+03
  -1.9459438e+03
  -1.7784460e+03
  -1.7888647e+03
  -1.7897471e+03
  -1.8138792e+03
  -1.8012847e+03
  -1.8652189e+03
  -2.0926846e+03
  -1.5744768e+03
  -1.8581347e+03
  -1.8615556e+03
  -1.8338304e+03
  -1.7778404e+03
  -1.8857991e+03
  -1.9163992e+03
  -1.7869112e+03
  -1.6811652e+03
  -1.8245715e+03
  -1.7487126e+03
  -1.6730783e+03
  -1.8622303e+03
  -1.8685568e+03
  -1.7269469e+03
  -1.8894247e+03
  -1.7828195e+03
  -1.9160915e+03
  -1.8908155e+03
  -1.7893698e+03
  -1.7548620e+03
  -1.6824026e+03
  -1.6396253e+03
  -1.9816341e+03
  -1.8410605e+03
  -1.8591142e+03
  -1.7873757e+03
  -1.8507181e+03
  -1.8647902e+03
  -1.9194338e+03
  -1.7169024e+03
  -1.8024582e+03
  -1.7949476e+03
  -1.8061149e+03
  -1.8334181e+03
  -1.8921005e+03
  -1.6898719e+03
  -1.8415666e+03
  -1.8471821e+03
  -1.9199718e+03
  -1.9347806e+03
  -1.7946545e+03
  -1.8022152e+03
  -1.8353504e+03
  -1.8354071e+03
  -1.8289280e+03
  -1.9602103e+03
  -1.8887748e+03
  -1.8763237e+03
  -2.0330778e+03
  -1.8733639e+03
  -1.8939964e+03
  -1.7649849e+03
  -1.7958667e+03
  -1.7761019e+03
  -1.9360795e+03
  -1.8608208e+03
  -1.8827015e+03
  -1.9632246e+03
  -1.8479298e+03
  -2.0473331e+03
  -1.9977608e+03
  -1.7869927e+03
  -1.8986749e+03
  -1.9612137e+03
  -1.8984098e+03
  -1.8223217e+03
  -1.8214791e+03
  -1.8115359e+03
  -1.9696804e+03
  -1.9801606e+03
  -1.8193820e+03
  -1.8290748e+03
  -1.9431877e+03
  -1.7408561e+03
  -1.7755908e+03
  -1.8385761e+03
  -1.8278419e+03
  -1.9272730e+03
  -1.7665756e+03
  -1.7005249e+03
  -1.6334954e+03
  -1.8208383e+03
  -1.2994539e+03
  -1.2456022e+03
  -1.1096985e+03
  -9.2814063e+02
  -1.0362665e+03
  -9.1100806e+02
  -7.6386080e+02
  -8.6770022e+02
  -5.9168323e+02
  -6.4409586e+02
  -6.1593733e+02
  -4.4964113e+02
  -5.2866194e+02
  -2.8687676e+02
  -3.4410664e+02
  -4.8389840e+02
  -3.2879978e+02
  -4.0585780e+02
  -1.9175304e+02
  -9.8955636e+01
   3.8368761e+00
   8.9480142e+01
  -4.1356817e+01
  -1.2569001e+02
  -5.8908729e+00
   1.5145594e+02
   1.7489422e+02
   1.3157263e+02
   3.1148739e+01
   1.7626808e+02
   1.0477065e+02
   1.0496746e+02
   9.5947762e+01
   1.6295507e+02
   7.2196271e+01
   3.6369514e+01
   2.1913286e+02
   6.0777331e+01
   1.7341858e+02
   2.2617300e+02
   7.7385391e+01
   1.2692206e+02
   8.7415937e+01
   1.2846385e+02
   2.3953981e+02
   1.2606709e+02
   2.0779401e+02
   1.5909298e+02
   5.1248903e+01
   8.9374231e+01
   9.4849981e+01
   1.2449011e+02
   1.1370370e+02
   2.3974533e+02
   8.2609121e+01
  -1.2804472e+02
  -7.6052917e+01
  -1.1522338e+02
  -3.8790042e+01
   3.7752107e+01
  -1.3654124e+02
   1.0989124e+01
   6.3136288e+01
  -8.6345844e+01
  -8.8304021e+01
  -2.8849133e+01
  -7.6168448e+01
  -6.6616728e+01
   7.9745632e+00
  -2.5330218e+02
  -1.3226176e+02
  -2.5538711e+02
  -1.3721847e+01
  -1.5044276e+02
  -1.6574596e+02
  -1.8303536e+02
  -2.7576558e+02
  -1.5453242e+02
  -3.1181983e+02
  -3.4723661e+02
  -2.4999354e+02
  -3.3676067e+02
  -3.3879230e+02
  -4.2793593e+02
  -7.4040100e+01
  -1.6950112e+02
  -4.5169115e+02
  -3.3830280e+02
  -3.6969090e+02
  -3.6616861e+02
  -2.0514118e+02
  -4.4536062e+02
  -3.1256508e+02
  -5.1240784e+02
  -2.6966081e+02
  -5.4330256e+02
  -5.1285402e+02
  -5.5073977e+02
  -4.4353774e+02
  -4.0805452e+02
  -3.9283117e+02
  -5.0310253e+02
  -4.4501327e+02
  -4.4540340e+02
  -5.0978968e+02
  -5.1985594e+02
  -5.3549268e+02
  -2.8191829e+02
  -4.8168911e+02
  -4.2303027e+02
  -5.8303670e+02
  -5.3664167e+02
  -5.4541688e+02
  -4.7841349e+02
  -5.6324027e+02
  -6.0711881e+02
  -4.7584472e+02
  -5.3645656e+02
  -5.3818617e+02
  -5.6874261e+02
  -6.2646875e+02
  -5.3535205e+02
  -6.4133822e+02
  -5.1059000e+02
  -6.3804313e+02
  -6.1534911e+02
  -5.6100524e+02
  -4.6704176e+02
  -4.1040122e+02
  -7.9046385e+02
  -7.6364645e+02
  -5.0960104e+02
  -5.5732604e+02
  -5.9762115e+02
  -4.4277312e+02
  -6.5247320e+02
  -5.0667257e+02
  -8.1097318e+02
  -4.5829972e+02
  -7.0030232e+02
  -5.6209274e+02
  -6.0131845e+02
  -6.7297466e+02
  -7.9851764e+02
  -5.2940259e+02
  -5.0238678e+02
  -6.9616199e+02
  -6.8545613e+02
  -6.3596981e+02
  -5.7142332e+02
  -5.5163089e+02
  -7.0198240e+02
  -6.7885453e+02
  -7.4807701e+02
  -6.3152403e+02
  -5.0320103e+02
  -7.0997162e+02
  -5.8544226e+02
  -5.8075392e+02
  -6.2032452e+02
  -5.5618637e+02
  -7.0054346e+02
  -4.7869691e+02
  -6.7856880e+02
  -5.3916812e+02
  -5.0717302e+02
  -6.6013110e+02
  -4.5275612e+02
  -4.2952365e+02
  -3.4433424e+02
  -3.9218303e+02
  -3.9741795e+02
  -3.9174214e+02
  -3.5524091e+02
  -5.3098918e+02
  -4.3792934e+02
  -4.5515895e+02
  -3.1908357e+02
  -1.2275592e+02
  -9.9714960e+01
  -2.1659704e+02
  -3.7109878e+02
  -3.0776865e+02
  -2.1639123e+02
  -2.3617126e+02
  -4.6289870e+01
  -1.8484578e+02
  -1.1458379e+02
  -9.0680554e+01
  -1.0211575e+02
  -1.8038082e+02
  -8.6335959e+01
  -8.2240681e+01
  -2.3186955e+02
   1.1888950e+02
  -1.1169166e+02
   4.3101361e+01
  -6.9449369e+01
  -7.1444755e+01
  -1.8058243e+02
  -5.4226239e+01
   4.3971331e+00
   9.5297060e+00
   3.1351428e+01
  -1.2094527e+02
  -7.1293922e+01
  -1.0388093e+02
   1.1112563e+02
   6.0924500e+01
  -1.0589187e+02
  -1.2009047e+02
  -4.8766116e+01
  -3.4844427e+01
  -8.3541033e+01
   1.4304715e+00
  -9.2865111e+01
  -1.5207418e+01
  -1.6343370e+02
  -1.0807961e+02
  -1.7793044e+02
  -1.6947169e+02
  -2.4006142e+02
  -3.8617568e+02
  -1.8843552e+02
  -3.5988185e+02
  -4.3409650e+02
  -3.3503643e+02
  -3.5617273e+02
  -5.6285343e+02
  -6.3462206e+02
  -6.7996282e+02
  -7.8045107e+02
  -8.9970556e+02
  -8.9987403e+02
  -1.0596947e+03
  -1.1187349e+03
  -1.1598707e+03
  -1.1526066e+03
  -1.3297055e+03
  -1.3048037e+03
  -1.5592901e+03
  -1.5055270e+03
  -1.3872872e+03
  -1.6729740e+03
  -1.6918943e+03
  -1.7767676e+03
  -1.6841664e+03
  -1.8153935e+03
  -1.7463280e+03
  -1.7123483e+03
  -1.7372885e+03
  -1.7848987e+03
  -1.8848008e+03
  -1.6850370e+03
  -1.7815818e+03
  -1.7203032e+03
  -1.6053457e+03
  -1.6493882e+03
  -1.7397722e+03
  -1.8175156e+03
  -1.6585080e+03
  -1.7479504e+03
  -1.6614702e+03
  -1.8330719e+03
  -1.7010177e+03
  -1.9232609e+03
  -1.8089712e+03
  -1.8054726e+03
  -1.7704545e+03
  -1.6078829e+03
  -1.7267698e+03
  -1.9416113e+03
  -1.7784487e+03
  -1.6056186e+03
  -1.9374465e+03
  -1.8011507e+03
  -2.0271353e+03
  -1.7752335e+03
  -1.7898495e+03
  -1.8423212e+03
  -1.8144236e+03
  -1.9221125e+03
  -1.9690029e+03
  -1.7781567e+03
  -1.9278517e+03
  -1.6386283e+03
  -1.8035087e+03
  -1.8420676e+03
  -1.7875633e+03
  -1.9382687e+03
  -1.9942334e+03
  -1.9907836e+03
  -1.8786553e+03
  -1.7850064e+03
  -1.8046927e+03
  -1.7337586e+03
  -1.8385873e+03
  -1.8755736e+03
  -1.9680407e+03
  -1.8829462e+03
  -1.8095661e+03
  -1.8905827e+03
  -1.9702309e+03
  -1.8510389e+03
  -1.8229680e+03
  -1.9170668e+03
  -1.9730476e+03
  -1.9007879e+03
  -2.0305559e+03
  -1.8335295e+03
  -1.7499406e+03
  -1.9090490e+03
  -1.9420019e+03
  -1.8299845e+03
  -1.9272539e+03
  -1.8690815e+03
  -1.8959938e+03
  -1.8434668e+03
  -1.8022332e+03
  -1.9969800e+03
  -2.0793507e+03
  -1.9110359e+03
  -1.7543796e+03
  -2.0546530e+03
  -2.0374584e+03
  -1.8394862e+03
  -1.9168951e+03
  -1.9886686e+03
  -1.9027098e+03
  -1.9499483e+03
  -1.7640739e+03
  -1.7721061e+03
  -1.8487522e+03
  -1.8804421e+03
  -1.7392115e+03
  -1.9270299e+03
  -1.9714455e+03
  -1.9544391e+03
  -1.8975124e+03
  -1.8590507e+03
  -1.7362026e+03
  -2.0054487e+03
  -1.8408292e+03
  -1.9390657e+03
  -1.8823874e+03
  -1.9119519e+03
  -1.9791723e+03
  -1.9367723e+03
  -1.7495086e+03
  -1.8516654e+03
  -1.8872408e+03
  -1.9090955e+03
  -1.8708715e+03
  -1.9219289e+03
  -2.0902029e+03
  -1.8938310e+03
  -1.9186243e+03
  -1.8695800e+03
  -1.8257689e+03
  -1.7292367e+03
  -1.6061898e+03
  -1.5816470e+03
  -1.5324799e+03
  -1.4248318e+03
  -1.2960005e+03
  -1.1833975e+03
  -1.0127598e+03
  -1.0248479e+03
  -6.6012753e+02
  -7.8022920e+02
  -7.0603805e+02
  -6.4006070e+02
  -7.6533028e+02
  -6.1430237e+02
  -5.2004012e+02
  -3.1335216e+02
  -5.5737821e+02
  -2.9396978e+02
  -3.3723589e+02
  -2.8126576e+02
  -2.1522332e+02
  -1.1922486e+02
  -2.2654712e+02
  -1.5171689e+02
  -1.5474314e+02
   1.4440166e+01
   2.7025659e+01
  -2.9216852e+02
   5.6329471e+01
   3.0074151e+01
   1.2348404e+02
  -9.1734282e+00
   5.9278312e+01
   8.6744560e+01
  -3.7898077e+01
   6.3018376e+01
   8.4282391e+01
   6.4042828e+01
   1.2509526e+02
   1.1153649e+02
   6.8364915e+01
   3.2997428e+01
   6.8340757e+01
   1.8689637e+02
   1.1105723e+02
   1.1108741e+02
   5.7942475e+01
   1.6522334e+02
   3.5774377e+02
   1.1022379e+02
   2.5543053e+02
   3.0926454e+02
   1.8109909e+02
   2.2103662e+02
   4.0064613e+02
   1.9033320e+02
   3.0324814e+02
   1.0332497e+02
   2.0415977e+02
   3.2585400e+02
   2.2664548e+02
   2.9107612e+02
   2.1392332e+02
   1.6964214e+02
   1.5686411e+02
   3.0019274e+02
   1.8929759e+02
   3.6930157e+02
   1.9000216e+02
   3.2247464e+01
   3.2139536e+02
   1.8387761e+02
   3.0103814e+02
   2.1775531e+02
   1.5446777e+02
   1.7468117e+02
   2.7251305e+02
   1.3485557e+02
   1.2074505e+02
   9.8934236e+01
   2.1094943e+02
   1.6402111e+02
  -9.8160995e+00
   1.8850426e+02
   2.0869592e+02
   1.7369764e+02
   3.6531369e+01
   1.0177060e+02
   1.3481705e+02
   1.1389999e+02
  -1.0560839e+02
   1.1486668e+02
  -1.1402907e+01
  -1.3519974e+02
   3.9413783e+01
   1.8433784e+01
   4.9111820e+01
  -3.0477037e+01
  -1.1847895e+02
  -8.9568332e+01
  -1.7633012e+02
   1.0157331e+00
  -1.3276699e+02
  -2.0357470e+02
   4.2483378e+01
  -2.5405699e+02
   2.8563589e+00
  -5.2766357e+01
  -6.6019268e+01
  -2.0658084e+02
  -3.4754777e+01
  -1.9380164e+02
  -2.1365413e+02
  -3.0175279e+00
  -2.0080367e+02
  -1.4541967e+02
  -2.2060677e+02
  -2.3608638e+02
  -2.3953402e+02
  -1.9152824e+02
  -1.7825664e+02
  -1.2574301e+02
  -3.5626817e+02
  -2.8459379e+02
  -2.2764300e+02
  -2.3578122e+02
  -2.4629937e+02
  -4.6097966e+02
  -2.5853268e+02
  -3.2893666e+02
  -1.9205258e+02
  -3.0419113e+02
  -2.4500066e+02
  -3.3230337e+02
  -4.0167637e+02
  -3.6099924e+02
  -2.8266721e+02
  -4.8525396e+02
  -4.0361702e+02
  -5.7957608e+02
  -5.0017316e+02
  -3.7795591e+02
  -3.9601486e+02
  -3.6760634e+02
  -5.0645859e+02
  -5.0925611e+02
  -5.2305257e+02
  -4.6847409e+02
  -4.9074549e+02
  -4.7764631e+02
  -4.7695486e+02
  -4.9046348e+02
  -5.6532994e+02
  -6.0641414e+02
  -7.3558904e+02
  -5.9238156e+02
  -8.0568245e+02
  -5.1380894e+02
  -6.5604001e+02
  -6.6409001e+02
  -6.4511779e+02
  -5.5286620e+02
  -8.4167349e+02
  -5.8222419e+02
  -7.4988321e+02
  -5.9789102e+02
  -6.7046653e+02
  -6.1780178e+02
  -5.4214828e+02
  -7.2398076e+02
  -4.7755103e+02
  -5.5678279e+02
  -7.5868057e+02
  -4.0520604e+02
  -6.0565905e+02
  -3.6311296e+02
  -5.0487727e+02
  -4.7360903e+02
  -5.8269982e+02
  -2.6499549e+02
  -4.7270644e+02
  -3.8515402e+02
  -3.3584054e+02
  -3.8668747e+02
  -3.8504867e+02
  -3.9764076e+02
  -3.7219318e+02
  -2.9687846e+02
  -3.5831794e+02
  -2.7000599e+02
  -4.6700495e+02
  -1.7407282e+02
  -4.3506984e+02
  -1.6707450e+02
  -1.7134074e+02
  -3.1395544e+02
  -1.5235822e+02
  -2.2486929e+02
  -1.9991068e+02
  -1.4922525e+02
  -9.0165327e+01
  -1.7891942e+02
  -1.0165202e+01
  -2.4840543e+02
  -2.1870867e+02
  -1.2995585e+02
  -1.4975654e+02
  -1.4966875e+02
  -1.2381967e+02
  -1.7130958e+02
  -8.9313659e+01
  -2.8570461e+02
  -1.5081726e+02
  -2.0501191e+02
  -3.5660530e+02
  -3.0518425e+02
  -3.2502788e+02
  -2.3819433e+02
  -3.8713049e+02
  -2.0006911e+02
  -4.4322677e+02
  -3.6922063e+02
  -4.9000782e+02
  -4.4474754e+02
  -6.1576389e+02
  -5.6655311e+02
  -8.5917509e+02
  -8.7771668e+02
  -8.9317779e+02
  -1.0643647e+03
  -1.1311136e+03
  -1.1185008e+03
  -1.0740494e+03
  -1.3626596e+03
  -1.3795879e+03
  -1.4092239e+03
  -1.4100830e+03
  -1.5371309e+03
  -1.7035818e+03
  -1.8127525e+03
  -1.5368041e+03
  -1.6179881e+03
  -1.5025582e+03
  -1.6310939e+03
  -1.6525120e+03
  -1.7401594e+03
  -1.5721599e+03
  -1.6792375e+03
  -1.7354020e+03
  -1.7296450e+03
  -1.6193140e+03
  -1.7694894e+03
  -1.4648458e+03
  -1.6462586e+03
  -1.5917108e+03
  -1.7199110e+03
  -1.7190052e+03
  -1.8340840e+03
  -1.6628628e+03
  -1.7090213e+03
  -1.8632570e+03
  -1.7278160e+03
  -1.7134386e+03
  -1.7435731e+03
  -1.7002355e+03
  -1.7482222e+03
  -1.9026028e+03
  -1.7802506e+03
  -1.5300213e+03
  -1.8104541e+03
  -1.6565505e+03
  -1.7700554e+03
  -1.7407747e+03
  -1.7386294e+03
  -1.9103260e+03
  -1.7820268e+03
  -1.5939422e+03
  -1.8783965e+03
  -1.8392722e+03
  -1.7199192e+03
  -1.8029611e+03
  -1.8470531e+03
  -1.8300682e+03
  -1.8017233e+03
  -1.9823393e+03
  -1.7755406e+03
  -1.6616826e+03
  -1.8563190e+03
  -1.7275600e+03
  -1.9949557e+03
  -1.9984961e+03
  -1.8002676e+03
  -1.8356418e+03
  -1.8626257e+03
  -1.7869785e+03
  -1.8876857e+03
  -1.9116713e+03
  -1.9763013e+03
  -1.9089986e+03
  -1.8902953e+03
  -1.7597972e+03
  -1.6628736e+03
  -1.9062887e+03
  -1.8206258e+03
  -1.9549203e+03
  -1.7339487e+03
  -1.8148467e+03
  -1.9223053e+03
  -1.8254426e+03
  -1.7763501e+03
  -1.7230943e+03
  -1.9824775e+03
  -1.8918173e+03
  -1.7988640e+03
  -1.8777785e+03
  -1.9147281e+03
  -1.8118729e+03
  -1.9080869e+03
  -1.8425907e+03
  -1.9295283e+03
  -1.8311091e+03
  -1.8290101e+03
  -1.9072318e+03
  -1.8551180e+03
  -1.9172788e+03
  -1.9555754e+03
  -1.9379848e+03
  -1.8765810e+03
  -1.8965950e+03
  -2.0417378e+03
  -1.8545834e+03
  -1.9288389e+03
  -1.8087856e+03
  -1.9080399e+03
  -1.8556184e+03
  -1.7515321e+03
  -1.9676817e+03
  -1.9223266e+03
  -1.8684176e+03
  -1.9082302e+03
  -1.8277584e+03
  -1.6563199e+03
  -1.8964069e+03
  -1.9228332e+03
  -1.9030223e+03
  -1.6585353e+03
  -2.0010833e+03
  -2.0638720e+03
  -1.9409283e+03
  -1.9077944e+03
  -1.9453403e+03
  -1.7723928e+03
  -1.9385065e+03
  -1.8397001e+03
  -1.9122330e+03
  -1.9982976e+03
  -1.7218769e+03
  -1.7794890e+03
  -2.0407946e+03
  -2.0582674e+03
  -1.8629909e+03
  -2.0612343e+03
  -1.7956531e+03
  -1.8153673e+03
  -1.6198359e+03
  -1.5197198e+03
  -1.3903189e+03
  -1.1423975e+03
  -1.1764943e+03
  -8.4925970e+02
  -1.0259661e+03
  -1.1296196e+03
  -7.8412988e+02
  -8.8481059e+02
  -7.1369305e+02
  -6.7926527e+02
  -6.3952782e+02
  -6.9825139e+02
  -4.9223679e+02
  -3.5716385e+02
  -3.0810731e+02
  -2.7750431e+02
  -2.3734984e+02
  -4.6417236e+01
   1.8214587e+01
  -8.3889585e+01
  -9.1823789e+01
  -1.4656142e+01
   6.7492544e+01
   1.5757337e+01
   1.3157235e+01
   8.0764464e+01
   3.0286462e+01
   1.1062539e+02
   2.7880699e+02
   1.5413343e+02
   1.2743682e+02
   1.6181613e+02
   2.9571647e+01
   1.0066596e+02
   1.0320092e+02
   1.7141885e+02
   2.2472470e+02
   1.7821338e+01
   1.0691793e+02
   1.5635298e+02
   1.5078759e+02
   6.5201646e+01
   1.3157989e+02
   1.3556498e+02
   2.8624750e+02
   2.0750753e+02
   9.8390346e+01
   2.2125937e+02
   9.7420971e+01
   1.1979593e+02
   2.2010034e+02
   1.9961256e+02
   6.9509005e+01
   1.2818456e+02
   1.4153279e+02
   1.5395480e+02
   1.2943552e+02
   2.0068730e+02
   2.1703927e+02
   1.6303021e+02
   1.8195152e+02
   6.4426107e+01
   2.2127116e+02
   1.5995247e+02
   2.2830915e+02
  -2.3540811e+01
  -3.4990395e+00
   1.4849844e+02
   8.8602361e+01
   1.8370910e+02
   6.6085830e+01
   1.4164205e+02
   8.1126940e+01
   1.0476387e+02
   9.8931941e+01
   2.4841537e+02
   1.9943804e+02
   1.9521674e+02
   3.7452265e+01
   1.1097942e+02
   1.5658650e+01
   4.8545756e+01
   9.7009788e+00
   1.6511776e+02
  -7.9617819e+01
   1.5741910e+01
  -1.1645526e+02
  -8.0855204e+01
  -3.1437857e+01
   4.9682146e+01
  -3.2041980e+00
  -1.1923283e+01
  -1.5573679e+01
  -3.3045703e+01
  -1.3649453e+02
  -1.3754041e+02
  -1.2758959e+02
   4.3858244e+01
  -2.1564515e+02
   3.1358273e+00
  -1.5396080e+02
  -1.2090292e+02
  -1.6979883e+02
  -3.0472173e+02
  -1.4339555e+02
  -1.7640685e+02
  -1.1121123e+02
  -1.7641605e+01
  -8.5091695e+01
  -1.1321331e+02
  -2.3690496e+02
  -1.4746575e+02
  -3.0883909e+02
  -2.1246896e+02
  -2.6229498e+02
  -2.5926001e+02
  -3.6781557e+02
  -2.0718921e+02
  -1.7077899e+02
  -2.4892028e+02
  -2.3458346e+02
  -3.0054740e+02
  -2.7837740e+02
  -2.5816769e+02
  -2.5448532e+02
  -2.5229933e+02
  -3.7688347e+02
  -2.8636801e+02
  -2.6770277e+02
  -3.6701583e+02
  -2.4910410e+02
  -3.4976765e+02
  -3.9966551e+02
  -3.1030433e+02
  -2.9880563e+02
  -2.9915501e+02
  -3.9483329e+02
  -5.8505821e+02
  -3.3065871e+02
  -3.0806276e+02
  -3.8490272e+02
  -2.5265262e+02
  -5.7430331e+02
  -4.1979556e+02
  -3.7820763e+02
  -2.5715213e+02
  -2.7891218e+02
  -3.4571112e+02
  -4.5710685e+02
  -4.2381280e+02
  -3.9885368e+02
  -3.2239542e+02
  -2.8320488e+02
  -3.7494473e+02
  -3.8690758e+02
  -4.6712709e+02
  -2.8245664e+02
  -4.3808598e+02
  -2.5527282e+02
  -3.2697767e+02
  -3.7707247e+02
  -3.2664673e+02
  -2.5933598e+02
  -2.2898227e+02
  -2.5488697e+02
  -3.4395499e+02
  -3.3869605e+02
  -1.7156270e+02
  -2.5791182e+02
  -1.8076084e+02
  -1.5959808e+02
  -2.3187709e+02
  -1.4953257e+02
  -1.1157062e+02
  -6.6241626e+01
  -1.2375757e+02
   7.0650974e+01
  -9.4822059e+01
  -1.5272367e+02
  -1.7527773e+02
  -4.5682653e+01
  -6.2456020e+01
  -1.9473796e+02
  -4.7292815e+01
  -7.0348374e+01
  -3.2649162e+02
   4.4530969e+01
  -2.4223986e+02
  -5.4753161e+01
  -3.7603977e+02
  -2.8235046e+02
  -4.7997613e+02
  -2.4002829e+02
  -8.0616489e+01
  -2.0661682e+02
  -2.3464536e+02
  -3.8967113e+02
  -5.4497171e+02
  -5.4381328e+02
  -4.8299582e+02
  -5.9739387e+02
  -4.4186675e+02
  -7.0159582e+02
  -9.1705336e+02
  -7.4723569e+02
  -7.1745335e+02
  -7.9989491e+02
  -1.0297232e+03
  -1.0314306e+03
  -1.1603402e+03
  -1.1550427e+03
  -1.2727518e+03
  -1.3207195e+03
  -1.3920051e+03
  -1.3333180e+03
  -1.5855642e+03
  -1.4374810e+03
  -1.5486485e+03
  -1.7172400e+03
  -1.7406954e+03
  -1.6369290e+03
  -1.6490267e+03
  -1.6771918e+03
  -1.7057727e+03
  -1.7678835e+03
  -1.7493331e+03
  -1.8223072e+03
  -1.7352047e+03
  -1.6864705e+03
  -1.9569595e+03
  -1.8011006e+03
  -1.8883616e+03
  -1.8742323e+03
  -1.8005259e+03
  -1.7758717e+03
  -1.8781442e+03
  -1.6304505e+03
  -1.9126726e+03
  -1.5640656e+03
  -1.7506104e+03
  -1.7277789e+03
  -1.8432479e+03
  -1.7396301e+03
  -1.7352879e+03
  -1.7266347e+03
  -1.7333570e+03
  -1.7437748e+03
  -1.6905731e+03
  -1.7474369e+03
  -1.8970014e+03
  -1.5905646e+03
  -1.8529093e+03
  -1.7720956e+03
  -1.7242257e+03
  -1.6859834e+03
  -1.7648771e+03
  -1.8814692e+03
  -1.8548256e+03
  -1.7158257e+03
  -1.9051272e+03
  -1.6195544e+03
  -1.8497708e+03
  -1.7330320e+03
  -1.6924666e+03
  -1.6706154e+03
  -1.7691996e+03
  -1.8656253e+03
  -1.8078558e+03
  -1.9781022e+03
  -1.7693208e+03
  -1.8674113e+03
  -1.7681653e+03
  -1.8142859e+03
  -1.8341355e+03
  -1.8422457e+03
  -1.6543863e+03
  -1.7972106e+03
  -1.9997452e+03
  -1.9574404e+03
  -2.0254186e+03
  -1.9276808e+03
  -1.7629431e+03
  -1.7597153e+03
  -1.8994090e+03
  -1.8432357e+03
  -1.8111902e+03
  -1.8039920e+03
  -1.7078825e+03
  -1.7526862e+03
  -2.0462050e+03
  -1.7610265e+03
  -1.9210808e+03
  -1.7991207e+03
  -1.9207344e+03
  -1.8213680e+03
  -1.6520107e+03
  -1.8783020e+03
  -1.8626449e+03
  -2.0294246e+03
  -1.9464006e+03
  -1.7621121e+03
  -1.9808777e+03
  -1.8711991e+03
  -1.9400529e+03
  -1.8774900e+03
  -1.9989293e+03
  -1.8046584e+03
  -1.8641355e+03
  -1.8442799e+03
  -1.9638773e+03
  -1.9128487e+03
  -1.9507463e+03
  -1.8267759e+03
  -1.8446298e+03
  -1.8908775e+03
  -2.0086461e+03
  -1.9460560e+03
  -1.9841102e+03
  -1.9258556e+03
  -2.0421326e+03
  -1.8088113e+03
  -1.9312241e+03
  -1.8429358e+03
  -1.9908467e+03
  -1.9620377e+03
  -1.8742735e+03
  -1.9053053e+03
  -1.7436195e+03
  -1.7037245e+03
  -1.9116904e+03
  -1.9544488e+03
  -1.7271212e+03
  -1.7843977e+03
  -1.7952760e+03
  -1.9453325e+03
  -1.8039146e+03
  -1.8039963e+03
  -1.7342121e+03
  -1.5086906e+03
  -1.3333437e+03
  -1.2165190e+03
  -9.9420363e+02
  -8.8318851e+02
  -9.4326741e+02
  -9.4286740e+02
  -9.3949144e+02
  -8.0356887e+02
  -8.2001643e+02
  -5.4874775e+02
  -4.1318498e+02
  -4.6659731e+02
  -5.0418870e+02
  -3.6289891e+02
  -3.8607764e+02
  -3.2867428e+02
   6.7348027e+01
   2.8395230e+00
  -6.6561655e+01
   4.1953701e+01
   1.6201808e+02
  -5.1292959e+01
   1.9525086e+02
   2.9634728e+01
   2.0877145e+02
   1.4423408e+02
   2.1557199e+02
   1.3659763e+02
   1.8162701e+02
   2.1261125e+02
   1.6010094e+02
   2.0102550e+02
   2.6186723e+02
   3.3099285e+02
   2.7182775e+02
   2.8136978e+02
   2.9827588e+02
   2.5047494e+02
   2.1669538e+02
   4.3185168e+02
   3.5764505e+02
   2.9970586e+02
   3.1797983e+02
   4.1126266e+02
   3.4976894e+02
   2.3457293e+02
   3.2023478e+02
   3.3522046e+02
   3.5765762e+02
   3.3148014e+02
   3.5615318e+02
   4.2523027e+02
   2.1550389e+02
   2.9241194e+02
   3.7000482e+02
   1.6690335e+02
   2.4188384e+02
   3.7446960e+02
   2.8841474e+02
   2.0136905e+02
   1.5636517e+02
   5.1864000e+01
  -6.7189328e+01
   1.7728541e+02
  -1.0599697e+02
   2.2439598e+02
   1.1390412e+02
   8.4282985e+01
  -6.3197230e+01
   1.0067738e+02
   1.1103287e+02
   1.2179170e+02
  -8.6113645e+01
  -4.9632677e+01
  -1.1064612e+02
   2.6969967e+01
  -1.1160355e+02
  -1.3582898e+02
  -1.9898170e+02
  -1.1158079e+02
  -9.9459759e+01
  -2.0975278e+02
  -1.1014643e+02
  -1.6025010e+02
  -1.5206328e+02
  -2.2538365e+02
  -1.7252943e+02
  -3.9064224e+02
  -2.4943999e+02
  -4.6762163e+02
  -3.8329435e+02
  -3.8031048e+02
  -4.3272347e+02
  -4.5398648e+02
  -2.9502938e+02
  -3.6628514e+02
  -3.2400166e+02
  -5.8520369e+02
  -5.0259685e+02
  -3.7426548e+02
  -4.0203273e+02
  -6.3372899e+02
  -5.2202846e+02
  -4.7683923e+02
  -4.9343332e+02
  -3.9303595e+02
  -5.9746436e+02
  -5.2287255e+02
  -5.6234992e+02
  -4.4817215e+02
  -3.3818463e+02
  -4.6671782e+02
  -3.9841619e+02
  -4.9664450e+02
  -4.8704719e+02
  -5.3264788e+02
  -4.6239446e+02
  -6.4984150e+02
  -6.2628733e+02
  -4.8886205e+02
  -6.4449151e+02
  -6.2425937e+02
  -5.1492287e+02
  -5.8398781e+02
  -4.8234247e+02
  -5.9940783e+02
  -5.4719351e+02
  -5.3245564e+02
  -6.0283951e+02
  -5.2779545e+02
  -6.0293455e+02
  -4.1402964e+02
  -5.5963312e+02
  -6.5870520e+02
  -3.8521416e+02
  -4.5937440e+02
  -6.2261538e+02
  -5.6507078e+02
  -5.3767426e+02
  -4.8855089e+02
  -3.8286303e+02
  -4.4410597e+02
  -4.5133985e+02
  -3.4534301e+02
  -4.0573814e+02
  -3.9851893e+02
  -3.9925255e+02
  -3.4945487e+02
  -4.3102684e+02
  -1.5400898e+02
  -3.6878960e+02
  -2.9406626e+02
  -3.4323510e+02
  -3.6378297e+02
  -3.8101814e+02
  -3.0713444e+02
  -1.1130908e+02
  -1.4309016e+02
  -2.1404331e+02
  -2.0842725e+02
  -9.2287299e+01
  -2.5367129e+02
   8.5579152e-01
  -2.0377889e+02
  -2.2304256e+02
  -1.3568623e+02
  -1.1543905e+02
  -2.1614105e+02
  -1.0218676e+02
  -1.4581694e+01
  -2.2405280e+02
  -1.1472260e+02
  -1.8970647e+02
   3.6861959e+01
   3.3776251e+01
  -1.6523667e+02
  -3.0461929e+02
  -4.0684312e+01
  -8.7925653e+01
  -5.7148340e+01
  -1.8557444e+02
  -1.3979130e+02
  -1.2619054e+02
  -9.0415871e+01
  -1.8749170e+02
  -9.2783820e+01
  -1.9553956e+02
  -3.5663201e+02
  -2.8540372e+02
  -2.2122401e+02
  -3.5694545e+02
  -2.7927153e+02
  -3.0547889e+02
  -7.1879784e+02
  -5.4714525e+02
  -6.4039860e+02
  -7.0600680e+02
  -8.6058820e+02
  -1.0776357e+03
  -8.9905992e+02
  -1.0063950e+03
  -9.5121257e+02
  -1.1099249e+03
  -1.1290145e+03
  -1.1942162e+03
  -1.4310370e+03
  -1.3653387e+03
  -1.4886194e+03
  -1.5631633e+03
  -1.4889994e+03
  -1.6324396e+03
  -1.4752708e+03
  -1.7132014e+03
  -1.6773975e+03
  -1.7600148e+03
  -1.5835370e+03
  -1.6352558e+03
  -1.5723722e+03
  -1.6803092e+03
  -1.9578192e+03
  -1.6889881e+03
  -1.7974877e+03
  -1.6961020e+03
  -1.8800403e+03
  -1.8237599e+03
  -1.8329009e+03
  -1.7909905e+03
  -1.7983876e+03
  -1.7951369e+03
  -1.7791091e+03
  -1.9287458e+03
  -1.8021560e+03
  -1.8627379e+03
  -1.7081487e+03
  -1.8828757e+03
  -1.8133974e+03
  -1.8010137e+03
  -1.6167730e+03
  -1.8306199e+03
  -1.8504274e+03
  -1.7627257e+03
  -1.9137739e+03
  -1.7122907e+03
  -1.7672871e+03
  -1.9117825e+03
  -1.8733340e+03
  -1.7140924e+03
  -1.9384826e+03
  -1.7751357e+03
  -1.8929003e+03
  -1.9003578e+03
  -1.7941130e+03
  -1.7705427e+03
  -1.7835107e+03
  -1.7315267e+03
  -1.7441722e+03
  -1.8207255e+03
  -1.9170863e+03
  -1.9414490e+03
  -1.8337809e+03
  -1.7534552e+03
  -1.8242081e+03
  -1.7945708e+03
  -1.9304924e+03
  -1.8517160e+03
  -1.8743869e+03
  -2.0016657e+03
  -2.0082944e+03
  -1.8914387e+03
  -1.8305342e+03
  -1.8453297e+03
  -1.9195370e+03
  -1.9460503e+03
  -1.7592707e+03
  -1.8868086e+03
  -1.9388420e+03
  -1.8969448e+03
  -1.7960815e+03
  -1.8232866e+03
  -2.0296390e+03
  -1.8675566e+03
  -1.7918331e+03
  -1.9709251e+03
  -1.9618598e+03
  -1.8400449e+03
  -1.8507912e+03
  -1.8037605e+03
  -1.9948126e+03
  -1.8235231e+03
  -1.9470512e+03
  -1.9321486e+03
  -1.7662927e+03
  -1.9637029e+03
  -1.8256351e+03
  -1.8945785e+03
  -1.9295606e+03
  -1.9096455e+03
  -1.9170578e+03
  -1.9283914e+03
  -1.7798670e+03
  -1.9328848e+03
  -2.0982592e+03
  -2.0092446e+03
  -1.9271085e+03
  -1.9465833e+03
  -1.8999912e+03
  -1.8586678e+03
  -1.7374270e+03
  -1.8903061e+03
  -1.9894072e+03
  -1.9571578e+03
  -2.0400740e+03
  -1.8845439e+03
  -1.8617447e+03
  -1.8661034e+03
  -1.9751458e+03
  -1.7174356e+03
  -1.9200763e+03
  -1.9060537e+03
  -2.1250549e+03
  -1.8452524e+03
  -1.9617657e+03
  -1.8638036e+03
  -1.8258238e+03
  -1.6731301e+03
  -1.7261678e+03
  -1.6052406e+03
  -1.5431960e+03
  -1.4555833e+03
  -1.0568484e+03
  -1.0285270e+03
  -7.3027786e+02
  -7.4274806e+02
  -8.0316651e+02
  -6.7624519e+02
  -8.0992523e+02
  -6.3816971e+02
  -6.4659595e+02
  -5.9256783e+02
  -4.6713974e+02
  -3.4796280e+02
  -2.2977190e+02
  -3.5258116e+02
  -1.5667516e+02
  -1.5940230e+02
  -1.2525398e+02
   6.4571345e+01
   5.9828167e+01
  -1.2422332e+02
  -2.5033632e+01
   2.0100484e+02
   1.9638657e+02
   1.6246596e+02
   4.0294403e+00
   2.3420324e+02
   3.0942747e+02
   1.4633159e+02
   2.8809966e+02
   1.9784360e+02
   2.0850656e+02
   1.9227026e+02
   2.0415037e+02
   1.8330435e+02
   2.5792476e+02
   2.1104901e+02
   1.6685239e+02
   2.4439113e+02
   2.0501854e+02
   2.3023535e+02
   2.3289149e+02
   2.9685326e+02
   1.1306079e+02
   2.4723608e+02
  -7.7279496e+00
   2.8770351e+02
   2.0686699e+02
   3.0898009e+02
   2.0662449e+02
   2.2160545e+02
   2.3896207e+02
   3.2204329e+02
   3.5314027e+02
   3.8970501e+02
   1.6526449e+02
   2.3394622e+02
   2.2620705e+02
   9.0693695e+01
   3.4378114e+02
   3.3747897e+02
   3.7035977e+02
   2.5159710e+02
   7.4951093e+01
   3.1943261e+02
   1.8464054e+02
   3.6312626e+02
   2.8440575e+02
   1.7761218e+02
   1.6012414e+02
   3.1760450e+02
   2.2339942e+02
   2.0477410e+02
   2.2156394e+02
   9.7048423e+01
   2.1193341e+02
   1.7556247e+02
   2.1398842e+02
   2.3086424e+02
   8.4657229e+01
   5.0229758e+01
   1.6772994e+02
   1.6053502e+02
  -1.2749781e+00
   9.5181271e+01
   2.8834887e+02
   4.3513723e+02
   1.4986486e+02
   2.3407623e+02
   4.5538518e+01
   5.2282994e+01
   2.1620534e+02
   5.8348866e+01
   7.5676289e+01
   2.9481877e+02
   3.7268554e+01
   2.4244903e+02
   3.0796294e+02
   5.9356701e+01
   9.8333641e+01
   1.5381925e+02
   2.1370402e+02
   3.4949806e+02
   2.0551501e+02
   2.9530973e+02
   1.8713217e+02
   2.1465430e+02
   1.5446015e+02
   2.0142169e+02
   1.6368091e+02
   1.5676278e+02
   2.2933711e+02
   3.6211936e+02
   2.9041965e+02
   3.9407892e+02
   1.8511859e+02
   1.4775415e+02
   1.4157982e+02
   2.1949010e+02
   1.0118967e+02
   1.2735887e+02
   1.6939316e+02
   1.7133760e+02
   1.5220003e+02
   1.7981670e+02
   2.0538858e+02
   6.7724070e+01
   5.3491465e+01
   6.6743840e+01
   9.8177280e+01
   8.5017306e+01
   1.5406902e+02
   1.5659267e+02
  -9.4267628e+00
   2.4699166e+01
   5.5835037e+01
   5.2738813e+01
  -7.5102245e+01
  -5.5781550e+01
  -1.0060320e+01
  -1.0778540e+01
  -8.4424741e+01
  -3.3532055e+01
  -2.7696142e+01
  -2.4442173e-01
   3.8433781e+00
  -1.9628237e+02
  -1.0998405e+02
  -1.3179924e+02
  -1.8397574e+02
  -1.0426501e+02
  -5.3995468e+01
  -2.4226268e+02
  -1.8477763e+02
  -1.8119242e+02
  -1.2679739e+02
  -1.9331094e+02
  -1.6550581e+02
  -2.1438214e+02
  -1.4634107e+02
  -1.3968254e+02
  -1.0748159e+02
   9.4163045e+01
  -7.1257845e+01
  -3.9029587e+01
  -7.6562167e+01
   1.3400239e+01
   6.5127904e+01
  -5.5913118e+01
  -7.9414008e+01
   1.3411462e+02
  -6.1757951e+00
  -1.1198338e+02
   2.2040264e+01
   3.3265362e+01
  -1.2384393e+02
   2.2656251e+02
  -1.4627819e+00
  -5.3881339e+01
   9.8904039e+00
   1.6666057e+02
  -1.2041704e+01
  -1.6102647e+01
  -1.9144135e+02
   8.5723562e+01
  -6.0110231e+01
  -1.7992413e+02
  -1.0540283e+02
  -1.2509679e+02
  -1.8355191e+02
  -2.5848607e+02
  -3.0377400e+02
  -1.8356946e+02
  -3.2180738e+02
  -4.9157952e+02
  -4.4031432e+02
  -5.7990727e+02
  -6.7835206e+02
  -5.7270719e+02
  -7.6136846e+02
  -7.8967403e+02
  -8.1386477e+02
  -6.2387690e+02
  -8.7072049e+02
  -9.8607169e+02
  -9.5621672e+02
  -9.8434632e+02
  -1.2651595e+03
  -1.1122549e+03
  -1.2500940e+03
  -1.3292509e+03
  -1.3560494e+03
  -1.4481293e+03
  -1.5163619e+03
  -1.4777752e+03
  -1.4026965e+03
  -1.4658418e+03
  -1.6736571e+03
  -1.6311963e+03
  -1.6386355e+03
  -1.6205331e+03
  -1.5587542e+03
  -1.6085493e+03
  -1.6490576e+03
  -1.6109546e+03
  -1.6308360e+03
  -1.5669361e+03
  -1.8431186e+03
  -1.4970062e+03
  -1.7416869e+03
  -1.6616163e+03
  -1.7241447e+03
  -1.6460581e+03
  -1.7986677e+03
  -1.6219001e+03
  -1.7584725e+03
  -1.8312028e+03
  -1.8007851e+03
  -1.9576457e+03
  -1.8068919e+03
  -1.8143552e+03
  -1.9207608e+03
  -1.7830796e+03
  -1.8008433e+03
  -1.8730280e+03
  -1.8344453e+03
  -1.7989609e+03
  -1.7235800e+03
  -1.7106409e+03
  -1.7275507e+03
  -1.8529498e+03
  -1.7372441e+03
  -1.7707743e+03
  -1.8216359e+03
  -1.7439927e+03
  -1.8157227e+03
  -1.8994556e+03
  -1.7377668e+03
  -1.7240857e+03
  -1.7646767e+03
  -1.6544164e+03
  -1.9048086e+03
  -1.8435149e+03
  -1.7821176e+03
  -1.8898650e+03
  -1.6980330e+03
  -1.6862531e+03
  -1.8374684e+03
  -1.8809070e+03
  -1.5867288e+03
  -1.8145455e+03
  -1.7820438e+03
  -1.7798598e+03
  -1.9096225e+03
  -1.7184275e+03
  -1.8823728e+03
  -1.7342295e+03
  -1.7981100e+03
  -1.8375956e+03
  -1.8036921e+03
  -1.7908345e+03
  -1.8643056e+03
  -1.8596256e+03
  -1.9729476e+03
  -1.7648202e+03
  -1.7878044e+03
  -1.8091352e+03
  -1.7840990e+03
  -1.9791662e+03
  -1.8804652e+03
  -1.8353523e+03
  -1.7171861e+03
  -1.8170552e+03
  -1.9111330e+03
  -1.8745819e+03
  -1.7416175e+03
  -1.9667611e+03
  -1.7725949e+03
  -1.8390916e+03
  -1.8968684e+03
  -1.8995302e+03
  -1.8352122e+03
  -1.8774931e+03
  -1.8242989e+03
  -2.0284088e+03
  -1.9325351e+03
  -1.9058741e+03
  -1.8146319e+03
  -1.8084008e+03
  -1.8190226e+03
  -1.8407203e+03
  -1.8531397e+03
  -1.8675011e+03
  -1.8222915e+03
  -1.9925805e+03
  -1.7549982e+03
  -1.8833976e+03
  -2.0514567e+03
  -1.8110176e+03
  -1.7949070e+03
  -1.8146067e+03
  -2.0530471e+03
  -1.7921283e+03
  -1.9128935e+03
  -1.7911262e+03
  -1.7422532e+03
  -1.8050200e+03
  -1.8255553e+03
  -1.9116121e+03
  -1.8056852e+03
  -1.8414321e+03
  -1.8954112e+03
  -1.7376825e+03
  -1.7601649e+03
  -1.9460547e+03
  -1.8521697e+03
  -1.8518166e+03
  -1.9092837e+03
  -1.8676780e+03
  -1.9804798e+03
  -1.6830209e+03
  -1.7793870e+03
  -1.7707150e+03
  -1.7331331e+03
  -1.6303549e+03
  -1.6676322e+03
  -1.4088247e+03
  -1.2220128e+03
  -1.1618675e+03
  -1.0767866e+03
  -9.7430547e+02
  -8.4335419e+02
  -8.7503729e+02
  -7.4914783e+02
  -5.9167692e+02
  -6.6413444e+02
  -5.1539784e+02
  -4.4546476e+02
  -3.3955027e+02
  -4.1815087e+02
  -1.5090717e+02
  -9.6267668e+01
  -2.5459007e+02
   1.4562906e+02
  -9.3595611e+01
   1.4981550e+01
   1.9122087e+02
   1.9532138e+02
   4.6692624e+00
   1.0820259e+01
   2.0408169e+02
   4.4757661e+01
   1.4897525e+01
   1.6122293e+02
   2.6733845e+02
   1.8567528e+02
   2.0326984e+02
   1.1725563e+02
   3.0424226e+02
   2.5221549e+02
   1.7039585e+02
   2.6124788e+02
   1.8901483e+02
   1.2039259e+02
   1.0022894e+02
   2.5491227e+02
   3.2026209e+02
   4.1059310e+02
   2.4154593e+02
   2.2451397e+02
   2.6094904e+02
   3.0961653e+02
   2.5076996e+02
   3.0790624e+02
   1.5708854e+02
   9.9005342e+01
   2.4309891e+02
   2.4880117e+02
   2.5491375e+02
   2.0221894e+02
   2.3956205e+02
   2.3360895e+02
   3.7509513e+02
   3.2397600e+02
   3.2814235e+02
   3.4399129e+02
   3.9884697e+02
   3.2858042e+02
   3.3100010e+02
   4.0678177e+02
   2.9518263e+02
   2.1774484e+02
   1.7060841e+02
   2.4358199e+02
   1.2302913e+02
   2.2365075e+02
   2.0227768e+02
   6.4339355e+01
   2.6397459e+02
   1.4463708e+02
   3.3523406e+02
   2.5988082e+02
   3.3771169e+02
   1.7480645e+02
   1.3458417e+02
   2.4960547e+02
   1.9390382e+02
   1.6743044e+02
   3.2966950e+02
   1.8802009e+02
   2.9876019e+02
   2.9142032e+02
   3.1848213e+02
   2.7989046e+02
   1.7394688e+02
   1.7100546e+02
   3.0818099e+02
   2.3129869e+02
   3.5714410e+02
   1.8693227e+02
   2.4391473e+02
   3.0472210e+02
   2.9667139e+02
   2.5115651e+02
   2.6361512e+02
   3.2720434e+02
   1.9520928e+02
   3.7471125e+02
   2.4993580e+02
   6.7660991e+01
   1.1926264e+02
   2.1733243e+02
   1.1764780e+02
   2.5018170e+02
   1.3518769e+02
   3.3234498e+02
   3.1768074e+02
   2.3433448e+02
   3.6272210e+02
   2.3543195e+02
   1.7661129e+02
   2.8262653e+02
   3.2811141e+02
   2.1079289e+02
   3.4912746e+02
   2.3351964e+02
   2.2675972e+02
   9.5883342e+01
   2.7921511e+02
   2.6087694e+02
   2.1139369e+02
   3.5107373e+02
   1.3819417e+02
   5.4756615e+01
   1.5042287e+02
   1.3350091e+02
   1.2563215e+02
   1.2956754e+02
   1.6782456e+02
   9.8016175e+01
   1.6492796e+02
   7.2688961e+01
   1.1494183e+02
   2.3972589e+02
   6.8769572e+01
   1.1084217e+01
   1.7028122e+02
  -4.1793712e+01
   2.2045358e+01
  -6.7785325e+01
  -6.0581946e+01
  -1.3697577e+01
   2.3393167e+00
  -1.5428374e+02
  -7.5555362e+01
  -7.4632076e+00
   3.1258732e+01
  -9.0236602e+01
  -7.5947719e+01
  -8.7689926e+01
  -6.8996931e+01
  -1.4244850e+02
  -1.6741727e+02
  -9.0196601e+01
  -3.4867780e+01
  -2.4209350e+02
  -3.4642624e+02
  -5.0436324e+01
  -1.0263237e+02
  -1.7058708e+02
   1.8528489e+00
  -9.9330569e+01
  -1.4803976e+01
   1.0087740e+01
  -5.0269062e+01
  -1.3470026e+01
   9.4767307e+01
  -1.1284392e+02
  -1.3691180e+02
   7.3039426e+01
  -4.7560787e+01
  -1.3149646e+02
  -1.8223604e+01
   3.4868976e+01
   2.5696446e+02
   2.0623538e+01
  -6.7434571e+01
  -2.1497501e+01
   6.7234830e+01
   9.0713939e+01
  -4.6289293e+01
  -3.6212903e+01
   1.4775193e+02
   1.2105891e+02
   2.0743845e+01
  -1.1903022e+02
   5.0232803e+01
   6.3410623e+01
  -2.9229788e+01
  -1.6373194e+02
  -2.8870326e+02
  -2.3120155e+02
  -2.7871728e+02
  -1.4294884e+02
  -1.8209851e+02
  -3.8340906e+02
  -1.9243021e+02
  -1.5501330e+02
  -1.6519635e+02
  -2.6854415e+02
  -4.1503297e+02
  -3.9484498e+02
  -5.2100934e+02
  -6.4587281e+02
  -8.0967538e+02
  -6.9877720e+02
  -8.1750802e+02
  -8.4439106e+02
  -8.6986119e+02
  -9.5735803e+02
  -9.4280795e+02
  -1.1375114e+03
  -1.2066609e+03
  -1.1904518e+03
  -1.3162438e+03
  -1.2953790e+03
  -1.3504362e+03
  -1.4644868e+03
  -1.4634590e+03
  -1.4492846e+03
  -1.3234485e+03
  -1.4982410e+03
  -1.5806156e+03
  -1.7783673e+03
  -1.6194769e+03
  -1.7108722e+03
  -1.6936394e+03
  -1.7231024e+03
  -1.7861301e+03
  -1.6560104e+03
  -1.7723968e+03
  -1.8686049e+03
  -1.7438691e+03
  -1.7207124e+03
  -1.6734969e+03
  -1.8795648e+03
  -1.8015307e+03
  -1.8806076e+03
  -1.6853080e+03
  -1.7730117e+03
  -1.7699762e+03
  -1.8909646e+03
  -1.9089858e+03
  -1.7621653e+03
  -1.7022845e+03
  -1.7845114e+03
  -1.7405934e+03
  -1.9124464e+03
  -1.6792575e+03
  -1.8615476e+03
  -2.0493704e+03
  -1.9464681e+03
  -1.7381528e+03
  -1.7381740e+03
  -1.7172885e+03
  -1.7435588e+03
  -1.7380195e+03
  -1.7280879e+03
  -1.8270804e+03
  -1.7334325e+03
  -1.7927357e+03
  -1.8404953e+03
  -1.8741451e+03
  -1.7718789e+03
  -1.7764545e+03
  -1.8000394e+03
  -1.7747227e+03
  -1.6607163e+03
  -1.6859187e+03
  -1.8507752e+03
  -1.7370877e+03
  -1.9900671e+03
  -1.9370753e+03
  -1.7558928e+03
  -1.7580716e+03
  -1.8395078e+03
  -1.8391230e+03
  -1.8752971e+03
  -1.7987409e+03
  -1.9452219e+03
  -1.6338940e+03
  -1.7847102e+03
  -2.0145340e+03
  -1.7849346e+03
  -1.8179318e+03
  -1.9431626e+03
  -1.8555178e+03
  -1.7458048e+03
  -1.8265103e+03
  -1.7640399e+03
  -1.9191162e+03
  -1.6205989e+03
  -1.7401470e+03
  -1.7447758e+03
  -1.8869565e+03
  -1.7993172e+03
  -1.9383421e+03
  -1.8380744e+03
  -1.9394972e+03
  -1.9042916e+03
  -1.8657215e+03
  -1.9446478e+03
  -1.8218551e+03
  -1.8600379e+03
  -1.6834410e+03
  -1.9577058e+03
  -1.8366829e+03
  -1.9515494e+03
  -2.0052664e+03
  -1.9190579e+03
  -1.8995705e+03
  -1.8962215e+03
  -2.0222343e+03
  -1.8771113e+03
  -1.8890988e+03
  -1.7661812e+03
  -1.8953670e+03
  -1.6818511e+03
  -1.8460710e+03
  -1.7529570e+03
  -2.1268184e+03
  -1.8001053e+03
  -1.9701710e+03
  -1.8684076e+03
  -1.9194167e+03
  -1.8999084e+03
  -1.9185199e+03
  -1.8088331e+03
  -1.7309412e+03
  -1.8203251e+03
  -1.6422241e+03
  -1.5192705e+03
  -1.4654241e+03
  -1.2587377e+03
  -1.2794011e+03
  -8.9934972e+02
  -8.2511300e+02
  -8.7696865e+02
  -7.7438776e+02
  -7.7750457e+02
  -5.9812309e+02
  -5.6130944e+02
  -5.8237675e+02
  -5.1665598e+02
  -4.4123122e+02
  -3.9299873e+02
  -3.3882738e+02
  -2.0592538e+02
  -2.5702786e+02
  -1.4586734e+02
  -9.3153236e+01
  -1.1884734e+02
  -5.4388814e+01
   6.2418573e+01
   1.1620871e+02
   4.0134660e+01
   1.3752344e+02
   7.6101620e+01
   1.3218742e+02
   2.4256852e+02
   2.9947531e+02
   2.3316294e+02
   2.5357924e+02
   2.0312584e+02
   9.0443584e+01
   2.4400911e+02
   1.6461849e+02
   3.7768240e+02
   1.7729732e+02
   1.7255064e+02
   1.4454554e+02
   1.8997629e+02
   3.3214957e+02
   1.0846454e+02
   1.6863796e+02
   4.6166792e+01
   1.2625257e+02
   2.9507871e+02
   2.7112881e+02
   1.4318830e+02
   2.4978445e+02
   3.1299631e+02
   1.8652086e+02
   1.7209912e+02
   5.6184222e+01
   2.4083614e+02
   2.3782246e+02
   3.2257645e+02
   2.0689291e+02
   1.9897586e+02
   3.3819454e+02
   2.6598471e+02
   1.3919889e+02
   2.2778272e+02
   2.2345471e+02
   3.0464651e+02
   1.6241992e+02
   1.1081351e+02
   3.2001492e+02
  -1.0493969e+02
  -1.7985143e+01
   1.1760395e+02
   1.7189020e+02
   1.5014542e+02
   3.0694739e+02
  -2.5968763e+01
   3.3340243e+02
   6.0039636e+01
   4.0846373e+01
  -6.8001860e+01
   2.4689655e+02
   2.1387682e+02
   1.6708029e+02
   6.8136201e+01
   2.0463344e+02
   1.1507525e+02
   4.6751047e+01
  -2.0979954e+01
   2.0316362e+02
   1.7429849e+02
   7.8804480e+01
   2.3149993e+02
   1.1802523e+02
   1.5645060e+02
  -4.8750314e+01
   2.1664675e+02
   1.2683321e+02
   1.5334905e+02
   2.0276585e+02
   2.0948460e+02
   8.3574048e+01
  -7.6869064e+01
   6.6516445e+01
  -4.5469729e+01
   1.3055904e+02
   8.4537912e+01
   2.2163642e+01
   1.1102138e+02
   9.2274414e+00
   2.4369225e+02
   3.8616929e+01
   4.4712804e+01
   1.8350047e+02
   1.8179287e+02
   4.7992475e+01
   1.5415391e+02
   2.0635788e+02
   1.2466365e+02
  -8.9754611e+01
   2.6131864e+02
   1.9170826e+02
  -5.5352266e+00
   1.3189367e+00
  -1.8074939e+01
   3.4158711e+01
   1.4122114e+02
   6.2067583e+01
  -5.6089389e+01
   8.2820125e+01
  -3.1326041e+01
  -1.5736544e+02
   7.8879995e+01
  -4.1801537e+01
  -2.7942108e+02
  -1.7436270e+02
  -6.0770472e+01
  -1.2056421e+02
  -1.0299458e+02
  -6.3111067e+01
  -1.4405019e+02
  -1.1060525e+02
  -8.1118027e+01
  -6.3321846e+01
  -2.6195580e+02
  -1.1231250e+02
  -2.1443591e+02
  -2.4359510e+02
  -2.0519866e+02
  -2.2485832e+02
  -2.1558615e+02
  -2.8202862e+02
  -3.6360600e+02
  -1.9894733e+02
  -3.0795520e+02
  -1.5823146e+02
  -2.4405061e+02
  -3.2439713e+02
  -1.4346879e+02
  -2.1746701e+02
  -4.3212010e+02
  -1.1240212e+02
  -8.6832334e+01
  -4.7013319e+01
  -1.2585411e+02
  -1.9364957e+02
  -1.9810528e+02
  -3.1845402e+02
  -1.5969129e+02
  -1.7296379e+02
  -1.4425143e+02
  -2.7025833e+02
  -2.2408645e+02
  -7.5049043e+00
  -2.0349441e+02
  -7.0956705e+01
  -1.0333877e+02
  -6.2499396e+01
  -1.8766987e+02
   9.6631361e+01
   2.5990302e+00
  -1.2660061e+02
  -1.5854692e+02
  -8.7256824e+00
  -2.2962908e+02
  -8.9552024e+01
  -2.6704881e+01
  -5.0023287e+01
  -8.7935522e+01
   6.7901722e+01
  -1.6702495e+02
  -7.1385836e+01
  -1.4898318e+02
  -2.1471230e+02
  -1.2378392e+02
   5.8762505e+01
  -1.1279520e+02
  -2.6672134e+02
  -3.2722762e+02
  -9.8684264e+01
  -3.6085286e+02
  -2.8598881e+02
  -3.8430873e+02
  -2.1419538e+02
  -2.6282625e+02
  -3.2023642e+02
  -4.9530202e+02
  -4.5710059e+02
  -4.6080425e+02
  -4.7617700e+02
  -7.0195718e+02
  -5.1741356e+02
  -6.3856754e+02
  -5.6424659e+02
  -7.8707091e+02
  -7.8564012e+02
  -9.2056135e+02
  -6.6414080e+02
  -9.0555010e+02
  -1.0140243e+03
  -8.3977136e+02
  -1.0338513e+03
  -1.0603612e+03
  -1.2819690e+03
  -1.3997477e+03
  -1.3282405e+03
  -1.4528907e+03
  -1.4537380e+03
  -1.3606589e+03
  -1.4619757e+03
  -1.5492390e+03
  -1.7009762e+03
  -1.6886896e+03
  -1.6801467e+03
  -1.6296205e+03
  -1.6684954e+03
  -1.8188641e+03
  -1.8740274e+03
  -1.8537349e+03
  -1.7483178e+03
  -1.8667371e+03
  -1.9098475e+03
  -1.8128341e+03
  -1.7888915e+03
  -2.0099949e+03
  -1.6937284e+03
  -1.9418252e+03
  -1.8761986e+03
  -1.8507633e+03
  -1.8842805e+03
  -1.7477119e+03
  -1.7262024e+03
  -1.7481981e+03
  -1.8373519e+03
  -1.7919915e+03
  -1.9107854e+03
  -1.7866952e+03
  -1.7216609e+03
  -1.7572836e+03
  -1.8897644e+03
  -1.9286938e+03
  -1.9860276e+03
  -1.7368089e+03
  -1.8680789e+03
  -1.8927646e+03
  -1.8510130e+03
  -1.8022436e+03
  -1.7002251e+03
  -1.9985387e+03
  -1.9961007e+03
  -1.7314985e+03
  -1.9272044e+03
  -1.6924304e+03
  -1.8139551e+03
  -1.7578416e+03
  -1.8413040e+03
  -1.9061513e+03
  -1.8359830e+03
  -1.7465135e+03
  -1.6584577e+03
  -1.9021423e+03
  -1.7965905e+03
  -1.8351887e+03
  -1.9168174e+03
  -1.8957356e+03
  -1.9381575e+03
  -1.9527829e+03
  -1.9361933e+03
  -1.8152155e+03
  -1.7036509e+03
  -1.8832181e+03
  -1.7313304e+03
  -1.9000685e+03
  -1.7146445e+03
  -1.8874105e+03
  -1.7715325e+03
  -1.8653896e+03
  -1.8546081e+03
  -1.9076901e+03
  -1.8797564e+03
  -1.8404060e+03
  -1.8413393e+03
  -1.9515212e+03
  -1.8939366e+03
  -1.8848481e+03
  -1.9279255e+03
  -1.7540090e+03
  -1.8162356e+03
  -1.6970162e+03
  -1.9588259e+03
  -1.8447495e+03
  -1.8485055e+03
  -1.8721385e+03
  -1.8155676e+03
  -1.7565786e+03
  -1.8208711e+03
  -1.8928012e+03
  -1.9810675e+03
  -1.9549270e+03
  -1.8282341e+03
  -1.8107463e+03
  -1.9359498e+03
  -1.8525814e+03
  -1.7616898e+03
  -1.8062480e+03
  -1.9096698e+03
  -1.8718951e+03
  -1.7704774e+03
  -1.7949753e+03
  -1.9956834e+03
  -1.7918781e+03
  -2.0155285e+03
  -1.8342861e+03
  -1.9737072e+03
  -1.8853769e+03
  -1.9056754e+03
  -1.7857565e+03
  -1.9415083e+03
  -1.8610788e+03
  -1.9234947e+03
  -1.8722262e+03
  -1.8749859e+03
  -1.8776315e+03
  -1.9489407e+03
  -1.7422578e+03
  -2.0452822e+03
  -2.0761863e+03
  -1.7472073e+03
  -1.8691541e+03
  -1.7564685e+03
  -1.7120278e+03
  -1.6031282e+03
  -1.6305281e+03
  -1.4513289e+03
  -9.4362519e+02
  -1.0504410e+03
  -7.8879142e+02
  -9.0293188e+02
  -8.5971709e+02
  -5.8223065e+02
  -6.5568836e+02
  -4.7525567e+02
  -5.6663149e+02
  -5.9634793e+02
  -4.9871443e+02
  -3.9549505e+02
  -2.0015748e+02
  -1.7387788e+02
  -1.2350163e+02
  -9.8204655e+01
  -7.1913407e+01
  -7.3239540e+00
  -8.7443185e+00
  -2.0322434e+02
  -1.0716152e+02
  -7.2294378e+01
   8.4430809e+01
  -4.5175750e+01
   9.0978383e+01
   1.5523162e+00
   9.5829804e+01
   2.8483524e+01
  -2.1728247e+01
  -2.6564112e+01
   2.9280316e+02
   1.6690807e+02
   5.0175797e+01
   1.4529374e+02
   1.5176132e+02
   1.3187522e+02
   1.6972536e+02
   2.2966426e+02
   3.3525244e+02
   2.2676655e+02
   2.2505529e+02
   2.7087614e+02
   3.8907058e+02
   3.0661417e+02
   2.7884250e+02
   3.1483015e+02
   4.6284747e+02
   3.9751525e+02
   1.9339375e+02
   4.1302231e+02
   3.2051993e+02
   2.3456526e+02
   3.0727253e+02
   3.5650735e+02
   2.1054871e+02
   2.9508439e+02
   2.9451007e+02
   2.7679431e+02
   3.2017657e+02
   1.5941769e+02
   2.6080929e+02
   8.0328721e+01
   3.3405414e+02
   2.9680379e+02
   4.5353865e+02
   1.3331071e+02
   2.5980142e+02
   2.0065458e+02
   1.1922901e+02
   4.8078192e+01
   2.1813524e+02
  -4.8742992e+01
   3.7598555e+02
   4.8828980e+01
   1.6577789e+02
   1.2367040e+02
   1.9590951e+02
   7.0559350e+01
   2.1580367e+02
   7.3724194e+01
   1.3373819e+02
   1.6290268e+02
   1.2457511e+02
  -1.8727445e+01
   1.1687140e+02
   1.1348425e+02
  -1.8130265e+01
   3.6448697e+02
   1.7503803e+02
   1.8031353e+02
  -6.4484981e+00
   9.0572497e+01
   1.1007777e+01
   7.3162599e+01
   3.3053681e+01
  -1.0769370e+02
   1.3756608e+02
   4.2011298e+01
  -9.4492025e+01
   3.0084299e+01
  -2.6820751e+01
   2.1721318e+02
   2.2862740e+02
   1.2166381e+02
  -6.0243113e+01
   1.1329967e+02
  -1.9086621e+01
  -2.3655880e+00
   8.5938595e+01
   7.7973192e+01
  -2.1208207e+01
   4.0453227e+01
  -2.8636530e+01
  -1.3043227e+02
   5.7699757e+01
   8.3640055e+01
  -4.1294496e+00
   1.3082364e+02
  -1.2457312e+02
   4.3339667e+01
   1.1311186e+02
  -5.8601476e+01
  -1.2142666e+02
   5.1644744e+01
  -9.6016172e+01
  -5.3559703e+01
  -2.0499987e+02
  -5.5751411e+01
  -7.4825303e+01
  -4.6305733e+01
   1.1073178e+02
  -1.5228236e+02
  -2.5187740e+02
  -2.2075868e+02
  -1.9740249e+02
  -1.4525021e+02
  -2.4930910e+02
  -1.5443948e+02
  -2.6903322e+02
  -1.5694814e+02
  -3.2410402e+02
   2.5450687e+01
  -2.0604154e+02
  -1.2336950e+02
  -1.2341791e+02
  -2.0984644e+02
  -4.0236414e+02
  -1.0596575e+02
  -2.0302886e+02
  -1.8788834e+02
  -2.4477533e+02
  -2.0652380e+02
  -1.7579583e+02
  -1.1435791e+02
  -2.7732930e+02
  -1.2723241e+02
  -7.4070005e+01
  -2.7346055e+02
  -2.8915335e+02
  -9.6889488e+01
  -1.5392996e+02
  -1.7000492e+02
  -1.4974234e+02
  -1.2987200e+01
  -1.0032152e+01
  -4.0995307e+01
  -8.8078183e+00
  -2.9836681e+01
  -6.1544597e+01
   9.4543674e+00
  -6.9521448e+01
   1.0464068e+01
   7.9685497e+01
   1.6500374e+01
   6.5970861e+01
   2.9735893e+01
   6.1322575e+01
   9.4458415e+01
   5.2992151e+01
   1.6616999e+01
   3.2021897e+01
  -3.4355314e+01
  -4.2983669e+01
   5.6816449e+01
  -1.6519501e+02
  -1.1438892e+02
   8.4988822e+00
  -3.2662307e+01
   1.5514275e+01
  -1.8705245e+01
  -2.0292377e+02
  -2.0723639e+02
  -8.6988604e+01
  -2.7342477e+01
  -3.1625859e+02
  -4.1331011e+02
  -3.9002994e+02
  -2.3185052e+02
  -3.6483417e+02
  -4.8151260e+02
  -4.6365591e+02
  -2.9377975e+02
  -5.3839545e+02
  -7.6965379e+02
  -6.7136764e+02
  -6.7288146e+02
  -8.6564541e+02
  -7.7281480e+02
  -9.1687006e+02
  -9.5471089e+02
  -1.1252818e+03
  -1.0281947e+03
  -1.0773625e+03
  -1.2160179e+03
  -1.4060648e+03
  -1.1925571e+03
  -1.3314188e+03
  -1.4869565e+03
  -1.4525642e+03
  -1.4365148e+03
  -1.5801815e+03
  -1.4965464e+03
  -1.6222397e+03
  -1.6827419e+03
  -1.5908337e+03
  -1.7238181e+03
  -1.6837150e+03
  -1.5686242e+03
  -1.6329813e+03
  -1.6638007e+03
  -1.6611154e+03
  -1.6031257e+03
  -1.9097817e+03
  -1.6867060e+03
  -1.7320331e+03
  -1.7709338e+03
  -1.7481049e+03
  -1.9110413e+03
  -1.6382775e+03
  -1.7944736e+03
  -1.7976081e+03
  -1.7951494e+03
  -1.6638327e+03
  -1.7254772e+03
  -1.9447630e+03
  -1.7402940e+03
  -1.7523669e+03
  -1.8382447e+03
  -1.8492098e+03
  -1.9048968e+03
  -1.9666784e+03
  -1.7903402e+03
  -1.7270232e+03
  -1.7892632e+03
  -1.7117709e+03
  -1.9325137e+03
  -1.7951269e+03
  -1.8917288e+03
  -1.8962101e+03
  -2.0545779e+03
  -1.8900072e+03
  -1.7363631e+03
  -1.9076849e+03
  -1.8745522e+03
  -1.7659378e+03
  -1.8530439e+03
  -1.6415847e+03
  -1.7481708e+03
  -1.7875833e+03
  -1.9680690e+03
  -1.9190284e+03
  -1.7192300e+03
  -1.8733237e+03
  -1.8716387e+03
  -1.6657023e+03
  -1.7319745e+03
  -1.8517878e+03
  -1.8472695e+03
  -1.9766480e+03
  -1.9232858e+03
  -1.7472017e+03
  -1.9601817e+03
  -1.9182098e+03
  -1.7977607e+03
  -2.0116543e+03
  -1.9786564e+03
  -1.8599421e+03
  -1.8818496e+03
  -1.8118943e+03
  -1.8103419e+03
  -1.8957349e+03
  -1.8362621e+03
  -1.9225631e+03
  -2.0949297e+03
  -1.7866743e+03
  -1.8688325e+03
  -1.9971664e+03
  -1.8613846e+03
  -1.8691369e+03
  -1.9111074e+03
  -1.9649595e+03
  -1.9118900e+03
  -1.9069648e+03
  -1.8358010e+03
  -2.0198971e+03
  -1.8948061e+03
  -1.8331323e+03
  -2.0129982e+03
  -1.9748572e+03
  -1.8960893e+03
  -1.8307983e+03
  -1.7249176e+03
  -1.7341740e+03
  -1.8271176e+03
  -1.7385178e+03
  -1.9423929e+03
  -1.9074201e+03
  -1.7820937e+03
  -1.9588638e+03
  -1.8970102e+03
  -1.7492594e+03
  -1.7798600e+03
  -1.7285523e+03
  -1.8144783e+03
  -1.9156682e+03
  -1.8492084e+03
  -1.7163907e+03
  -1.6799141e+03
  -1.7266613e+03
  -1.6604427e+03
  -1.4773621e+03
  -1.5749568e+03
  -1.3199035e+03
  -1.2255191e+03
  -1.0794055e+03
  -9.0633698e+02
  -7.0688800e+02
  -7.6754849e+02
  -6.6549163e+02
  -5.4931889e+02
  -5.6077753e+02
  -4.5303274e+02
  -5.6365500e+02
  -4.4089337e+02
  -7.3711793e+02
  -5.1023467e+02
  -3.2474516e+02
  -1.5906280e+02
  -3.6947246e+02
  -1.3495259e+02
   6.6841507e+01
  -1.2583296e+02
  -7.5942727e+01
  -3.1857190e+01
   5.9046569e+01
  -1.5719969e+02
   1.2975387e+02
   1.5515030e+01
   2.1319372e+02
   3.2910837e+01
   1.5396576e+02
   9.4644527e+01
   2.6120783e+02
   2.1601621e+01
   3.0774119e+01
   7.1176688e+01
   1.1174421e+02
   1.9468343e+02
   2.5258220e+02
   1.2080933e+02
   1.4181649e+02
   1.3358418e+02
   2.3482720e+02
   2.1609086e+02
   6.5295794e+01
   2.5775621e+02
   2.5664427e+02
   2.3778484e+02
   1.2896237e+02
   2.4320547e+02
   1.2691751e+02
   2.9497397e+02
   2.1595783e+02
   1.1531101e+02
   1.7249205e+02
   1.3845210e+02
   3.1384927e+01
   1.2687835e+02
   1.9559290e+02
   9.8132288e+01
   4.9146192e+01
   2.0503609e+02
  -2.2136147e+01
   7.2489241e+01
   5.9686881e+01
   1.8099966e+01
  -7.5662148e+01
   6.4836962e+01
  -5.5275164e+01
   1.1954544e+02
  -6.5482705e+01
  -1.4544155e+02
  -5.5030300e+01
   1.2307016e+01
   1.0933636e+02
  -4.0005802e+01
  -9.5908004e+01
  -1.2472876e+02
  -1.4853668e+01
  -8.9325165e+01
  -9.5240043e+01
  -5.5264314e+00
  -1.5051850e+01
  -1.7652716e+02
  -1.7536708e+02
  -2.6358796e+02
  -9.1050290e+01
  -2.2534868e+02
  -2.9492410e+02
  -1.6652354e+02
  -2.6234606e+01
  -2.5238015e+02
  -1.5039362e+02
  -2.1376606e+02
  -2.1505103e+02
  -2.0254155e+02
  -1.7083404e+02
  -1.6169003e+02
  -3.1094273e+02
  -1.6229235e+02
  -2.1260318e+02
  -1.6088264e+02
  -1.6670762e+02
  -4.5678622e+01
  -1.2897817e+02
  -2.8865590e+02
  -1.4632697e+02
  -3.5714012e+02
  -2.8530216e+02
  -1.9386564e+02
  -3.4227071e+02
  -1.3465459e+02
  -2.0420439e+02
  -2.3603476e+02
  -1.9721326e+02
  -2.2831944e+02
  -2.0804235e+02
  -3.5653124e+02
  -2.3401606e+02
  -1.1835772e+02
  -3.6691671e+02
  -2.1284669e+02
  -1.6697915e+02
  -2.0741066e+02
  -1.2569450e+02
  -2.4293197e+02
  -1.8615736e+02
  -2.0725021e+02
  -1.6084890e+02
  -2.7368242e+02
  -2.0806665e+02
  -3.3595645e+02
  -2.2092628e+02
  -3.9370790e+02
  -4.4748318e+02
  -2.6945823e+02
  -2.7793502e+02
  -2.5479290e+02
  -4.1992384e+02
  -2.0591693e+02
  -2.4164187e+02
  -2.2010276e+02
  -1.5013065e+02
  -2.6166197e+02
  -3.1331031e+02
  -3.3532307e+02
  -2.4549507e+02
  -2.5459719e+02
  -2.2584266e+02
  -3.5637171e+02
  -2.0810230e+02
  -1.9322324e+02
  -2.9605386e+02
  -6.2527409e+01
  -1.6585056e+02
  -2.2128362e+02
  -1.5658985e+02
  -1.5906653e+02
  -1.5511937e+02
  -9.2065100e+01
  -6.4371057e+01
  -9.7290513e+01
  -1.8734899e+02
  -2.3753829e+02
  -1.8103427e+02
  -8.0389010e+01
  -8.4734385e+01
  -1.1865553e+02
  -7.7735112e+01
  -1.1925391e+02
  -1.2613665e+01
  -9.9778694e+01
  -8.0817318e+01
  -8.3436347e+01
   2.1949968e+01
   1.2122139e+02
  -2.3343675e+01
  -4.0214174e+01
   4.5973125e+01
  -4.2771792e+00
  -9.2695624e+01
  -3.6771480e+01
  -1.2474933e+02
   8.7891781e+01
  -1.5836234e+01
   2.1679436e+01
  -4.7755090e+01
   6.0690813e+01
  -3.5765217e+01
   2.2196936e+01
   4.5799722e+01
   2.6151350e+01
  -4.2530141e+00
   2.0119412e+01
  -1.6707963e+02
  -1.2197380e+02
  -1.9194612e+01
   2.2460443e+02
  -8.7396650e+00
  -4.5725938e+01
  -1.1524308e+02
   1.9881939e+01
  -8.0848570e+01
  -1.7274066e+02
  -2.2381220e+02
  -1.8064308e+02
  -3.7276080e+02
  -1.3720823e+02
  -2.2363795e+02
  -1.7866503e+02
  -3.9342384e+02
  -3.3933873e+02
  -4.1207874e+02
  -6.2488952e+02
  -6.8097306e+02
  -6.8861345e+02
  -6.9856006e+02
  -5.2953771e+02
  -8.2476710e+02
  -8.1471316e+02
  -8.3555312e+02
  -9.8262638e+02
  -1.1007524e+03
  -1.1039455e+03
  -1.2280516e+03
  -1.2151015e+03
  -1.3054863e+03
  -1.2996658e+03
  -1.3559626e+03
  -1.5152949e+03
  -1.6403257e+03
  -1.5932088e+03
  -1.6413414e+03
  -1.7072593e+03
  -1.8259409e+03
  -1.5775028e+03
  -1.5398929e+03
  -1.7885566e+03
  -1.7931718e+03
  -1.6684755e+03
  -1.7759220e+03
  -1.8018476e+03
  -1.6198997e+03
  -1.9097299e+03
  -1.6354894e+03
  -1.7496836e+03
  -1.6682076e+03
  -1.6965153e+03
  -1.6140881e+03
  -1.5937362e+03
  -1.6341985e+03
  -1.6299542e+03
  -1.7545484e+03
  -1.6481062e+03
  -1.6483376e+03
  -1.7680278e+03
  -1.7171277e+03
  -1.6213030e+03
  -1.7924645e+03
  -1.8364511e+03
  -1.8144263e+03
  -1.6610708e+03
  -1.7362867e+03
  -1.8437174e+03
  -1.8379665e+03
  -1.8404987e+03
  -1.7708155e+03
  -1.8341949e+03
  -1.8495751e+03
  -1.8237939e+03
  -1.7868934e+03
  -1.8604514e+03
  -1.8587734e+03
  -1.8917516e+03
  -1.8956707e+03
  -1.8498258e+03
  -1.8708213e+03
  -1.7722383e+03
  -1.9942647e+03
  -1.7293354e+03
  -1.7755190e+03
  -1.7789643e+03
  -1.9699483e+03
  -1.9446156e+03
  -1.9870892e+03
  -1.9541705e+03
  -1.8707396e+03
  -1.8605181e+03
  -1.8475315e+03
  -1.7996343e+03
  -1.8132688e+03
  -1.9700216e+03
  -1.8232758e+03
  -1.7513364e+03
  -1.9651030e+03
  -1.8567958e+03
  -1.7197125e+03
  -1.8560473e+03
  -1.9793889e+03
  -1.8827806e+03
  -1.7636145e+03
  -1.7654569e+03
  -1.8522347e+03
  -1.8129550e+03
  -1.7888156e+03
  -1.9305100e+03
  -1.8017407e+03
  -1.8196725e+03
  -1.9151851e+03
  -1.9460508e+03
  -2.1009643e+03
  -1.8514504e+03
  -1.9607678e+03
  -1.9819118e+03
  -1.8009365e+03
  -1.8410772e+03
  -1.8191787e+03
  -1.9184390e+03
  -1.8838867e+03
  -1.8239426e+03
  -1.7967029e+03
  -2.0216295e+03
  -1.8955254e+03
  -1.9722689e+03
  -1.8438734e+03
  -1.8861865e+03
  -1.7758413e+03
  -2.0201788e+03
  -1.8083261e+03
  -1.9593868e+03
  -1.8308746e+03
  -1.8866711e+03
  -1.8040601e+03
  -1.8733649e+03
  -1.8909880e+03
  -1.8674558e+03
  -1.8290682e+03
  -1.8903522e+03
  -1.8530688e+03
  -1.8521632e+03
  -1.8171217e+03
  -1.8180039e+03
  -1.4392443e+03
  -1.5614629e+03
  -1.1258195e+03
  -1.1504794e+03
  -8.0977229e+02
  -7.1618325e+02
  -7.5123510e+02
  -6.0338624e+02
  -5.7989222e+02
  -5.6274412e+02
  -4.8773336e+02
  -4.2383186e+02
  -2.1191622e+02
  -2.9805443e+02
  -3.0864380e+02
  -1.1952106e+02
  -2.7940010e+01
  -8.6489296e+01
  -2.3974555e+01
   5.4283356e+00
  -7.9004224e+01
   6.1369520e+01
   1.5063917e+02
   1.8355827e+01
   5.9789088e+01
   1.8217466e+02
   3.1076010e+02
   2.6965614e+01
   2.3871592e+02
   1.6553031e+02
   1.7212860e+02
   1.0480297e+02
   2.1650458e+02
   1.4442055e+02
   1.0024747e+02
   2.5664227e+02
   2.4124264e+02
   2.4478815e+02
   6.7048380e+01
   1.7040575e+02
   1.6357763e+02
   8.9292441e+01
   1.3445370e+02
   2.9327828e+02
   2.1872417e+02
   2.6621189e+02
   9.5752662e+01
   1.7816809e+02
   2.4034393e+02
   1.1840330e+02
   1.7346991e+02
   5.2594963e+00
   1.7311053e+02
   2.3246876e+02
   2.2358803e+02
   2.0660565e+01
   1.6634917e+02
   5.2316233e+01
   3.0398585e+02
   2.7018234e+02
  -9.3762240e+00
   2.2174153e+02
   2.1284354e+02
   1.2501020e+02
   1.7249192e+02
   3.3933703e+01
   7.9386212e+01
   1.0588367e+02
   1.5286611e+02
   2.4906085e+00
   1.2824404e+02
  -1.4262169e+02
   5.2274012e+01
  -1.4357658e+01
   3.6606231e+01
  -9.4459125e+00
   3.1302700e+01
  -1.5166918e+02
   1.7208852e+02
  -6.0736753e+00
   2.9827755e+01
   1.2915589e+02
   6.9125400e+01
  -5.9310941e+01
  -7.2248897e+01
   3.9189751e+01
  -7.4744490e+01
  -1.0465966e+02
  -4.5465821e+01
   3.4779317e+01
   9.4703380e+01
   2.2475071e+02
  -2.2218770e+01
  -1.1342416e+02
  -1.1830431e+02
  -8.4187039e+01
  -1.6130469e+02
  -1.6149594e+02
   6.5382656e+01
  -1.4637423e+02
  -1.9344674e+02
  -1.6961437e+02
  -1.1784399e+02
  -5.8487602e+01
   5.3210997e+01
   1.1815766e+02
  -8.9842972e+01
  -1.5733906e+02
  -5.5466099e+01
  -7.6290529e+00
  -1.8733847e+02
  -6.1973800e+01
  -2.7837717e+01
  -1.2851095e+02
   2.9445515e+01
   6.9408856e+01
   4.9028656e+00
  -3.9727830e+00
  -4.1685581e+00
   5.6788435e+00
   7.3479503e+01
  -5.8010503e+01
   1.6847701e+00
  -4.0703147e+00
  -2.3367725e+02
  -1.8023381e+02
  -3.8516221e+02
  -1.6759054e+02
  -1.9821804e+02
  -1.6066107e+02
  -1.8469275e+02
  -3.2769942e+02
  -2.0238308e+01
  -3.6633252e+02
  -3.9404171e+02
  -3.3189251e+02
  -2.0049399e+02
  -4.1429683e+02
  -2.3136747e+02
  -3.1782665e+02
  -2.5323939e+02
  -3.7506230e+02
  -4.1479735e+02
  -2.4554623e+02
  -2.9085285e+02
  -3.4117332e+02
  -2.3114382e+02
  -2.1061137e+02
  -2.8219263e+02
  -3.2419168e+02
  -3.4012963e+02
  -3.4178224e+02
  -1.8793188e+02
  -2.4838500e+02
  -2.6463230e+02
  -2.2728936e+02
  -2.1006906e+02
  -1.2483518e+02
  -2.9015011e+02
  -1.5189339e+02
  -1.8458253e+02
  -3.6102118e+02
  -2.3429104e+02
  -2.1705010e+02
  -2.2616198e+01
  -2.0866882e+02
  -1.2826509e+02
   6.3011437e+01
  -1.3356902e+02
  -1.4298490e+02
   4.2347045e+01
  -5.0239641e+01
  -7.7191795e+01
  -3.1270798e+01
  -6.6071274e+01
   1.2606668e+01
  -1.8765569e+02
  -9.5429967e+01
  -1.7895522e+01
  -3.8473311e+01
  -2.5067164e+02
   5.9380247e+00
  -8.1375100e+01
  -8.5027130e+00
  -1.2307594e+01
  -3.3905962e+01
   7.4198196e+00
   9.0710891e+01
  -3.3284410e+00
  -3.2660119e+01
  -8.5041385e+01
  -7.5406987e+01
  -3.1583194e+01
  -1.1325404e+01
   5.0741108e+01
   3.8835884e+00
   1.1866103e+02
  -3.6475463e+01
  -2.0769495e+02
   8.6266038e+01
  -1.8579916e+02
  -1.8690417e+02
  -9.5302337e+01
  -1.0071013e+02
   3.4701032e+01
  -3.2877040e+02
  -2.6016006e+02
  -3.1352974e+02
  -1.8874919e+02
  -2.2036038e+02
  -2.5935122e+02
  -3.2305433e+02
  -4.1026331e+02
  -4.4926065e+02
  -5.1454989e+02
  -4.8915342e+02
  -6.7562393e+02
  -7.7641583e+02
  -8.4189583e+02
  -8.2667205e+02
  -1.0333810e+03
  -9.5482227e+02
  -1.1799339e+03
  -1.1144831e+03
  -1.3056563e+03
  -1.3509872e+03
  -1.5712784e+03
  -1.5469198e+03
  -1.4014183e+03
  -1.5411790e+03
  -1.7549403e+03
  -1.4546735e+03
  -1.5507390e+03
  -1.5639969e+03
  -1.7289779e+03
  -1.7986723e+03
  -2.0080340e+03
  -1.5488603e+03
  -1.8794335e+03
  -1.7681220e+03
  -1.9226523e+03
  -1.6055118e+03
  -1.6544254e+03
  -1.8561558e+03
  -1.7000982e+03
  -1.6794769e+03
  -1.6326018e+03
  -1.8976517e+03
  -1.8248434e+03
  -1.7614948e+03
  -1.8849007e+03
  -1.6481335e+03
  -1.9005977e+03
  -1.8652486e+03
  -1.8896845e+03
  -1.7100262e+03
  -1.7483426e+03
  -1.7120973e+03
  -1.8277354e+03
  -1.8437688e+03
  -1.8588606e+03
  -1.7657600e+03
  -1.8828437e+03
  -1.7502241e+03
  -1.8166363e+03
  -1.6473839e+03
  -1.7519278e+03
  -1.7517711e+03
  -1.7106458e+03
  -1.8005793e+03
  -1.9422816e+03
  -1.8641308e+03
  -1.9805066e+03
  -1.9307239e+03
  -1.7825386e+03
  -1.9975031e+03
  -1.8769331e+03
  -1.9813174e+03
  -1.8090812e+03
  -1.7711238e+03
  -1.9348316e+03
  -1.8439788e+03
  -1.8720041e+03
  -1.8812346e+03
  -1.9023620e+03
  -1.8051919e+03
  -1.7622262e+03
  -1.7506703e+03
  -1.8713146e+03
  -1.9742883e+03
  -1.7636181e+03
  -1.7508514e+03
  -2.0163346e+03
  -1.9415014e+03
  -1.9782009e+03
  -1.9412449e+03
  -1.7688657e+03
  -1.8593653e+03
  -1.8826961e+03
  -1.8120573e+03
  -1.8334606e+03
  -1.8277347e+03
  -1.7265787e+03
  -1.7601740e+03
  -1.9569852e+03
  -1.7763974e+03
  -1.9585315e+03
  -1.8590574e+03
  -1.9040323e+03
  -2.0118104e+03
  -1.7032095e+03
  -2.0491295e+03
  -1.9848979e+03
  -1.8905336e+03
  -1.9756768e+03
  -1.8629403e+03
  -1.8686403e+03
  -1.9822216e+03
  -2.0804902e+03
  -1.9254217e+03
  -1.7016186e+03
  -2.0876699e+03
  -1.7770731e+03
  -1.9789072e+03
  -1.9035638e+03
  -1.9514556e+03
  -1.6610108e+03
  -2.0540649e+03
  -1.8245497e+03
  -1.9487328e+03
  -1.9472242e+03
  -1.9665401e+03
  -1.8879334e+03
  -1.9887710e+03
  -1.9321626e+03
  -1.7708539e+03
  -1.8043104e+03
  -1.8344793e+03
  -1.7504590e+03
  -1.7944693e+03
  -1.9999380e+03
  -1.8600505e+03
  -1.9184596e+03
  -1.8090427e+03
  -1.8596162e+03
  -1.7868310e+03
  -1.7872979e+03
  -1.4936827e+03
  -1.3164361e+03
  -1.3590279e+03
  -1.1202403e+03
  -8.8522437e+02
  -9.4715286e+02
  -9.7601018e+02
  -9.7899458e+02
  -8.8078819e+02
  -8.7917641e+02
  -8.2017004e+02
  -7.8913230e+02
  -6.9908941e+02
  -6.2215569e+02
  -5.7407317e+02
  -6.1231503e+02
  -5.2588817e+02
  -3.5180940e+02
  -2.6369506e+02
  -3.6811434e+02
  -3.8715753e+02
  -2.7798761e+02
  -3.5393020e+02
  -3.0747728e+02
  -4.6713308e+01
  -6.4285044e+01
  -3.9652003e+01
  -8.3843329e+01
  -1.8467719e+02
  -6.0305258e+01
  -1.2016340e+02
   1.2466089e+02
   5.0546666e+01
  -1.0199044e+02
  -5.6080119e+01
  -7.3843245e+01
  -3.3099174e+01
  -7.1532392e+01
   7.2935423e+01
   9.7255921e+01
   1.0049085e+02
  -8.0260707e+00
   1.0085893e+02
  -1.0206868e+02
   2.2687561e+02
   1.0973041e+02
  -4.5881371e+01
   8.9587021e+01
   1.2265638e+02
   2.0511770e+02
   1.6144646e+02
   1.4596288e+02
   4.1752344e+01
   1.7538264e+01
   1.8283371e+02
   2.1638154e+02
   1.7805857e+02
   1.1995181e+02
   8.7281505e+01
   1.7607538e+02
   2.2866294e+02
   2.3455204e+02
   1.5666233e+02
   2.0389279e+02
   1.7801030e+02
   1.7894161e+02
   3.5718279e+02
   2.0848855e+02
   2.9484984e+02
   3.8730569e+01
   2.1382835e+02
   3.0709031e+02
   2.0282070e+02
   3.0905127e+02
   2.7633126e+02
   1.2383563e+02
   2.6634566e+02
   1.4348133e+02
   1.8537602e+02
   2.2667641e+02
   2.9097494e+02
   2.7327072e+02
   1.5422934e+02
   1.6216666e+02
   1.3580612e+02
   1.7016442e+02
   1.7986777e+02
   1.8346546e+02
   2.6187019e+02
   3.0272494e+02
   2.2403455e+02
   1.8477099e+02
   2.3936670e+02
   2.4690140e+02
   3.1145352e+02
   2.1624790e+02
   1.5885569e+02
   1.5103443e+02
   8.5786423e+01
   1.2976848e+02
   1.8169056e+02
   3.3136834e+01
   2.2179614e+02
   4.4060131e+01
   2.4738089e+01
  -1.7086034e+01
   2.1768840e+01
   2.3355168e+02
   1.3197676e+02
   9.2399690e+01
   6.1425615e+01
   1.5197227e+02
   1.1549169e+02
   1.2406155e+02
   4.6030616e+01
   7.0177701e+01
  -1.8757053e+02
   1.0934077e+02
  -6.8315236e+01
   7.4208963e+01
  -6.3018434e+01
   2.2356942e+02
   5.5323047e+01
   1.6817741e+02
  -7.2089003e+01
   2.6164315e+01
  -2.5741379e+01
   8.0741545e+01
  -1.1844827e+02
   2.5538682e+01
  -7.4791171e+01
  -3.8757995e+01
   6.6097015e+01
  -5.8856879e+01
  -1.5447942e+02
  -2.9577622e+02
  -6.8532817e+01
   4.4521728e+01
  -1.4155798e+02
  -1.2128845e+02
  -1.3647655e+02
  -2.3835654e+02
  -1.0921935e+02
  -2.9099696e+02
  -1.6596967e+02
  -2.5341446e+02
  -3.2117663e+02
  -3.6284894e+02
  -1.7459486e+02
  -2.9788605e+02
  -1.9760326e+02
  -1.5258844e+02
  -2.4470390e+02
  -3.4254386e+02
  -3.3022900e+02
  -2.2101756e+02
  -3.1169440e+02
  -2.6289528e+02
  -2.2775208e+02
  -2.2856870e+02
  -3.1428852e+02
  -2.1020198e+02
  -3.7690973e+02
  -3.5637033e+02
  -2.5290503e+02
  -4.6154784e+02
  -2.7481803e+02
  -1.9059246e+02
  -2.7131088e+02
  -3.0936573e+02
  -2.8043140e+02
  -1.6524520e+02
  -2.5649544e+02
  -3.2130822e+02
  -1.4114868e+02
  -2.2962699e+02
  -2.0388828e+02
  -2.1329009e+02
  -2.0290573e+02
   8.2574598e+01
  -1.6758460e+01
  -6.6884745e+01
  -2.2979215e+02
  -3.9033365e+00
  -3.9067339e+01
  -1.2129394e+02
  -4.0885272e+01
   5.4654663e+01
   8.1804782e+01
   9.3019687e+01
  -1.0262429e+02
  -1.4595230e+01
  -5.7811808e+01
   8.0671575e+00
  -2.5579706e+02
   4.9809260e+01
   4.9756283e+01
  -5.7781134e+01
   2.9762150e+01
  -1.1270456e+02
  -6.0507236e+01
  -7.9659245e+01
  -4.9316230e+01
  -3.7997170e+01
  -1.4706445e+02
  -3.5859622e+01
  -1.8566357e+02
  -6.6231417e+01
  -1.5212826e+02
  -1.8609107e+02
  -3.2332373e+02
  -3.3419651e+02
  -3.1181486e+02
  -3.5729610e+02
  -2.8201110e+02
  -3.5270384e+02
  -5.8282951e+02
  -6.3409803e+02
  -5.7906309e+02
  -7.7155502e+02
  -6.5825218e+02
  -9.3919927e+02
  -8.1959299e+02
  -1.1766102e+03
  -1.1609273e+03
  -1.2059324e+03
  -1.3729596e+03
  -1.2287460e+03
  -1.4701061e+03
  -1.4979070e+03
  -1.5252307e+03
  -1.4640348e+03
  -1.6243326e+03
  -1.6788607e+03
  -1.6845115e+03
  -1.6382843e+03
  -1.7565673e+03
  -1.7437250e+03
  -1.4616851e+03
  -1.6997480e+03
  -1.5198582e+03
  -1.5738685e+03
  -1.7391695e+03
  -1.7516487e+03
  -1.5552608e+03
  -1.7938786e+03
  -1.7078997e+03
  -1.9434628e+03
  -1.6201713e+03
  -1.6392215e+03
  -1.6467775e+03
  -1.5175672e+03
  -1.6020587e+03
  -1.6090173e+03
  -1.6355580e+03
  -1.6315112e+03
  -1.7786966e+03
  -1.6355883e+03
  -1.5439374e+03
  -1.6667177e+03
  -1.6963695e+03
  -1.6976826e+03
  -1.5465202e+03
  -1.6842201e+03
  -1.6013541e+03
  -1.7260270e+03
  -1.7742004e+03
  -1.7372255e+03
  -1.8485779e+03
  -1.6807013e+03
  -1.7334436e+03
  -1.7463734e+03
  -1.7660932e+03
  -1.7016142e+03
  -1.7065302e+03
  -1.7666494e+03
  -1.5314690e+03
  -1.8170708e+03
  -1.8517036e+03
  -1.7093078e+03
  -1.7482539e+03
  -1.6761827e+03
  -1.7072617e+03
  -1.7983658e+03
  -1.5868663e+03
  -1.8758492e+03
  -1.7446269e+03
  -1.8109336e+03
  -1.8814122e+03
  -1.8712356e+03
  -1.8395312e+03
  -1.8400894e+03
  -1.8425741e+03
  -1.8561191e+03
  -1.7453781e+03
  -1.8482723e+03
  -1.9279653e+03
  -1.8422588e+03
  -1.8526441e+03
  -1.7390726e+03
  -1.8339105e+03
  -1.9147760e+03
  -1.9338886e+03
  -1.7941080e+03
  -1.9110247e+03
  -1.6520936e+03
  -1.7401478e+03
  -1.8569562e+03
  -1.7783085e+03
  -2.0305898e+03
  -1.9145330e+03
  -1.8210770e+03
  -1.7989965e+03
  -2.0171264e+03
  -1.9285071e+03
  -1.9316017e+03
  -1.9836179e+03
  -1.9900862e+03
  -1.9175350e+03
  -1.8077108e+03
  -1.7914941e+03
  -1.8955736e+03
  -1.9497212e+03
  -1.8609544e+03
  -2.0674894e+03
  -1.9798420e+03
  -1.9622637e+03
  -1.9345283e+03
  -1.9114420e+03
  -1.9365171e+03
  -1.9454412e+03
  -1.8297584e+03
  -2.0195934e+03
  -1.8058345e+03
  -1.8330156e+03
  -2.0922817e+03
  -1.8073880e+03
  -1.8562652e+03
  -1.9973615e+03
  -1.9372195e+03
  -1.8839480e+03
  -1.6977747e+03
  -1.5615678e+03
  -1.7626954e+03
  -1.6404640e+03
  -1.6478712e+03
  -1.2426130e+03
  -1.1544226e+03
  -9.0127592e+02
  -9.4032458e+02
  -6.3376303e+02
  -6.9587402e+02
  -5.1659337e+02
  -6.9293299e+02
  -4.3727729e+02
  -5.3189125e+02
  -2.5729647e+02
  -4.8170839e+02
  -3.9242310e+02
  -1.5194854e+02
  -1.7329669e+02
  -2.2707596e+02
  -6.8713350e+01
   5.4845633e+01
   1.2215159e+01
   1.0610237e+02
  -2.7857469e+01
   6.1996324e+01
  -5.0257399e+01
   6.7790480e+01
   3.3962641e+01
  -4.7918269e+01
   2.1019312e+02
   7.4131640e+00
   1.6782948e+02
   1.6602862e+02
   1.9075225e+02
   2.1433547e+02
   3.5988268e+02
   2.0164181e+02
   4.0930995e+02
   3.3153948e+02
   2.5079137e+02
   2.9504837e+02
   1.3805600e+02
   2.9241358e+02
   2.2239888e+02
   2.2449665e+02
   3.8276605e+02
   2.3336395e+02
   1.0508842e+02
   2.0934972e+02
   3.1778989e+02
   2.0246960e+02
   4.0101888e+01
   3.0014266e+02
   1.1855684e+02
   3.1860442e+02
   6.8468297e+01
   1.7628653e+02
   2.1544704e+02
   1.1702977e+02
   2.3892647e+02
   1.9458234e+02
   3.2150916e+02
   1.0197260e+02
   1.9254771e+02
   2.3666044e+02
   6.2978490e+01
   1.7270804e+02
   7.8253410e+01
   1.5190071e+02
   5.0212940e+01
   9.6413769e+01
   7.3235875e+01
   4.7078163e+01
   1.3825724e+02
   9.7033276e+01
   1.7810104e+02
   1.6892574e+01
   6.3466966e+01
   3.3012042e+00
   1.3482460e+01
   1.3484286e+01
  -5.7492715e+01
   9.5140016e+01
   8.3186685e+01
   3.8637911e+01
   9.1953876e+01
   2.0080866e+02
  -2.6676494e+00
   1.0909999e+02
   2.2152380e+02
   1.3428665e+02
   1.0228955e+02
   1.4044167e+02
   9.4774897e+01
   1.9437774e+02
  -6.1297621e+01
   1.1070328e+02
  -5.6766269e+00
   7.6597236e+01
   8.4319838e+01
   2.4927383e+02
   2.1234827e+01
   1.6211493e+02
   4.7484174e+01
   2.3579949e+02
   8.0976074e+01
   2.3476847e+02
   1.2472777e+02
   2.0625408e+02
   3.9851342e+01
   9.3597880e+01
   3.4442287e+02
   2.8554738e+02
   1.6729611e+02
   1.7687985e+02
   1.1772149e+02
   1.0462432e+02
   1.2748347e+02
   2.5675279e+02
   2.0394101e+02
   7.5108763e+01
   6.9391957e+01
   2.0737733e+02
   2.1293126e+02
   4.3334060e+01
   6.4075728e+01
  -4.1746425e+01
   2.0039133e+02
   1.5316906e+02
   1.6520479e+02
   4.5408570e+01
  -7.3475564e+01
   1.4484405e+02
   1.0249192e+02
  -4.0331319e+01
   7.5123850e+01
   5.8689346e+01
   1.3866112e+01
  -7.3856840e+01
  -4.4344203e+01
   5.0634498e+01
   2.5409152e+01
  -2.6353137e+01
   2.7810718e+01
  -4.9926154e+00
   4.1344955e+01
   5.8403421e+01
   1.1078209e+00
  -1.6120463e+02
  -6.4318487e+00
   8.6483836e+00
  -4.4280410e+01
  -1.9491499e+02
  -1.1350045e+02
   5.3717821e+00
  -1.3942959e+02
  -3.0284943e+02
  -2.0487428e+02
  -1.1616620e+02
  -3.4081452e+02
  -2.3434208e+02
  -1.3998103e+02
  -2.1680597e+02
  -1.9498925e+02
  -1.4075295e+02
  -1.6743152e+02
  -3.2065789e+02
  -2.6429968e+02
  -2.8850044e+02
  -2.9372255e+02
  -1.8668178e+02
  -2.3255810e+02
  -3.4848159e+02
  -1.8543039e+02
  -2.3849158e+02
  -6.0277064e+01
  -3.5927887e+01
   5.3693668e+01
  -1.3507595e+02
   9.0765064e+01
   1.0009383e+01
   5.4849170e+00
  -1.4089306e+02
  -1.1022453e+02
   3.0182312e+00
  -5.0636702e+01
   8.6883316e+01
  -4.8686738e-01
  -2.1788935e+01
   7.0485904e+01
   5.3703775e+01
   2.2382522e+02
   5.1088231e+01
   1.9489821e+02
  -1.1191839e+02
   7.1881399e+00
  -1.3741008e+02
  -4.4646231e+01
  -1.0265551e+01
  -9.1915812e+01
  -2.0838319e+02
  -6.3360077e+01
  -1.1166897e+02
  -8.8372391e+01
  -3.6437970e+02
  -5.7516724e+01
  -2.0775686e+02
  -9.0213005e+01
  -1.4854584e+02
  -1.5437538e+02
  -2.3399240e+02
  -3.2482692e+02
  -5.3798684e+02
  -6.5764756e+02
  -5.9744161e+02
  -6.5267230e+02
  -6.2994631e+02
  -6.6434657e+02
  -7.5473133e+02
  -8.2367452e+02
  -7.2415276e+02
  -9.7934950e+02
  -9.8404906e+02
  -1.0813438e+03
  -1.1860470e+03
  -1.1229129e+03
  -1.3313915e+03
  -1.3837341e+03
  -1.4954900e+03
  -1.4354234e+03
  -1.5146606e+03
  -1.5093718e+03
  -1.6654811e+03
  -1.6246552e+03
  -1.5526436e+03
  -1.8184608e+03
  -1.6271506e+03
  -1.6159950e+03
  -1.5757005e+03
  -1.6103888e+03
  -1.6172835e+03
  -1.9387059e+03
  -1.7611946e+03
  -1.8222755e+03
  -1.8513678e+03
  -1.7427500e+03
  -1.8547574e+03
  -1.7531630e+03
  -1.7827237e+03
  -1.8490711e+03
  -1.7390486e+03
  -1.6558214e+03
  -1.7730796e+03
  -1.7566642e+03
  -1.8064154e+03
  -1.7510627e+03
  -1.8292502e+03
  -1.6541586e+03
  -1.7604147e+03
  -1.7413248e+03
  -1.7716316e+03
  -1.7362981e+03
  -1.8863388e+03
  -1.8537082e+03
  -1.6670800e+03
  -1.8329999e+03
  -1.7205192e+03
  -1.9580765e+03
  -1.7521288e+03
  -1.7910342e+03
  -1.7587928e+03
  -1.7352422e+03
  -1.8208784e+03
  -1.7103435e+03
  -1.8719775e+03
  -1.7756306e+03
  -1.7682773e+03
  -1.7918277e+03
  -1.9269418e+03
  -1.6693018e+03
  -2.0217321e+03
  -1.7696762e+03
  -1.8026869e+03
  -1.8240562e+03
  -1.8823934e+03
  -1.9156360e+03
  -1.8894470e+03
  -1.7798427e+03
  -1.7131145e+03
  -1.8184944e+03
  -1.6851350e+03
  -1.8026612e+03
  -1.9476016e+03
  -1.8183634e+03
  -1.8604735e+03
  -1.8143065e+03
  -1.7443002e+03
  -1.8938687e+03
  -1.8739216e+03
  -1.7591428e+03
  -1.8476177e+03
  -1.8534793e+03
  -1.8623289e+03
  -1.8166022e+03
  -1.7738199e+03
  -1.8371931e+03
  -1.7622615e+03
  -1.7666942e+03
  -1.7259544e+03
  -1.7989517e+03
  -1.7444007e+03
  -1.9108418e+03
  -1.8192337e+03
  -1.9547526e+03
  -1.9193935e+03
  -1.8511784e+03
  -1.7646389e+03
  -1.8351883e+03
  -1.7386174e+03
  -1.7674695e+03
  -1.8750167e+03
  -1.7466182e+03
  -1.9417738e+03
  -1.7795515e+03
  -1.8278908e+03
  -1.9068999e+03
  -1.9076820e+03
  -1.8312745e+03
  -1.8308081e+03
  -1.9216202e+03
  -1.8072909e+03
  -1.8261671e+03
  -1.9355697e+03
  -1.8771314e+03
  -1.8324138e+03
  -1.8925505e+03
  -1.8908753e+03
  -1.8905205e+03
  -1.8202398e+03
  -1.9973539e+03
  -1.9793241e+03
  -1.8210495e+03
  -1.7295170e+03
  -1.8190023e+03
  -1.8791096e+03
  -1.8436223e+03
  -1.7571516e+03
  -1.8532231e+03
  -1.9239112e+03
  -2.0741717e+03
  -2.0073478e+03
  -1.8427732e+03
  -1.6635618e+03
  -1.7933172e+03
  -1.7528804e+03
  -1.6988738e+03
  -1.8362042e+03
  -1.7998333e+03
  -1.6794064e+03
  -1.6560865e+03
  -1.5675596e+03
  -1.4736745e+03
  -1.2121008e+03
  -1.1415077e+03
  -9.7044207e+02
  -9.6558858e+02
  -9.3071953e+02
  -6.8973917e+02
  -6.6175130e+02
  -7.2944303e+02
  -5.6759768e+02
  -3.8362406e+02
  -5.6018262e+02
  -6.2050538e+02
  -2.6536749e+02
  -3.5404351e+02
  -1.8150323e+02
  -1.7877105e+02
   5.2148096e+01
  -3.5525751e+01
  -5.9338530e+01
   5.1217722e+00
  -1.1484445e+00
  -1.2827526e+01
   6.7446045e+01
   2.2488784e+01
   3.4848250e+02
   9.7064900e+01
   1.6721917e+02
  -6.2855318e+00
   3.0088446e+02
   1.7220327e+02
   2.9665132e+02
   1.6099715e+02
   2.8827491e+02
   8.4377774e+01
   3.1451478e+02
   2.4219092e+02
   2.3106151e+02
   2.0703536e+02
   1.9633401e+02
   2.8953913e+02
   2.7536117e+02
   1.8452998e+02
   2.7736967e+02
   1.4524920e+02
   2.2584473e+02
  -3.9347175e+01
   3.0177904e+02
   3.5154191e+02
   2.8497890e+02
   2.2336057e+02
   1.7331175e+02
   2.6353626e+02
   3.2609342e+02
   2.0343513e+02
   2.0467786e+02
   3.7365587e+02
   2.8898737e+02
   3.9231918e+02
   2.9745445e+02
   2.7690399e+02
   2.6848137e+02
   1.7495506e+02
   2.4505173e+02
   2.3082218e+02
   3.0105965e+02
   2.6169178e+02
   1.5157268e+02
   2.9094934e+02
   1.3565472e+02
   2.1551834e+02
   7.1907887e+01
   2.1026850e+02
   2.6684451e+01
   2.9418745e+01
   1.7435175e+02
   1.0100700e+02
   1.7996075e+01
  -3.6440723e+01
  -1.7258748e+01
  -4.1481116e+01
  -1.3072695e+02
   1.3946019e+02
  -1.6548672e+01
  -8.3163608e+01
  -2.9874970e+01
   1.1308013e+02
   2.2154895e+01
  -6.1098048e+01
   1.3836949e+01
  -6.6313004e+01
  -1.6237190e+02
   1.1019880e+00
   3.2695545e+01
   3.5435273e+01
  -5.9907113e+01
  -9.3653605e+01
  -1.5813048e+02
  -1.2407230e+02
   9.2070482e+00
  -1.1283789e+02
  -2.9439689e+01
  -8.2114784e+01
  -5.4055945e+01
  -4.9793514e+01
  -2.0279366e+02
  -1.1620633e+02
  -1.1840617e+02
  -6.6897373e+01
  -1.6788126e+02
  -7.1526692e+01
  -6.6233277e+01
  -2.4323367e+01
  -1.1832952e+02
  -1.1151935e+02
  -1.5032553e+02
  -8.5117914e+01
  -3.4756985e+02
  -6.1178810e+01
  -1.8204670e+02
  -2.0017089e+02
  -2.1630038e+02
  -1.3832320e+02
  -1.4918453e+02
  -1.1950723e+02
  -1.7382606e+02
  -2.0707867e+02
  -3.1901023e+02
  -2.8164816e+02
  -2.4588702e+02
  -3.1517570e+02
  -2.5936215e+02
  -1.8769007e+02
  -4.8322076e+02
  -3.7784048e+02
  -3.2343464e+02
  -2.8944360e+02
  -2.0358533e+02
  -6.3709486e+02
  -2.9385279e+02
  -5.1175238e+02
  -4.2164115e+02
  -5.2433827e+02
  -4.6543880e+02
  -4.5364425e+02
  -4.3682861e+02
  -4.8260268e+02
  -4.7444304e+02
  -5.1433672e+02
  -5.8208530e+02
  -5.2078269e+02
  -4.8271894e+02
  -2.7924223e+02
  -5.1527249e+02
  -3.8790706e+02
  -6.3649073e+02
  -5.5460457e+02
  -4.7208092e+02
  -4.7323085e+02
  -2.8423269e+02
  -3.5973830e+02
  -3.4435301e+02
  -4.0498767e+02
  -3.3656193e+02
  -3.6482991e+02
  -3.4195425e+02
  -2.4433729e+02
  -3.1196411e+02
  -3.0030915e+02
  -4.8081594e+02
  -2.5488057e+02
  -2.3048036e+02
  -3.5565397e+02
  -6.5672678e+01
  -4.1163486e+01
  -2.0824555e+02
  -2.1894474e+02
  -3.6224094e+02
  -2.3438922e+02
  -1.6290149e+02
  -1.9159115e+02
  -6.8823418e+01
  -1.9374464e+02
  -4.2024574e+01
   6.2372429e+01
  -2.0067217e+02
   5.4025215e+01
  -1.2959568e+02
  -8.3821318e+01
  -2.9764027e+01
   3.1281264e+01
  -6.0008383e+01
   5.6766874e+01
  -8.2779353e+01
  -1.3003441e+02
  -4.5055340e+00
  -6.9555384e+01
  -2.3365315e+02
  -1.3254859e+02
  -5.7776126e+01
  -1.9995229e+02
   4.3467686e+01
  -1.5322699e+02
  -3.2332966e+02
  -8.2471125e+01
  -7.5649231e+01
  -1.4532450e+02
  -2.4174980e+02
  -3.8263246e+02
  -4.0070287e+02
  -3.6377648e+02
  -5.2496180e+02
  -7.2456034e+02
  -7.6359030e+02
  -7.1255271e+02
  -8.4989564e+02
  -1.1278183e+03
  -8.0547671e+02
  -1.0432359e+03
  -1.0293745e+03
  -1.1254703e+03
  -1.1711894e+03
  -1.3055703e+03
  -1.4807210e+03
  -1.3207549e+03
  -1.4187739e+03
  -1.5859025e+03
  -1.5635231e+03
  -1.5462227e+03
  -1.4692481e+03
  -1.7565694e+03
  -1.6172418e+03
  -1.6997822e+03
  -1.7121075e+03
  -1.6381938e+03
  -1.5466244e+03
  -1.6288378e+03
  -1.7536317e+03
  -1.6837425e+03
  -1.6250668e+03
  -1.7433668e+03
  -1.6168221e+03
  -1.7314780e+03
  -1.8109781e+03
  -1.7464306e+03
  -1.8188950e+03
  -1.7359230e+03
  -1.6700386e+03
  -1.7748562e+03
  -1.6592985e+03
  -1.8348596e+03
  -1.8107029e+03
  -1.8873468e+03
  -1.9276262e+03
  -1.8597155e+03
  -1.7654163e+03
  -2.0437962e+03
  -1.7560321e+03
  -1.7552616e+03
  -1.7793071e+03
  -1.8128077e+03
  -1.6372807e+03
  -1.9239408e+03
  -1.9073479e+03
  -1.8553794e+03
  -1.7670901e+03
  -1.7261086e+03
  -1.6630537e+03
  -1.7818662e+03
  -1.8570335e+03
  -1.6755720e+03
  -1.7192150e+03
  -1.8328029e+03
  -1.7661379e+03
  -1.7653688e+03
  -1.5915064e+03
  -1.8806492e+03
  -1.7122492e+03
  -1.7288011e+03
  -1.8660313e+03
  -1.9349130e+03
  -1.7730626e+03
  -1.8335193e+03
  -1.7602202e+03
  -1.9520248e+03
  -1.8235259e+03
  -1.7544455e+03
  -1.8405064e+03
  -1.8688444e+03
  -1.8773488e+03
  -1.6742239e+03
  -1.8901537e+03
  -2.1770289e+03
  -1.7664288e+03
  -1.9274755e+03
  -1.8268224e+03
  -2.0234127e+03
  -1.7642534e+03
  -1.8078754e+03
  -1.9081021e+03
  -1.9172851e+03
  -1.8192413e+03
  -1.9397289e+03
  -1.7955583e+03
  -1.9578834e+03
  -1.8719556e+03
  -1.9293390e+03
  -1.9592656e+03
  -1.8473745e+03
  -1.9285622e+03
  -1.7763358e+03
  -1.8602591e+03
  -1.7371377e+03
  -1.8888563e+03
  -1.8324906e+03
  -1.8713818e+03
  -1.7972234e+03
  -1.7061174e+03
  -1.9622034e+03
  -1.9274403e+03
  -2.0093782e+03
  -1.7972919e+03
  -2.0280691e+03
  -1.9481929e+03
  -1.9785061e+03
  -1.8293310e+03
  -1.8683161e+03
  -1.8381569e+03
  -1.7324571e+03
  -1.8448524e+03
  -1.9671141e+03
  -1.9694659e+03
  -1.8339743e+03
  -2.0309656e+03
  -1.9654169e+03
  -1.7787266e+03
  -2.0017360e+03
  -1.9244911e+03
  -1.8937008e+03
  -1.7428309e+03
  -1.9683373e+03
  -1.9283595e+03
  -1.9250039e+03
  -1.8383579e+03
  -1.8549947e+03
  -1.5852080e+03
  -1.5680314e+03
  -1.4177020e+03
  -1.2796900e+03
  -1.1692266e+03
  -9.1988353e+02
  -8.9527062e+02
  -8.0836733e+02
  -8.3172549e+02
  -8.8535185e+02
  -7.0533888e+02
  -6.1634466e+02
  -8.1914167e+02
  -6.5516081e+02
  -5.8558837e+02
  -5.0326355e+02
  -4.8899535e+02
  -4.2707271e+02
  -2.2642830e+02
  -2.0768570e+02
  -1.7175717e+02
  -2.1930048e+02
  -1.0586387e+02
  -1.6990150e+02
  -1.9256298e+02
  -1.3199474e+02
   8.7640927e+01
   8.3711859e+01
   1.1108750e+02
  -5.9582464e+01
   3.0015835e+01
   1.2090071e+02
  -7.6900383e+00
  -5.6735274e+01
   1.1190900e+02
   1.0637744e+02
   4.9965125e+01
   1.0867671e+02
   1.8628664e+02
   1.7002141e+02
   1.6188667e+02
   1.9222172e+02
   1.2809140e+02
   1.0577862e+02
   2.6858534e+02
   1.8851882e+02
   2.5974112e+02
   2.5045495e+02
   2.3917700e+02
   2.5531774e+02
   2.9226599e+02
   2.0007430e+02
   1.4056623e+02
   2.3043604e+02
   1.9956037e+02
   1.6029508e+02
   1.9591370e+02
   1.2943260e+02
   2.4692402e+02
   2.8416385e+02
   1.3407774e+02
   1.5783981e+02
   2.4957836e+02
   3.1993399e+02
   3.3456027e+01
   1.3500347e+02
   1.6969643e+02
   1.2364444e+02
   1.0549810e+02
   1.8736517e+02
   2.5738812e+02
   1.8454371e+02
   1.4911946e+02
   1.6208908e+02
   2.3218648e+02
   3.4763273e+02
   2.1310318e+02
  -6.4207967e+01
   6.2867853e+01
   1.2930262e+02
   2.3266943e+02
   9.2941562e+01
   1.6801869e+02
   1.0766863e+02
   7.0392497e+01
   1.6895384e+02
   1.1616459e+02
   9.3112215e+01
   1.1521334e+02
   6.4988165e+01
   8.4400945e+01
   1.4532937e+02
   2.1518042e+02
   1.3598985e+02
   6.0053652e+01
   2.2479103e+02
   7.8375430e+01
   7.0332828e+01
   7.4217642e+01
   1.7895182e+02
   7.9547498e+00
   5.9184052e+01
   1.7347694e+02
   8.1776857e+01
   2.4099830e+01
  -1.9047358e+01
  -1.9215725e+01
   5.0196314e+01
   6.8183672e+01
   9.4223673e+01
  -9.3386705e+01
  -2.4703850e+02
  -9.5014083e+01
  -5.2391509e+01
   5.7446446e+01
   1.2818375e+02
  -8.1460990e+01
  -2.2039794e+01
  -1.1552406e+02
   5.6064412e+01
  -3.8402196e+01
  -6.2931090e+01
   1.1432572e+01
  -7.7944578e+01
  -8.6880251e+01
  -2.5172441e+01
  -1.1787493e+02
  -2.3737030e+01
  -1.3067850e+02
  -3.2532845e+02
  -1.3340841e+02
  -1.4573237e+02
  -2.1137675e+02
  -2.0080415e+02
  -1.5730083e+02
  -2.0854169e+02
  -2.5445287e+02
  -2.8242217e+02
  -1.1982155e+02
  -2.3033322e+02
  -1.9399638e+02
  -6.2158357e+01
  -1.4614796e+02
  -1.8269053e+02
  -2.2267572e+02
  -2.8590508e+02
  -3.0107069e+02
  -2.2692949e+02
  -2.7316456e+02
  -2.1817721e+02
  -2.1790638e+02
  -1.5271340e+02
  -9.6133124e+01
  -2.0361421e+02
   1.6962845e+01
  -2.1341221e+02
  -2.9863055e+02
  -2.8467736e+02
  -9.9683628e+01
  -2.1184233e+02
  -4.3729899e+01
  -2.8113402e+02
  -5.3553993e+01
  -5.6141710e+01
  -1.7614300e+02
  -1.5828619e+02
  -1.1721824e+02
  -6.6611166e+01
   1.5498011e+01
   1.2932009e+02
  -8.8712040e+01
  -8.4906181e+01
   6.8146070e+01
  -7.0355051e+01
   4.5681313e+01
  -3.7467649e+01
  -1.5703885e+02
   3.8421049e+01
   5.5946101e+01
  -8.5947060e+00
   5.5585322e+01
   8.7409415e+00
   1.7541647e+02
  -1.3030526e+01
   1.6993008e+02
   5.6390043e+01
   4.2181962e+01
  -7.4866335e+01
   2.9799283e+01
   6.6226284e+01
  -8.5459009e+01
  -1.7440510e+02
  -1.7232508e+02
   2.9861964e+01
  -1.0336024e+02
  -8.6753635e+01
  -3.8883100e+01
  -2.0855409e+02
  -9.7037246e+01
  -1.3882571e+02
  -3.6950144e+02
  -2.6119190e+02
  -2.5503459e+02
  -2.7697437e+02
  -4.7358557e+02
  -3.4919086e+02
  -3.6572450e+02
  -4.8569695e+02
  -6.2446061e+02
  -5.7728886e+02
  -7.2298596e+02
  -7.6523451e+02
  -8.6343759e+02
  -7.6879394e+02
  -1.1279662e+03
  -8.7587668e+02
  -1.1416465e+03
  -1.2558304e+03
  -1.1660883e+03
  -1.3350174e+03
  -1.3428072e+03
  -1.4101919e+03
  -1.7152025e+03
  -1.5440139e+03
  -1.4877364e+03
  -1.4457233e+03
  -1.7941928e+03
  -1.8329872e+03
  -1.6772954e+03
  -1.6436696e+03
  -1.7236418e+03
  -1.7321292e+03
  -1.6431522e+03
  -1.7699550e+03
  -1.7467329e+03
  -1.7190427e+03
  -1.6386805e+03
  -1.7188119e+03
  -1.7837437e+03
  -1.7955234e+03
  -1.7203998e+03
  -1.6750792e+03
  -1.8824458e+03
  -1.8344744e+03
  -1.8971922e+03
  -1.7761806e+03
  -1.8335597e+03
  -1.8746321e+03
  -1.6953764e+03
  -1.6794824e+03
  -1.6784549e+03
  -1.8289684e+03
  -1.6542941e+03
  -1.8908584e+03
  -1.8333739e+03
  -1.6881615e+03
  -1.8632936e+03
  -1.7307565e+03
  -1.8492450e+03
  -1.9859382e+03
  -1.7978364e+03
  -1.8792009e+03
  -1.7772381e+03
  -1.8311519e+03
  -1.9411955e+03
  -1.8460122e+03
  -1.8791471e+03
  -1.8915073e+03
  -1.7483300e+03
  -1.7348311e+03
  -1.7369613e+03
  -2.0538673e+03
  -1.7027166e+03
  -1.8774238e+03
  -1.8819113e+03
  -1.8829708e+03
  -1.7229698e+03
  -1.7797658e+03
  -1.6825258e+03
  -1.9248247e+03
  -1.7255611e+03
  -1.8155629e+03
  -1.6810975e+03
  -1.8100749e+03
  -1.8207379e+03
  -1.7112364e+03
  -1.8048441e+03
  -2.0265355e+03
  -1.7907377e+03
  -1.8850291e+03
  -1.7924489e+03
  -1.8741112e+03
  -1.8603237e+03
  -1.7164103e+03
  -1.9625994e+03
  -1.9734170e+03
  -1.8818008e+03
  -1.8301521e+03
  -1.9305345e+03
  -2.0193424e+03
  -1.8277891e+03
  -1.7674000e+03
  -2.0869328e+03
  -1.9041373e+03
  -1.7490572e+03
  -1.8138357e+03
  -1.9608505e+03
  -1.8857052e+03
  -1.8257868e+03
  -1.9671646e+03
  -1.8579000e+03
  -1.8943133e+03
  -1.8138524e+03
  -1.8948224e+03
  -1.8877725e+03
  -1.9084529e+03
  -1.9675018e+03
  -1.8445188e+03
  -1.7885212e+03
  -1.8917707e+03
  -1.7884738e+03
  -1.7694697e+03
  -1.9091588e+03
  -1.7671409e+03
  -1.9064430e+03
  -2.0245589e+03
  -1.8742282e+03
  -1.7758057e+03
  -1.8226669e+03
  -1.9085096e+03
  -1.8147513e+03
  -1.8971468e+03
  -1.8667088e+03
  -1.9440532e+03
  -1.6783902e+03
  -1.7308428e+03
  -1.7541755e+03
  -1.7539683e+03
  -1.6022006e+03
  -1.5512513e+03
  -1.4903070e+03
  -1.3463798e+03
  -1.1709551e+03
  -1.0294987e+03
  -8.6069196e+02
  -7.6180820e+02
  -7.1816718e+02
  -5.5412959e+02
  -3.8715866e+02
  -4.5334772e+02
  -3.4613620e+02
  -2.0495693e+02
  -1.3914219e+02
  -1.9115748e+02
  -8.3530030e+01
  -7.4883779e+01
  -1.4404961e+02
  -2.2535927e+02
   3.6323574e+01
  -7.1112238e+01
   1.5075018e+02
  -2.5551066e+01
   5.3954383e+01
   2.6105150e+02
   6.9247381e+01
   3.7752083e+01
   8.4844216e+01
   3.2960293e+02
   2.5369587e+02
   4.0553771e+01
   9.8055252e+01
   9.0230510e+01
   1.6395361e+02
   1.0828540e+02
   3.3261113e+02
   1.9536162e+02
   1.9363943e+02
   8.5846434e+01
   5.1524854e+01
   1.0116621e+02
   1.2240456e+02
   2.1291528e+02
   1.3610284e+02
   3.3421271e+02
   4.0058211e+01
   2.0463596e+02
   2.8351647e+02
   2.7764802e+02
   2.4917846e+02
   9.1269618e+01
   4.6993167e+02
   2.7157612e+02
   2.0739704e+02
   1.3645565e+02
   1.6693928e+02
   2.7266854e+02
   3.7208214e+02
   8.9287965e+01
   1.6767387e+02
   1.2743379e+02
   1.2435276e+02
   1.7559839e+02
   1.7902834e+02
   2.1613815e+02
   3.2701320e+02
   1.6399902e+02
   2.0732362e+02
   1.4582628e+02
   1.6944207e+02
   1.5334388e+02
   1.3181146e+02
   1.7954217e+02
   2.3085206e+02
   9.5695370e+01
   9.9586731e+01
   1.3812661e+02
   1.0313218e+02
   2.4724788e+02
   8.6421777e+01
  -2.3677747e+01
   6.9159524e+01
  -6.5265225e+01
   3.6841660e+01
   7.7686798e+00
   1.2572267e+02
   5.8795185e+01
   1.6176425e+02
  -6.9087535e+01
  -2.1822305e+01
   5.7684791e+01
   7.4605412e+01
   1.1363379e+02
   6.9618202e+00
   8.5828336e+01
  -4.6315634e+01
   1.2165653e+01
  -3.9577395e+01
  -1.9400420e+02
   2.4821878e+01
   6.7299171e+01
   7.9247777e+01
   2.0622720e+02
  -7.6993727e+01
   1.0945481e+01
  -2.0529851e+02
  -7.9136840e+01
  -6.9593679e+01
  -8.1177635e+01
  -1.6153963e+02
  -1.3171167e+02
  -9.8585080e+01
  -3.7223506e+01
  -2.1407810e+02
  -3.4800162e+01
  -1.8620491e+02
  -1.1299027e+02
   3.7900060e+01
  -1.6923183e+02
  -2.2909482e+02
  -1.9707526e+02
  -2.2326690e+02
  -9.5987280e+01
  -1.8799107e+02
  -2.3578261e+02
  -2.2740005e+02
  -1.0552392e+02
  -1.4914505e+02
  -3.3969423e+02
  -2.6919648e+02
  -2.1239242e+02
  -2.8517874e+02
  -3.0994430e+02
  -3.3071251e+02
  -2.4098311e+02
  -2.5593187e+02
  -2.9559259e+02
  -3.1209040e+02
  -3.3004404e+02
  -3.3252531e+02
  -2.7465698e+02
  -2.3255769e+02
  -1.1498887e+02
  -1.8391723e+02
  -1.9733997e+02
  -3.0262987e+02
  -4.5297821e+02
  -3.1303607e+02
  -2.7471373e+02
  -3.4646922e+02
  -1.6973902e+02
  -1.0846091e+02
   1.1365341e+01
  -2.0137992e+02
  -8.5044001e+01
  -1.2418090e+02
  -2.3396514e+02
   3.3241243e+01
   2.9577215e+01
  -6.7560684e+00
  -1.2458278e+02
  -2.4223922e+02
  -8.5074324e+01
  -3.4354927e+01
  -2.0197120e+02
  -1.2039940e+02
   1.1331546e+02
   3.3165462e+01
   1.2699543e+02
   1.6663507e+01
  -4.9946160e+01
   1.4148839e+02
   5.4289113e+01
   1.4847345e+02
   1.8737150e+01
   1.2451648e+01
   8.8126309e+01
   3.4267841e+01
  -3.7073837e+01
  -1.0911683e+02
  -9.9683318e+01
  -1.0917725e+02
  -1.1066730e+01
  -8.4894779e+01
  -1.8477633e+02
  -1.7686028e+02
  -1.0985566e+02
  -1.7714712e+02
  -7.7631205e+01
  -2.0194793e+02
  -1.1879542e+02
  -1.0275021e+02
  -3.1191764e+02
  -2.2665980e+02
  -3.2449959e+02
  -3.2951475e+02
  -4.7659976e+02
  -4.6188075e+02
  -6.0139201e+02
  -4.8835036e+02
  -7.5094129e+02
  -7.5581056e+02
  -7.3158316e+02
  -1.0018099e+03
  -9.7665981e+02
  -1.1117239e+03
  -1.0282726e+03
  -1.2306062e+03
  -1.3328026e+03
  -1.3419260e+03
  -1.2525037e+03
  -1.3927058e+03
  -1.4676243e+03
  -1.4002470e+03
  -1.5983923e+03
  -1.7653738e+03
  -1.6197462e+03
  -1.7140027e+03
  -1.8384186e+03
  -1.6728639e+03
  -1.5910414e+03
  -1.8273415e+03
  -1.6783787e+03
  -1.8317394e+03
  -1.7545269e+03
  -1.6845107e+03
  -1.7766910e+03
  -1.8644198e+03
  -1.8162425e+03
  -1.7802695e+03
  -1.7618418e+03
  -2.0200283e+03
  -1.8048152e+03
  -1.7870498e+03
  -1.8451436e+03
  -1.7794513e+03
  -1.8053623e+03
  -1.9186144e+03
  -1.7747544e+03
  -1.8508853e+03
  -1.8413821e+03
  -1.7360214e+03
  -1.6766568e+03
  -1.7112926e+03
  -1.8186322e+03
  -1.7821918e+03
  -1.8367403e+03
  -1.8369645e+03
  -1.9556723e+03
  -1.7362060e+03
  -1.7656673e+03
  -1.8681291e+03
  -1.7040538e+03
  -1.7507048e+03
  -1.8402387e+03
  -1.8235912e+03
  -1.6093948e+03
  -1.8742427e+03
  -1.8830611e+03
  -1.8995892e+03
  -1.8933711e+03
  -1.9565761e+03
  -1.9649265e+03
  -1.8234673e+03
  -1.7870105e+03
  -1.7801346e+03
  -1.8332746e+03
  -2.0474469e+03
  -1.9056452e+03
  -1.8825901e+03
  -1.8473935e+03
  -1.8668177e+03
  -1.8538983e+03
  -1.7303678e+03
  -1.8462794e+03
  -1.8124622e+03
  -1.8628969e+03
  -1.7698478e+03
  -1.7434390e+03
  -1.8057280e+03
  -1.7221242e+03
  -1.9493999e+03
  -1.7764347e+03
  -1.8578842e+03
  -2.0112524e+03
  -1.9584686e+03
  -1.7275524e+03
  -1.9262844e+03
  -1.8255524e+03
  -1.8279012e+03
  -1.9252527e+03
  -1.8528490e+03
  -1.8685409e+03
  -1.8494065e+03
  -1.9486416e+03
  -1.8228738e+03
  -1.8721855e+03
  -1.9217179e+03
  -1.8545504e+03
  -1.9055142e+03
  -1.8516087e+03
  -1.9455837e+03
  -1.9165853e+03
  -1.8910312e+03
  -1.9686526e+03
  -2.0589662e+03
  -1.8432130e+03
  -1.9112669e+03
  -1.9924040e+03
  -1.9940493e+03
  -1.8931695e+03
  -1.8864441e+03
  -1.8087942e+03
  -1.8622399e+03
  -2.1245460e+03
  -1.8805581e+03
  -1.8756772e+03
  -1.8786519e+03
  -1.7420439e+03
  -1.9033343e+03
  -1.6653907e+03
  -1.9922128e+03
  -1.9510690e+03
  -1.9884827e+03
  -1.9439821e+03
  -1.8921528e+03
  -1.9266892e+03
  -1.8982974e+03
  -1.8802426e+03
  -1.9632346e+03
  -1.7924494e+03
  -1.8905882e+03
  -1.8332295e+03
  -1.8831931e+03
  -1.7558735e+03
  -1.5276029e+03
  -1.2832178e+03
  -1.0924835e+03
  -1.0808360e+03
  -9.1677519e+02
  -8.0826618e+02
  -9.5286035e+02
  -9.1496714e+02
  -7.3019910e+02
  -7.6476334e+02
  -6.1599091e+02
  -6.7343508e+02
  -4.5353041e+02
  -3.3114729e+02
  -2.5872041e+02
  -1.5782188e+02
  -1.2793186e+02
  -7.8747896e+01
  -2.5521401e+01
   8.2332857e+01
   1.2601710e+02
   9.5964881e+01
   1.4558097e+02
  -1.3433616e+01
   1.4646643e+02
   2.3504611e+02
   2.0535763e+02
   3.0020994e+02
   1.4376610e+02
   1.9576632e+02
   2.8709238e+02
   1.6597909e+02
   3.2750938e+02
   2.0437738e+02
   2.4841886e+02
   2.6053477e+02
   3.3701681e+02
   3.1924101e+02
   3.7949739e+02
   3.1141572e+02
   2.7938265e+02
   1.3854225e+02
   2.9638779e+02
   2.4604196e+02
   2.6967286e+02
   3.8759025e+02
   2.4043806e+02
   3.8742755e+02
   2.3805128e+02
   3.4642257e+02
   1.8921675e+02
   3.5670007e+02
   2.2910109e+02
   4.1012302e+02
   1.3289046e+02
   2.7198169e+02
   2.8494206e+02
   2.0478177e+02
   2.6019258e+02
   2.4888716e+02
   2.1791978e+02
   2.1985622e+02
   2.5566560e+02
   3.3414279e+01
   4.0524271e+02
   1.8245614e+02
   2.5880198e+02
   1.8901463e+02
   1.4423103e+02
   8.7796310e+01
   1.7529764e+02
   1.3638280e+02
  -7.4565724e+00
   1.5031927e+01
  -1.1948641e+02
  -5.3553628e+01
   6.8842299e+01
   9.6749922e+01
   5.8696149e+00
  -1.2956827e+02
   1.8371387e+01
  -1.2623588e+02
  -3.2371458e+01
   1.2283804e+01
  -2.0441986e+01
  -1.6611986e+02
  -2.3346071e+00
  -2.1505276e+02
  -3.7534363e+01
  -3.6923059e+00
  -8.0033142e+01
   5.9837216e+01
  -1.3567025e+01
  -1.6625785e+02
  -1.7197533e+02
  -5.6065669e+01
  -2.2339140e+01
  -2.0402319e+02
  -2.0851964e+02
  -1.0288921e+02
  -1.5436900e+02
  -1.8827701e+02
  -2.0767932e+02
  -2.1798702e+02
  -2.5476861e+02
  -2.0621667e+02
   5.8139858e+00
  -1.0106270e+02
  -1.4217692e+02
  -2.1321920e+02
  -1.4381940e+02
  -1.5214677e+02
  -9.9912696e+01
  -1.6964655e+02
  -1.2982581e+02
  -1.1339363e+02
  -1.3686676e+02
  -3.0995550e+02
  -3.7158558e+02
  -2.6142797e+02
  -3.2903425e+02
  -1.8632802e+02
  -1.6547002e+02
  -1.2251470e+02
  -2.7646935e+02
  -2.0439528e+02
  -2.6306132e+02
  -1.3344656e+02
  -3.1282230e+02
  -1.8782249e+02
  -2.8887026e+02
  -1.4476018e+02
  -2.3702324e+02
  -2.7801621e+02
  -3.1897623e+02
  -2.0663965e+02
  -1.6621089e+02
  -2.2403825e+02
  -1.4652757e+02
  -2.1360008e+02
  -1.0599940e+02
  -2.6780663e+02
  -2.5584380e+02
  -1.9959990e+02
  -2.7014096e+02
  -1.1932710e+02
  -1.6394630e+02
  -1.4149340e+02
  -1.0156495e+01
  -4.4589006e+00
  -9.1673113e+01
  -1.0854894e+02
  -9.0649112e+01
  -7.5110913e+01
   4.0781025e+01
  -9.8108217e+01
   5.6183647e+01
   1.2167127e+01
  -5.4720728e+01
   8.4403406e+01
  -1.1948215e+01
  -2.3401829e+01
   4.7858090e+01
  -8.0144361e+01
  -8.1922095e+01
   5.3689131e+01
  -1.2527634e+02
   3.9987153e+01
  -6.5369633e+01
  -7.0493338e+01
  -3.4010365e+01
  -6.0926271e+01
  -8.3562431e+01
   1.0445886e+02
  -1.6522080e+02
  -2.8075556e+01
  -3.1325345e+02
  -3.0958697e+01
  -1.6820664e+02
  -8.4250109e+01
  -1.7489759e+02
  -2.2188122e+02
  -2.3864840e+02
  -2.8666172e+02
  -4.7844455e+02
  -4.1137653e+02
  -3.9729255e+02
  -3.4079986e+02
  -5.8390103e+02
  -4.4552434e+02
  -5.7823871e+02
  -4.9688661e+02
  -7.5277091e+02
  -9.7847450e+02
  -7.7716949e+02
  -8.5589990e+02
  -1.0968371e+03
  -1.0538815e+03
  -1.1427289e+03
  -1.2626783e+03
  -1.2591245e+03
  -1.3766650e+03
  -1.2982748e+03
  -1.4117752e+03
  -1.3141006e+03
  -1.5022644e+03
  -1.5698061e+03
  -1.7249788e+03
  -1.5496529e+03
  -1.5497153e+03
  -1.8416890e+03
  -1.7795451e+03
  -1.6780594e+03
  -1.7690336e+03
  -1.7208137e+03
  -1.8031574e+03
  -1.8232496e+03
  -1.5964945e+03
  -1.8007122e+03
  -1.8395612e+03
  -1.7585119e+03
  -1.6782033e+03
  -1.9254549e+03
  -2.0318732e+03
  -1.9499337e+03
  -1.8364657e+03
  -1.6851747e+03
  -1.7899691e+03
  -1.8382182e+03
  -1.6893151e+03
  -1.8273142e+03
  -1.8165173e+03
  -1.8935691e+03
  -1.9022350e+03
  -1.9506577e+03
  -1.7662132e+03
  -1.9359384e+03
  -1.9300629e+03
  -1.9768262e+03
  -1.7709300e+03
  -1.7194390e+03
  -1.7716787e+03
  -1.9510427e+03
  -1.9634106e+03
  -1.8603622e+03
  -1.8617392e+03
  -1.8145506e+03
  -1.8978394e+03
  -1.7532896e+03
  -1.8211589e+03
  -1.8187446e+03
  -1.8046874e+03
  -2.0129660e+03
  -1.7903373e+03
  -1.8019104e+03
  -1.9781229e+03
  -1.9822666e+03
  -1.8600087e+03
  -1.8838885e+03
  -1.8270376e+03
  -1.7950934e+03
  -1.7092136e+03
  -1.8459390e+03
  -1.9297705e+03
  -1.7679932e+03
  -1.9414166e+03
  -1.8793705e+03
  -1.7936447e+03
  -1.8585798e+03
  -1.7648491e+03
  -1.7486029e+03
  -1.8865614e+03
  -1.8047150e+03
  -1.8009507e+03
  -1.7599588e+03
  -1.8194315e+03
  -1.6860262e+03
  -1.6989219e+03
  -2.0729613e+03
  -1.7610795e+03
  -1.7263326e+03
  -1.8245202e+03
  -1.9418742e+03
  -1.8471397e+03
  -1.8162381e+03
  -1.7835452e+03
  -1.8069390e+03
  -1.8423881e+03
  -1.9829496e+03
  -1.9260401e+03
  -1.7948329e+03
  -1.9005409e+03
  -2.0361478e+03
  -1.8358204e+03
  -1.9958893e+03
  -1.9834791e+03
  -1.8013854e+03
  -1.7655018e+03
  -1.8545482e+03
  -1.8802352e+03
  -1.8965154e+03
  -1.6741664e+03
  -1.9905078e+03
  -1.9904313e+03
  -1.8481128e+03
  -1.8837002e+03
  -1.9764090e+03
  -1.7702752e+03
  -1.7967187e+03
  -2.0730432e+03
  -1.8282993e+03
  -1.8993214e+03
  -1.9088978e+03
  -1.7332611e+03
  -1.8202418e+03
  -1.7625076e+03
  -1.6465805e+03
  -1.6062466e+03
  -1.5523120e+03
  -1.1151831e+03
  -1.1470924e+03
  -1.0499334e+03
  -9.4769506e+02
  -8.0098054e+02
  -7.2227767e+02
  -6.1628325e+02
  -6.4008906e+02
  -5.8459975e+02
  -6.0816382e+02
  -3.9782065e+02
  -3.9734343e+02
  -3.9436561e+02
  -3.4344793e+02
  -2.7433472e+02
  -9.1816893e+01
   1.3530460e+01
  -1.3918225e+02
  -1.5517437e+02
   4.1131485e+01
   2.0567426e+01
   2.8040387e+01
   1.1612925e+02
   2.0760155e+02
  -8.0354302e+01
  -3.0347669e+00
   1.7390537e+02
   1.8795016e+02
   1.5223053e+02
   1.2366557e+01
   1.7474537e+02
   1.5172910e+02
   1.6496963e+02
   2.6363693e+02
   9.9170856e+01
   2.0374804e+02
   2.7963777e+02
   2.9098548e+02
   2.0778308e+02
   1.6285104e+02
   1.9940027e+02
   1.4659751e+02
   1.2957771e+02
   2.5050917e+02
   1.5490066e+02
   3.3236486e+02
   3.6956655e+02
   1.7965972e+02
   2.0471545e+02
   2.6978675e+02
   3.8420007e+02
   5.1503137e+02
   2.2062688e+02
   3.6836682e+02
   3.9599275e+02
   3.2717755e+02
   3.1650888e+02
   4.7690577e+02
   4.8286916e+02
   5.0284123e+02
   3.5661942e+02
   1.5157431e+02
   3.7965133e+02
   1.4931576e+02
   3.6870438e+02
   2.6661122e+02
   1.5649499e+02
   2.0982604e+02
   1.8918945e+02
   2.8752482e+02
   3.1589953e+02
   4.0766483e+02
   2.9505535e+02
   6.7011639e+01
   2.4607021e+02
   3.9702737e+02
   3.5180266e+02
   1.6814825e+01
   2.0558923e+02
   1.1046123e+02
   2.7456901e+02
   1.2980052e+02
   7.4398194e+01
   1.0788818e+02
   2.0549367e+02
   8.6113857e+01
   2.0719027e+02
   1.1380649e+02
  -2.5581389e+01
  -1.1349621e+01
  -9.5611164e+01
   2.1932537e+01
   9.7702045e+01
   2.1720583e+01
  -7.6180023e+00
  -8.4213386e+01
   1.6368592e+02
   2.7197419e+01
  -1.0246290e+02
   3.1469563e+00
  -9.2903390e+01
  -1.3156259e+01
   1.5009158e+02
  -3.3879565e+01
  -5.2685165e+00
  -2.4392330e+01
   6.2006756e+01
  -5.6318100e+01
  -1.4757206e+02
   1.6198426e+00
   4.0647792e+01
  -1.5334182e+02
  -1.5990324e+02
  -1.1741679e+02
   3.5458879e+01
  -1.3040475e+02
  -1.0119735e+02
  -1.3170421e+02
  -1.0051040e+02
   9.8109508e+00
  -1.0961047e+01
  -1.7182512e+02
  -8.6041726e+01
  -2.2910368e+02
  -1.9097176e+02
  -7.0077547e+00
  -1.0156490e+02
  -1.2241669e+02
  -1.4402561e+02
  -2.1460725e+02
  -3.3010968e+02
  -9.1782237e+00
  -2.3771789e+02
  -3.1517206e+02
  -4.7715685e-01
  -1.4260709e+02
  -1.6360157e+02
  -9.7527087e+01
  -3.3412940e+01
  -3.4252622e+02
  -2.2918432e+02
  -2.7627042e+02
  -1.4442413e+02
  -1.5790833e+02
  -1.7016635e+02
  -4.4249308e+01
  -2.2339453e+02
   7.2682219e+01
  -2.3383497e+02
  -1.9616137e+02
  -1.3497396e+02
  -2.4167417e+02
  -1.1638116e+01
   5.5714153e+00
  -2.7764307e+02
   1.6060472e+01
  -1.1010060e+02
  -1.4976779e+02
   2.2525972e+01
  -5.7171082e+00
  -1.6605437e+01
  -4.5805615e+01
  -7.9565192e+01
  -7.3403666e+01
  -3.5203051e+01
   4.0513866e+01
   2.7878130e+00
   9.7335466e+01
  -6.6018183e+01
   1.9976954e+02
  -7.2742675e+01
  -1.1128653e+02
  -4.0351084e+01
  -7.1758814e+01
  -1.7679014e+01
  -4.4135344e+01
  -8.8495797e+01
   3.5448539e+01
  -1.4741001e+02
  -1.3330523e+02
   4.1660346e+01
  -1.0192315e+02
   4.3312752e+01
  -3.5960898e+02
  -6.5362404e+01
  -5.6863542e+01
  -1.9285418e+02
  -2.3467280e+02
  -2.7317675e+02
  -1.5157960e+02
  -3.5391450e+02
  -3.3610498e+02
  -3.9413554e+02
  -4.4555877e+02
  -6.7878516e+02
  -3.6385567e+02
  -6.0920410e+02
  -6.4199522e+02
  -7.3676801e+02
  -5.9973729e+02
  -7.5837713e+02
  -9.0220488e+02
  -8.7906182e+02
  -9.9415687e+02
  -8.8227701e+02
  -1.2139703e+03
  -1.1690347e+03
  -1.2642041e+03
  -1.1843062e+03
  -1.2601513e+03
  -1.3318620e+03
  -1.5494378e+03
  -1.5216378e+03
  -1.5091783e+03
  -1.5513551e+03
  -1.5438149e+03
  -1.5367839e+03
  -1.6852345e+03
  -1.7289820e+03
  -1.5014196e+03
  -1.5817779e+03
  -1.6005570e+03
  -1.6990628e+03
  -1.7101142e+03
  -1.7219591e+03
  -1.6017675e+03
  -1.7412331e+03
  -1.7639655e+03
  -1.8112394e+03
  -1.8354817e+03
  -1.7787874e+03
  -1.6508616e+03
  -1.7359524e+03
  -1.8834865e+03
  -1.8293765e+03
  -1.8052052e+03
  -1.6484701e+03
  -1.7560994e+03
  -1.8803398e+03
  -1.7002620e+03
  -1.7407288e+03
  -1.7423304e+03
  -1.8395514e+03
  -1.8926455e+03
  -1.8280847e+03
  -1.8678908e+03
  -1.7083710e+03
  -1.7968531e+03
  -1.8133841e+03
  -1.7430983e+03
  -1.9149991e+03
  -1.6428849e+03
  -2.0236103e+03
  -1.7540483e+03
  -1.7213506e+03
  -1.8019448e+03
  -1.8007618e+03
  -1.9646449e+03
  -1.8794143e+03
  -1.6632079e+03
  -1.7501792e+03
  -1.7536963e+03
  -1.8414404e+03
  -1.8086872e+03
  -1.9269499e+03
  -2.0721987e+03
  -1.8354392e+03
  -1.8467415e+03
  -1.9278697e+03
  -1.8147554e+03
  -1.7817211e+03
  -1.7345866e+03
  -1.8738766e+03
  -1.7329305e+03
  -1.8127552e+03
  -1.7926488e+03
  -1.8407767e+03
  -1.8656979e+03
  -1.6781967e+03
  -1.8011017e+03
  -1.8844627e+03
  -1.9445452e+03
  -1.8862094e+03
  -1.6862005e+03
  -1.8354023e+03
  -1.8174278e+03
  -1.9006780e+03
  -1.7079629e+03
  -1.7438606e+03
  -1.8837247e+03
  -1.8069648e+03
  -1.6999659e+03
  -1.8743256e+03
  -1.8261334e+03
  -1.9213903e+03
  -1.8992939e+03
  -1.8786827e+03
  -1.9565482e+03
  -1.6990141e+03
  -1.8127220e+03
  -1.9273438e+03
  -1.9635292e+03
  -1.8508009e+03
  -1.8523035e+03
  -1.7913196e+03
  -1.8315323e+03
  -1.9710755e+03
  -1.9179394e+03
  -1.7518807e+03
  -2.0552584e+03
  -1.7593884e+03
  -2.0713946e+03
  -1.8393120e+03
  -1.8479660e+03
  -1.9656809e+03
  -1.8964152e+03
  -1.8529458e+03
  -1.9561629e+03
  -1.9751541e+03
  -2.0607939e+03
  -2.0721286e+03
  -1.9273803e+03
  -2.0625968e+03
  -1.8088057e+03
  -1.9839550e+03
  -1.7725922e+03
  -1.9000053e+03
  -2.0576033e+03
  -1.9230643e+03
  -1.9763098e+03
  -1.9507368e+03
  -1.8229614e+03
  -1.8550578e+03
  -1.9488639e+03
  -2.0311701e+03
  -1.8756023e+03
  -1.8873053e+03
  -1.8554752e+03
  -1.7267791e+03
  -1.7286705e+03
  -1.4828637e+03
  -1.5676068e+03
  -1.1213586e+03
  -1.1005817e+03
  -8.4097035e+02
  -9.1562932e+02
  -6.4074019e+02
  -7.5581973e+02
  -9.4038083e+02
  -6.8616128e+02
  -5.9943789e+02
  -4.8547094e+02
  -6.1574457e+02
  -4.0269963e+02
  -4.1976435e+02
  -4.1397053e+02
  -1.9837634e+02
  -1.1594904e+02
   6.9040791e+00
  -1.4437772e+02
  -4.5893781e+01
   1.3558899e+02
   1.1833522e+02
   2.8829195e+01
  -8.8906093e+00
   9.9452869e+01
   1.4910065e+02
   1.2393284e+02
  -8.6979043e+00
   1.7947237e+02
   1.0209484e+02
   7.8458101e+00
   1.8405142e+02
   1.2851831e+02
   2.6465149e+02
   1.3210240e+02
   4.1796997e+01
   2.8189826e+02
   3.7706579e+02
   3.0564356e+02
   2.8331670e+02
   3.6962629e+02
   4.9887504e+02
   1.5962312e+02
   3.1161845e+02
   3.5673701e+02
   3.6103878e+02
   3.5025229e+02
   4.9876617e+01
   3.1044615e+02
   2.5810220e+02
   3.1951623e+02
   2.9939287e+02
   2.7389411e+02
   3.0683147e+02
   2.6826898e+02
   2.4044345e+02
   3.2198128e+02
   2.6333912e+02
   2.7006815e+02
   2.5629720e+02
   2.8026908e+02
   2.3182560e+02
   2.1818742e+02
   2.6489969e+02
   3.0524094e+02
   2.0088648e+02
   3.8913835e+01
   1.8572356e+02
   3.4739067e+02
   2.1237338e+02
   1.6325954e+02
  -4.1721146e+01
   1.2436995e+02
   1.6270110e+02
   1.9287688e+02
   2.0803165e+02
   7.8422101e-01
  -2.4224689e+01
   1.6945496e+02
   2.8145591e+02
   7.4339014e+01
  -9.6328028e+01
  -5.8985829e+01
  -1.5755414e+02
   8.1121752e+01
   5.3578827e+01
   7.5596227e+01
  -4.0940207e+01
   1.6243260e+02
  -1.3127956e+02
  -3.3210906e+01
  -1.0798080e+02
  -1.8151565e+02
   6.9039794e+01
  -9.9438068e+01
  -5.8810129e+01
  -1.7335465e+02
  -9.0168594e+01
  -1.3520559e+02
   1.5307333e+01
  -9.1720937e+01
  -1.6957310e+02
  -5.0006933e+01
  -3.9423455e+01
  -9.0075337e+01
  -1.5685869e+02
  -1.6245666e+02
   7.8222450e+01
   4.3924739e+00
  -4.3867737e+01
  -2.6622051e+01
  -1.1403230e+02
   1.0272551e+01
  -1.9991356e+02
  -1.7596866e+02
  -1.6627522e+02
  -1.8523656e+02
  -2.2778921e+02
  -1.7934466e+02
  -8.3071057e+01
  -2.0851181e+02
  -2.5841844e+02
  -2.0626648e+02
  -9.7831121e+01
  -1.4837432e+02
  -2.6005194e+02
  -6.9027945e+01
  -1.4366302e+02
  -2.4885860e+02
  -3.0975078e+02
  -2.1437231e+02
  -2.6182250e+02
  -1.6085107e+01
  -3.3406955e+02
  -3.8820155e+02
  -3.5561816e+02
  -2.0438705e+02
  -1.6919202e+02
  -3.1374394e+02
  -2.3473433e+02
  -2.5891710e+02
  -2.6909919e+02
  -1.2950252e+02
  -3.4717895e+02
  -2.2384182e+02
  -2.6056572e+02
  -2.7687739e+02
  -1.7336357e+02
  -1.8029119e+02
  -2.2896154e+02
  -1.3202281e+02
  -2.3993990e+02
  -3.5911677e+02
  -1.1653601e+02
  -1.6482050e+02
  -1.9126993e+02
  -2.2473304e+01
  -2.4049570e+01
  -2.0646034e+02
  -1.3145725e+02
  -1.7294204e+02
  -3.2081682e+01
   1.0062469e+02
  -1.1703592e+02
  -9.9213878e+01
   4.3664256e+01
   4.9665831e+01
  -1.5281449e+01
  -9.0346278e+01
  -5.0222991e+01
   1.7095548e+02
   3.8136735e+01
   6.3104314e+01
  -4.3047528e+01
   6.4689028e+01
   2.5347458e-01
   1.6667926e+02
  -8.4475468e+01
  -9.2885481e+01
  -9.2551698e+01
  -7.4548079e+01
   4.2447927e+01
  -7.3043073e+01
   6.2676653e+01
  -8.1594006e+00
   2.7995947e+01
  -3.0626508e+01
  -3.2207444e+01
  -1.6932591e+02
   5.6523233e+01
  -1.6943675e+02
  -2.1245811e+02
  -5.4537517e+01
  -1.0035040e+02
  -1.4342073e+02
  -1.5669794e+02
  -3.3421221e+02
  -1.5050222e+02
  -4.0544933e+02
  -2.1316327e+02
  -4.0294405e+02
  -3.8101682e+02
  -3.2567517e+02
  -3.7490322e+02
  -4.0499708e+02
  -5.1119617e+02
  -5.4647037e+02
  -4.8391544e+02
  -7.0544421e+02
  -7.4022294e+02
  -7.5862513e+02
  -1.0194268e+03
  -1.0737045e+03
  -1.0790669e+03
  -1.1554836e+03
  -1.1611802e+03
  -1.2379854e+03
  -1.2160917e+03
  -1.4845530e+03
  -1.4792102e+03
  -1.5803020e+03
  -1.3872244e+03
  -1.5255297e+03
  -1.6169381e+03
  -1.6726528e+03
  -1.8890841e+03
  -1.6883916e+03
  -1.6460400e+03
  -1.6781922e+03
  -1.7179038e+03
  -1.8207314e+03
  -1.8266488e+03
  -1.9327567e+03
  -1.6411567e+03
  -1.7248664e+03
  -1.8135551e+03
  -1.9051106e+03
  -1.7602683e+03
  -1.6132053e+03
  -1.7116378e+03
  -1.7614296e+03
  -1.7608039e+03
  -1.7368595e+03
  -1.8462652e+03
  -1.8188312e+03
  -1.7074094e+03
  -1.6421136e+03
  -1.8077185e+03
  -1.8770387e+03
  -1.8314905e+03
  -2.0623993e+03
  -1.9175980e+03
  -1.6671943e+03
  -1.8681282e+03
  -1.7808542e+03
  -1.8127722e+03
  -1.8746626e+03
  -1.9064594e+03
  -1.7586604e+03
  -1.9667506e+03
  -1.8560488e+03
  -1.8064040e+03
  -1.8811948e+03
  -1.7992068e+03
  -1.7298587e+03
  -1.9534307e+03
  -1.8341457e+03
  -1.7605425e+03
  -1.8562927e+03
  -1.8461732e+03
  -1.9211288e+03
  -1.8829368e+03
  -1.8796602e+03
  -1.8258563e+03
  -1.7281384e+03
  -1.9338851e+03
  -2.0218764e+03
  -1.8443942e+03
  -1.8209603e+03
  -1.7126034e+03
  -1.7994560e+03
  -1.7926747e+03
  -1.7398481e+03
  -1.8117590e+03
  -1.9786896e+03
  -1.9838350e+03
  -1.9969079e+03
  -1.7008183e+03
  -1.9662604e+03
  -1.9043844e+03
  -1.8029747e+03
  -1.9839849e+03
  -1.7664854e+03
  -1.9366156e+03
  -2.0022464e+03
  -1.7433360e+03
  -1.9311284e+03
  -1.9409862e+03
  -1.7607892e+03
  -2.0354653e+03
  -1.7936479e+03
  -1.8348119e+03
  -2.0988653e+03
  -1.8434177e+03
  -1.9546814e+03
  -1.7956216e+03
  -2.0182206e+03
  -1.8775528e+03
  -1.8455448e+03
  -1.9300857e+03
  -1.8330719e+03
  -1.7316914e+03
  -1.8256943e+03
  -1.9151676e+03
  -2.0256873e+03
  -1.9420890e+03
  -1.9020729e+03
  -1.9680288e+03
  -2.0133692e+03
  -1.8850316e+03
  -2.0349561e+03
  -1.8569449e+03
  -1.7881938e+03
  -1.9188366e+03
  -1.9857776e+03
  -1.7997884e+03
  -1.8193742e+03
  -1.9007115e+03
  -1.9885745e+03
  -1.8780489e+03
  -1.8533586e+03
  -1.9913168e+03
  -1.9274875e+03
  -1.7682011e+03
  -1.8036298e+03
  -1.5397150e+03
  -1.4465146e+03
  -1.4268863e+03
  -1.1815974e+03
  -9.3436918e+02
  -9.5821256e+02
  -9.3113399e+02
  -9.0212928e+02
  -9.4770877e+02
  -7.5002099e+02
  -7.9376030e+02
  -9.2662574e+02
  -7.7175162e+02
  -5.7033143e+02
  -6.9026651e+02
  -5.6751510e+02
  -4.6035560e+02
  -3.4499894e+02
  -3.8654145e+02
  -4.3163557e+02
  -2.2515153e+02
  -3.4474044e+02
  -1.5429557e+02
  -9.8315006e+01
  -6.2752592e+01
   3.2621073e+01
   1.1307202e+02
  -2.3605141e+01
   6.5686606e+01
  -3.1305456e+01
   7.1628375e+01
  -1.5303355e+01
  -6.1303086e+01
   1.1733437e+02
   2.0796715e+02
   1.0450447e+02
   9.9822218e+01
   1.3143489e+02
   2.8496210e+02
   1.7908107e+02
   1.0947810e+01
   1.5226400e+02
   4.9000849e+01
   7.6687582e+01
   2.5931263e+02
   1.7057336e+02
   1.9825169e+02
   7.8410280e+00
   3.4016456e+02
   1.8900835e+02
   1.0625590e+02
   3.5772598e+02
   3.0929560e+02
   2.7728482e+02
   4.1866632e+02
   3.1778956e+01
   2.4663490e+02
   3.1729492e+02
   2.9322543e+02
   3.1807743e+02
   3.2444609e+02
   1.3035294e+02
   1.9458176e+02
   2.8517867e+02
   3.9226434e+02
   2.0549551e+02
   1.3007087e+02
   2.2214765e+02
   4.9392763e+02
   2.4050037e+02
   1.5259949e+02
   4.9121170e+02
   2.4760045e+02
   2.1424007e+02
   2.1946857e+02
   3.9060710e+02
   1.5400111e+02
   1.9650126e+02
   2.6849243e+02
   1.6798960e+02
   3.4296740e+02
   3.6776168e+02
  -3.9617571e+01
   2.3078549e+02
   1.1206815e+02
   7.3824429e+01
   2.9989943e+02
  -7.4572908e+01
   2.6753149e+02
   2.9619500e+02
   9.6176188e+01
   1.3764200e+02
   1.2603681e+02
   2.1917545e+02
   8.6043437e+01
   1.1416264e+02
   1.8035225e+02
   2.4596143e+02
   9.2586388e+00
   8.8904332e+01
   8.2403722e+01
   1.9044787e+02
   5.5935814e+01
   2.4562131e+02
   2.3574087e+02
   1.3946783e+02
   5.7859885e+01
   1.7050510e+01
   1.8726237e+01
   6.3476005e+01
   1.5896720e+01
  -1.2126250e+01
   5.5303796e+01
  -1.6770201e+02
   1.0870768e+01
   7.8747394e+01
   3.1197772e+01
  -5.5276136e+01
  -7.3668684e+01
  -2.9230781e+01
  -4.4771641e+01
  -9.6330745e+01
   9.4330411e+01
   2.1663915e+01
  -4.5671559e+01
  -1.0116645e+02
   6.3309888e+00
   1.2970578e+02
   1.4496883e+01
  -7.3354976e+01
  -9.4395592e+01
  -1.2715394e+02
  -8.5261935e+01
  -1.3563338e+01
  -2.2307371e+02
  -9.7387442e+01
  -1.5673413e+02
  -1.1063282e+02
  -6.2445589e+01
  -1.4206429e+02
  -2.3876073e+02
  -1.4551914e+02
  -1.6768899e+02
  -3.7526559e+02
  -2.8522834e+02
  -1.6069154e+02
  -3.1016076e+02
  -1.9260102e+02
  -2.5569722e+02
  -2.0935660e+02
  -2.4827642e+02
  -2.4331517e+02
  -3.2456662e+02
  -1.2687553e+02
  -3.2715419e+02
  -1.3585183e+01
  -1.0222487e+02
  -1.6114561e+02
  -2.1474339e+02
  -2.2571218e+02
  -1.5547109e+02
   3.2260984e+01
  -1.5251716e+02
  -8.2002128e+01
   1.1580290e+01
  -6.5713843e+01
  -1.2581877e+02
  -1.5111531e+02
   3.8263252e+01
  -5.1035949e+01
  -4.8296718e+01
   5.8870211e+01
   2.7432128e+01
   9.4812912e+01
  -2.9798985e+00
   3.6437536e+01
   4.7020768e+01
   2.1568571e+01
   1.8598975e+02
   5.1991498e+01
   1.6697557e+02
  -1.0242917e+02
  -5.1906895e+01
   1.0300462e+02
  -4.9901808e+01
   9.4392053e-02
  -5.5737461e+01
  -9.5708122e+01
  -1.0655726e+02
  -1.6220842e+01
  -5.5824852e+01
  -8.5117199e+01
  -1.5943034e+02
  -1.7157811e+02
  -1.0687353e+02
  -2.1444390e+02
  -1.9908914e+02
  -1.5990984e+02
  -9.9709214e+01
  -1.9790814e+02
  -2.5686327e+02
  -1.7171971e+02
  -2.3693837e+02
  -3.3540899e+02
  -2.4768628e+02
  -4.5904785e+02
  -2.6601230e+02
  -4.8371254e+02
  -4.2285738e+02
  -5.2761491e+02
  -7.8421736e+02
  -6.6801951e+02
  -5.9718324e+02
  -1.0031442e+03
  -9.8978244e+02
  -1.0534319e+03
  -1.0234709e+03
  -1.1308795e+03
  -1.1921795e+03
  -1.1999337e+03
  -1.4054618e+03
  -1.4319375e+03
  -1.3713035e+03
  -1.5260178e+03
  -1.5162323e+03
  -1.5958200e+03
  -1.7046323e+03
  -1.7416157e+03
  -1.7404248e+03
  -1.6542007e+03
  -1.5963327e+03
  -1.7404760e+03
  -1.7914520e+03
  -1.6305941e+03
  -1.8042953e+03
  -1.9021089e+03
  -1.8559650e+03
  -1.7182100e+03
  -1.7515832e+03
  -1.7090570e+03
  -1.9906308e+03
  -1.8266695e+03
  -1.8450146e+03
  -1.7480563e+03
  -1.8480566e+03
  -1.6882090e+03
  -1.7604629e+03
  -1.8208423e+03
  -1.9526415e+03
  -2.0452827e+03
  -1.7292367e+03
  -1.8236248e+03
  -1.8955535e+03
  -1.8138499e+03
  -1.8078069e+03
  -1.7453550e+03
  -1.9109942e+03
  -1.8343542e+03
  -1.9391634e+03
  -1.7643251e+03
  -1.7139925e+03
  -1.8876023e+03
  -1.7937418e+03
  -1.9324130e+03
  -1.8260072e+03
  -1.9125414e+03
  -1.6395398e+03
  -1.9992051e+03
  -1.8151851e+03
  -1.7927118e+03
  -2.0557797e+03
  -1.7276523e+03
  -1.9822255e+03
  -1.8571644e+03
  -1.9708565e+03
  -1.7853873e+03
  -2.0629685e+03
  -1.8521124e+03
  -1.8039581e+03
  -1.7668699e+03
  -1.9707549e+03
  -1.7789119e+03
  -1.8218590e+03
  -1.8809055e+03
  -1.8943276e+03
  -1.8420447e+03
  -1.9709924e+03
  -1.7879656e+03
  -2.0900835e+03
  -1.6860411e+03
  -1.8577143e+03
  -1.7752485e+03
  -1.8155272e+03
  -2.0277504e+03
  -1.8498063e+03
  -1.8934697e+03
  -1.9940000e+03
  -1.7971153e+03
  -1.8450040e+03
  -1.7961443e+03
  -1.8409947e+03
  -1.8279912e+03
  -1.8846995e+03
  -1.9128233e+03
  -1.7768568e+03
  -2.0634030e+03
  -1.8635624e+03
  -1.8355736e+03
  -1.9605555e+03
  -1.8671030e+03
  -1.8326382e+03
  -2.0299768e+03
  -2.0145706e+03
  -1.9500151e+03
  -2.0054067e+03
  -1.9663603e+03
  -1.8367194e+03
  -1.9215090e+03
  -1.9352696e+03
  -2.0039916e+03
  -2.1606553e+03
  -1.8233180e+03
  -1.9557676e+03
  -1.8850825e+03
  -1.9299150e+03
  -1.8574336e+03
  -1.8644105e+03
  -1.9470822e+03
  -1.8903286e+03
  -2.0360563e+03
  -1.8983459e+03
  -1.8272592e+03
  -1.9698189e+03
  -2.0311435e+03
  -1.8236164e+03
  -1.9113095e+03
  -2.0257472e+03
  -1.7886487e+03
  -1.6775700e+03
  -1.6301906e+03
  -1.5424046e+03
  -1.4297705e+03
  -9.5934993e+02
  -9.5635621e+02
  -9.9932480e+02
  -8.6361284e+02
  -8.4297369e+02
  -7.0035918e+02
  -6.0064020e+02
  -6.8131868e+02
  -5.2129282e+02
  -4.8226436e+02
  -4.4512550e+02
  -5.0318261e+02
  -2.7601271e+02
  -3.0533593e+02
  -1.7956262e+02
  -7.3928808e+01
  -1.3499315e+02
  -2.1040672e+01
  -2.4963283e+02
   1.0083184e+02
   1.3022323e+02
   6.3284082e+01
   1.4922364e+02
   1.6654769e+02
   7.6006388e+01
   2.7454437e+02
   1.5367191e+02
   1.9072442e+01
   2.0328838e+02
   1.1218797e+02
   2.0790043e+02
   1.6597885e+02
   1.9262361e+02
   3.3740854e+02
   3.2130890e+02
   2.2722163e+02
   1.6406819e+02
   3.0763923e+02
   2.2773950e+02
   1.7620895e+02
   3.4923162e+02
   2.5983818e+02
   2.1584984e+02
   2.5935716e+02
   2.4166613e+02
   1.6130519e+02
   3.0417715e+02
   3.8341519e+02
   2.3431852e+02
   1.7439066e+02
   4.0494991e+02
   3.2554176e+02
   2.1727039e+02
   2.8124220e+02
   2.8423234e+02
   2.3883763e+02
   2.4617262e+02
   2.9349917e+02
   3.3238620e+02
   2.8173617e+02
   2.5776114e+02
   3.1730236e+02
   2.7527056e+02
   4.8262225e+02
   3.4212585e+02
   4.0191636e+02
   2.9141782e+02
   1.9556594e+02
   3.2067099e+02
   3.8332443e+02
   2.5696061e+02
   2.8266062e+02
   1.3235760e+02
   1.0991978e+02
   1.7638462e+02
   2.2232966e+02
   1.4653074e+02
   2.1091378e+02
   1.7710547e+02
   3.0489150e+02
   2.9518388e+02
   2.4046252e+02
   2.4208797e+02
   4.4000175e+01
   2.4338512e+01
   9.8074602e+01
   1.3333820e+02
   1.3135302e+02
   2.0280789e+02
   9.1158408e+01
   1.7820225e+02
   1.3170160e+02
   1.8968876e+02
   2.8715470e+02
   1.4493588e+02
   1.7891922e+02
   1.2973804e+02
   2.0124862e+02
  -5.2977395e+01
   9.8805996e+01
   2.0498166e+02
   1.7539708e+02
   2.7917702e+02
   2.5674498e+02
   1.3403976e+02
   3.6942684e+01
   1.3412680e+02
   1.7734953e+02
   3.0680247e+01
   5.7134129e+01
   8.6034745e+01
  -1.0123587e+01
   5.4058269e+01
   1.6747213e+02
   2.5679909e+02
   8.4600026e+01
   2.2813064e+02
   1.5675888e+02
   2.0323390e+02
   1.5381496e+02
   1.7185550e+02
  -1.4463201e+00
   1.6936352e+02
   5.1215183e+01
   3.2696921e+01
   1.1467605e+02
   1.2286621e+02
  -7.7291974e+01
  -9.0317728e+01
   5.1305706e+01
   4.2900486e+00
  -4.1829383e+01
  -1.2508156e+02
   4.8254054e+01
  -1.2874339e+02
  -1.9865328e+02
  -1.0837582e+02
  -1.4261580e+02
   1.5461702e+02
  -1.2879419e+02
  -8.2489613e+01
  -1.4105939e+02
  -7.0012281e+01
  -2.2219413e+02
  -2.3976243e+02
  -2.7635831e+02
  -1.6485035e+02
  -8.4866522e+01
  -3.0299989e+01
  -1.3937102e+01
  -3.2576450e+02
  -2.2941882e+02
  -9.8133815e+01
  -2.1490965e+02
  -1.3349317e+02
  -3.9418845e+01
   1.7449821e+01
   3.3015042e+01
  -1.7999819e+01
   2.1944512e+01
   1.9823241e+00
  -1.0888194e+02
   1.0864852e+02
   9.9804537e+01
  -1.1295027e+02
   5.4910356e+01
  -6.7525771e+01
  -4.1256107e+00
   4.3058227e+01
   2.4889938e+01
  -2.2843997e+01
  -4.0321148e+01
  -9.5260253e+01
   1.9697728e+01
   2.8461312e+01
  -3.6475551e-01
  -2.8640866e+01
  -2.5785881e+02
  -2.6876296e+01
  -1.2665766e+02
  -2.1197932e+02
  -2.7753004e+02
  -2.6181742e+02
  -2.0495618e+02
  -2.2290012e+02
  -2.6242529e+02
  -4.1279159e+02
  -3.1023760e+02
  -4.3537567e+02
  -4.6710757e+02
  -4.3800242e+02
  -6.6473078e+02
  -7.1469932e+02
  -6.3527439e+02
  -9.4034523e+02
  -9.8458559e+02
  -1.1087317e+03
  -9.8819333e+02
  -1.1361937e+03
  -1.2617760e+03
  -1.3534522e+03
  -1.2475977e+03
  -1.3898617e+03
  -1.4511853e+03
  -1.4223869e+03
  -1.3927814e+03
  -1.7961452e+03
  -1.8269380e+03
  -1.5653518e+03
  -1.7985530e+03
  -1.6995544e+03
  -1.6098848e+03
  -1.6320009e+03
  -1.5783554e+03
  -1.6414627e+03
  -1.7989425e+03
  -1.6717506e+03
  -1.8223212e+03
  -1.6465769e+03
  -1.6797349e+03
  -1.9242636e+03
  -1.7769893e+03
  -1.7500237e+03
  -1.8565736e+03
  -1.7434519e+03
  -1.9387622e+03
  -1.6903011e+03
  -1.7408599e+03
  -1.7673313e+03
  -1.7667291e+03
  -1.8762806e+03
  -1.8904607e+03
  -1.7205563e+03
  -1.7083247e+03
  -1.7710660e+03
  -1.7514621e+03
  -1.8076874e+03
  -1.7630091e+03
  -1.9112193e+03
  -1.8388226e+03
  -1.9590287e+03
  -1.8066935e+03
  -1.8199620e+03
  -1.9971409e+03
  -1.8283269e+03
  -1.9335266e+03
  -1.9052966e+03
  -1.7583267e+03
  -1.9135372e+03
  -1.8432798e+03
  -1.9605570e+03
  -1.7901313e+03
  -1.6645409e+03
  -1.8209115e+03
  -1.7033436e+03
  -1.8067466e+03
  -1.8125431e+03
  -1.8341485e+03
  -1.7436667e+03
  -1.9126064e+03
  -1.9451092e+03
  -1.9335970e+03
  -1.8125830e+03
  -1.8089335e+03
  -1.7436772e+03
  -2.0417636e+03
  -1.7496357e+03
  -1.7313404e+03
  -1.9405875e+03
  -1.9917261e+03
  -2.0492231e+03
  -1.8734292e+03
  -1.8142374e+03
  -1.7927828e+03
  -1.8961733e+03
  -2.0207583e+03
  -1.8675712e+03
  -1.8204489e+03
  -1.7905632e+03
  -2.0152973e+03
  -1.9960202e+03
  -1.8964658e+03
  -1.8340287e+03
  -1.7976517e+03
  -1.9568801e+03
  -1.8085176e+03
  -1.8164365e+03
  -1.8192439e+03
  -1.8881988e+03
  -1.9992978e+03
  -1.8560129e+03
  -2.0414483e+03
  -1.8717362e+03
  -1.8142817e+03
  -1.8737639e+03
  -1.9888258e+03
  -1.9168322e+03
  -1.8067678e+03
  -1.8616534e+03
  -1.8006175e+03
  -1.9311352e+03
  -1.8495880e+03
  -1.8730962e+03
  -1.9305035e+03
  -1.9708451e+03
  -1.9264713e+03
  -1.8505913e+03
  -1.7751741e+03
  -1.9705893e+03
  -1.9408427e+03
  -1.8790835e+03
  -1.9051445e+03
  -1.8564423e+03
  -1.9553402e+03
  -1.9182647e+03
  -1.7911586e+03
  -1.9388909e+03
  -1.8491588e+03
  -1.9135974e+03
  -1.6001031e+03
  -2.0119643e+03
  -1.4815018e+03
  -1.3561638e+03
  -1.2491260e+03
  -1.0421602e+03
  -8.8641026e+02
  -7.9390599e+02
  -7.5989182e+02
  -7.3061963e+02
  -8.1114405e+02
  -6.7164811e+02
  -5.9895631e+02
  -6.4930915e+02
  -4.7393503e+02
  -3.1524946e+02
  -3.0456922e+02
  -2.7849017e+02
  -1.6366184e+02
  -1.3252597e+02
  -1.3623364e+02
  -2.1493656e+02
  -9.0090099e+01
   7.7222155e+01
   4.2447308e+01
   1.1394203e+02
   1.9777818e+02
   8.0156065e+01
   1.9667730e+02
   3.4995031e+02
   3.3607546e+02
   1.4714063e+02
   2.4171154e+02
   5.9013070e+01
   2.0882992e+02
   3.7973571e+02
   4.0453469e+02
   2.8567555e+02
   2.8312200e+02
   2.6813883e+02
   2.4675540e+02
   1.8956662e+02
   2.2419373e+02
   2.3267904e+02
   3.7730516e+02
   1.9938827e+02
   3.2521399e+02
   3.8046112e+02
   1.7369238e+02
   4.4108509e+02
   2.6652154e+02
   2.7824019e+02
   2.5765413e+02
   3.1416503e+02
   2.7737922e+02
   3.4968327e+02
   2.9125032e+02
   2.2910921e+02
   2.3010756e+02
   2.0393419e+02
   1.8978512e+02
   3.3209138e+02
   3.6665689e+02
   2.2692536e+02
   2.3646451e+02
   1.4800755e+02
   6.9045640e+01
   1.3532378e+02
   1.2550281e+02
   1.7256624e+02
  -1.1693397e+02
  -5.4756893e+01
   2.5045249e+01
  -6.6293519e+01
   5.0471109e+01
  -1.0899741e+02
   9.0347143e+00
  -5.4081008e+01
  -5.8610027e+01
   1.4246364e+02
  -5.2960410e+01
  -5.6404604e+01
   4.2856701e+01
  -1.7971757e+02
  -2.5845058e+02
  -1.5454354e+02
  -3.1428351e+02
  -2.1880913e+02
  -3.8631529e+02
  -2.2200149e+02
  -3.9082751e+02
  -3.7901978e+02
  -3.6696287e+02
  -2.7453746e+02
  -4.5015300e+02
  -3.3834698e+02
  -3.2932882e+02
  -4.2794474e+02
  -4.8167650e+02
  -4.4718257e+02
  -3.2866255e+02
  -4.1306664e+02
  -3.9974674e+02
  -4.2074349e+02
  -3.5344733e+02
  -4.1484180e+02
  -4.5599480e+02
  -5.2686719e+02
  -4.0921417e+02
  -4.6271975e+02
  -4.4429948e+02
  -5.4607190e+02
  -5.1554774e+02
  -5.2304436e+02
  -5.4764404e+02
  -5.8613098e+02
  -4.0334459e+02
  -3.7250304e+02
  -5.2523482e+02
  -6.3265427e+02
  -5.6921895e+02
  -4.9277638e+02
  -4.3759382e+02
  -4.0734844e+02
  -5.6034170e+02
  -4.8898824e+02
  -5.5201806e+02
  -4.7792294e+02
  -4.3407436e+02
  -5.5308765e+02
  -6.4084162e+02
  -5.0697331e+02
  -5.7135506e+02
  -5.2424518e+02
  -6.1861365e+02
  -4.4972982e+02
  -6.2362018e+02
  -5.3954842e+02
  -5.0694433e+02
  -6.0229662e+02
  -5.9152266e+02
  -5.9867800e+02
  -7.0135306e+02
  -5.4360142e+02
  -4.6930993e+02
  -6.2845448e+02
  -5.3763005e+02
  -4.8782858e+02
  -3.0854734e+02
  -4.5324424e+02
  -4.6124963e+02
  -5.3594611e+02
  -7.2182402e+02
  -4.6152103e+02
  -3.8578678e+02
  -4.1081120e+02
  -5.7985632e+02
  -4.7595797e+02
  -3.3313055e+02
  -2.6696914e+02
  -3.6483198e+02
  -4.6288112e+02
  -2.1328020e+02
  -4.1791894e+02
  -4.1212445e+02
  -3.1137734e+02
  -2.6139804e+02
  -3.8972961e+02
  -2.6474939e+02
  -2.5270935e+02
  -2.7060554e+02
  -2.5552264e+02
  -1.4312716e+02
  -2.4413676e+02
  -9.7267817e+01
  -3.0740745e+02
  -2.6628944e+02
  -2.5112618e+02
  -2.1820101e+02
  -1.0262009e+02
  -1.1974235e+02
  -3.0657117e+02
  -1.9865193e+02
  -3.7337606e+02
  -2.3234565e+02
  -2.1163570e+02
  -2.9660249e+02
  -2.2911419e+02
  -2.7259067e+02
  -1.8001087e+02
  -2.0975683e+02
  -3.3631566e+02
  -2.1995360e+02
  -3.5789150e+02
  -3.4590164e+02
  -2.7561670e+02
  -3.1046997e+02
  -2.9556333e+02
  -4.8912368e+02
  -4.8773373e+02
  -6.4470318e+02
  -7.2365112e+02
  -7.8084879e+02
  -7.4956012e+02
  -1.0670869e+03
  -1.0422120e+03
  -1.0741490e+03
  -1.1131899e+03
  -1.3679110e+03
  -1.4233234e+03
  -1.4828071e+03
  -1.2929178e+03
  -1.4851165e+03
  -1.4923299e+03
  -1.5320438e+03
  -1.6832278e+03
  -1.3560604e+03
  -1.7013291e+03
  -1.7558214e+03
  -1.6121616e+03
  -1.6066333e+03
  -1.5781167e+03
  -1.6867086e+03
  -1.7499380e+03
  -1.8079225e+03
  -1.6196036e+03
  -1.8606681e+03
  -1.8705871e+03
  -1.8461287e+03
  -1.5908348e+03
  -1.5021866e+03
  -1.6647690e+03
  -1.5458586e+03
  -1.7262764e+03
  -1.5499773e+03
  -1.7263660e+03
  -1.7668987e+03
  -1.6440230e+03
  -1.7135221e+03
  -1.6747789e+03
  -1.8627225e+03
  -1.5058920e+03
  -1.6392990e+03
  -1.8609194e+03
  -1.8465210e+03
  -1.8020133e+03
  -1.8422336e+03
  -1.7469684e+03
  -1.7731585e+03
  -1.7397554e+03
  -1.8334734e+03
  -1.8684440e+03
  -1.7929884e+03
  -1.7357029e+03
  -1.8359471e+03
  -1.8918745e+03
  -1.7821004e+03
  -1.7111265e+03
  -1.7688345e+03
  -1.7558340e+03
  -1.9447766e+03
  -1.9680614e+03
  -1.7557445e+03
  -1.9224898e+03
  -1.8749152e+03
  -1.8468636e+03
  -1.7850814e+03
  -1.8376184e+03
  -1.7345785e+03
  -1.6536224e+03
  -1.8373565e+03
  -1.7463811e+03
  -1.9926053e+03
  -1.8665628e+03
  -1.8082310e+03
  -1.8054944e+03
  -1.8149864e+03
  -1.8784447e+03
  -1.7700487e+03
  -1.8948722e+03
  -1.8284509e+03
  -1.7195916e+03
  -1.7486888e+03
  -1.9571750e+03
  -1.8080723e+03
  -1.7404034e+03
  -1.8804587e+03
  -1.8114588e+03
  -1.9326253e+03
  -1.9122132e+03
  -1.7873019e+03
  -1.8670009e+03
  -1.8564398e+03
  -1.8745872e+03
  -2.0272981e+03
  -1.8527631e+03
  -1.8058725e+03
  -2.0125158e+03
  -2.0267992e+03
  -2.0969927e+03
  -1.9225450e+03
  -1.8802400e+03
  -1.8053164e+03
  -2.0299274e+03
  -1.6775398e+03
  -2.0665716e+03
  -2.0435931e+03
  -1.8523154e+03
  -2.0106432e+03
  -1.9007462e+03
  -1.9842759e+03
  -1.9471520e+03
  -1.8941516e+03
  -1.9785460e+03
  -1.8522558e+03
  -2.0737905e+03
  -1.9010682e+03
  -2.0047930e+03
  -1.9139380e+03
  -1.7768893e+03
  -1.9928005e+03
  -1.9918660e+03
  -1.9192818e+03
  -1.8458450e+03
  -1.8089942e+03
  -1.8118219e+03
  -1.7150392e+03
  -1.5342738e+03
  -1.3906070e+03
  -1.2229990e+03
  -1.1384595e+03
  -1.1001368e+03
  -7.5064703e+02
  -8.2301736e+02
  -6.5642314e+02
  -6.0387736e+02
  -6.1007564e+02
  -6.7500082e+02
  -5.8639209e+02
  -3.2326957e+02
  -4.1725806e+02
  -3.5755988e+02
  -2.4109937e+02
  -3.9055809e+02
  -1.8039022e+02
  -1.1828647e+02
  -1.5299783e+02
  -3.1885245e+01
  -5.4079981e+01
  -1.8793325e+01
   1.0834962e+02
   9.5193317e+00
   1.1981313e+02
  -5.0875662e+01
   9.0171314e+01
  -5.5631769e+01
   1.0044102e+02
   1.3941406e+02
  -2.1238052e+01
   3.7139395e+01
   1.6499167e+02
   2.0559496e+02
   1.4524431e+02
   2.4717426e+02
   3.1981052e+02
   2.7991574e+02
   2.0125847e+02
   1.8567574e+02
   4.2715034e+02
   4.7270763e+02
   2.9432629e+02
   1.8296747e+02
   3.2004738e+02
   2.2995533e+02
   3.9513910e+02
   1.1224273e+02
   1.3948214e+02
   6.6612528e+00
   9.5745594e+01
   1.5845734e+02
   4.7077365e+02
   2.1623933e+02
   2.6103528e+02
   7.5429794e+01
   2.2384462e+02
   2.4783962e+02
   1.8599251e+02
   2.3741238e+02
   2.3597474e+02
   2.9228054e+02
   1.6600409e+02
   1.6619791e+02
   2.0064469e+02
   8.1835764e+01
   1.9631973e+02
   2.3044728e+02
   1.7771947e+02
   7.6920894e+01
   4.2481928e+01
  -9.7289830e+01
   1.5127144e+01
   8.0335375e+01
   1.8985143e+02
   1.8813960e+02
  -2.0274629e+01
   1.1300908e+02
   2.0524764e+00
   7.7963615e+01
   1.3874085e+02
   4.0480576e+01
   1.1821110e+02
   8.7044674e+01
   8.7461659e+01
   1.8848631e+02
   1.8951155e+02
   1.2361345e+02
  -9.7192993e+00
   5.4129481e+01
   1.7154820e+01
   1.6528162e+02
   2.1543568e+02
   3.4286474e+01
  -4.1219256e+01
   1.4411271e+02
  -9.6417224e+01
   9.4327984e+01
   9.6005810e+01
   2.2575435e+02
  -8.8174469e+00
   6.2075489e+01
  -1.0398828e+02
   6.5247035e+01
   8.4005806e+01
  -1.5607892e+02
  -1.1000145e+01
  -6.5422802e+01
   3.4000327e+01
  -1.3665650e+02
  -4.4451971e+01
  -6.5609746e+01
  -5.6407544e+01
  -1.5392075e+02
  -1.6216521e+02
  -1.5877086e+02
  -9.5104422e+01
  -1.4213450e+02
  -1.3412748e+02
  -8.1786375e+01
  -2.1315544e+02
  -2.8846329e+02
  -2.0035511e+02
  -6.1228764e+01
  -2.9690411e+02
  -2.5118491e+02
  -1.3407808e+02
  -2.1111439e+02
  -2.8501133e+02
  -4.2562181e+02
  -3.2540358e+02
  -1.0414236e+02
  -2.5052732e+02
  -2.1097961e+02
  -2.8684825e+02
  -3.0785989e+02
  -2.6043566e+02
  -3.1133296e+02
  -1.9565133e+02
  -1.2327512e+02
  -2.7758277e+02
  -4.2546357e+02
  -9.6403537e+01
  -2.4637170e+02
  -2.1571517e+02
  -2.5194178e+02
  -1.8780345e+02
  -1.5235914e+02
  -2.7511764e+02
  -1.2211363e+02
  -3.1738514e+02
  -2.2924179e+02
  -2.6267947e+01
  -2.0516641e+02
  -2.5601512e+02
  -1.2622328e+02
  -1.9068480e+02
  -2.1049887e+02
  -1.4309343e+02
  -2.1722184e+02
  -2.2974941e+01
   3.1710873e+01
  -3.2368579e+02
  -1.2848689e+02
   6.6930978e+01
  -2.0136428e+01
   1.0317050e+02
  -5.4462060e+01
   3.6072902e+01
   1.0148814e+02
  -8.9052267e+01
  -8.1948123e+01
   8.0116621e+01
  -1.5277686e+02
  -6.2978414e+01
   3.8971940e+00
   7.7183210e+01
   1.4726838e+02
  -8.5871026e+01
   9.5116211e+01
   1.0495654e+01
   9.0932647e+01
   1.2728383e+02
  -5.6107488e+01
   1.4391089e+02
  -1.2183161e+02
   4.9303895e+00
  -6.9117448e+01
  -2.2934904e+01
  -2.1510714e+01
  -4.3061410e+01
   3.1375065e+01
  -1.2600011e+02
   4.7116764e+01
  -1.9554838e+01
  -1.0256724e+02
  -1.2499671e+02
  -2.4057642e+02
  -2.2779888e+02
  -2.7281558e+02
  -1.5627185e+02
  -1.6555792e+02
  -2.9960857e+02
  -4.2896835e+02
  -2.9053268e+02
  -3.7817536e+02
  -3.7353727e+02
  -4.9221927e+02
  -7.6190758e+02
  -6.8471431e+02
  -7.4668333e+02
  -8.4066209e+02
  -1.0229145e+03
  -9.7751470e+02
  -9.1978305e+02
  -1.0589058e+03
  -1.1201074e+03
  -1.4681361e+03
  -1.1936175e+03
  -1.3939163e+03
  -1.4240692e+03
  -1.4640099e+03
  -1.4819778e+03
  -1.5971717e+03
  -1.4308825e+03
  -1.7756561e+03
  -1.6452325e+03
  -1.6092625e+03
  -1.4695143e+03
  -1.6283632e+03
  -1.5775918e+03
  -1.6916870e+03
  -1.8299585e+03
  -1.7866273e+03
  -1.7081487e+03
  -1.6424463e+03
  -1.7025030e+03
  -1.6777577e+03
  -1.7933177e+03
  -1.7981027e+03
  -1.7275241e+03
  -1.7092837e+03
  -1.6721147e+03
  -1.8034315e+03
  -1.7865715e+03
  -1.6077582e+03
  -1.8618952e+03
  -1.8031008e+03
  -1.7398018e+03
  -1.7788884e+03
  -1.7991133e+03
  -1.8891041e+03
  -1.7799820e+03
  -1.7250782e+03
  -1.7719959e+03
  -1.7749465e+03
  -1.7941253e+03
  -1.8309752e+03
  -1.7320081e+03
  -1.7346933e+03
  -1.7772170e+03
  -1.8615589e+03
  -1.8850802e+03
  -1.7065157e+03
  -1.7368517e+03
  -1.8584019e+03
  -1.8136578e+03
  -1.6257266e+03
  -1.8672216e+03
  -1.9604220e+03
  -1.8141767e+03
  -1.8186623e+03
  -1.8372198e+03
  -1.8237018e+03
  -1.7010773e+03
  -1.8114684e+03
  -1.8661706e+03
  -1.9119036e+03
  -1.7997291e+03
  -1.8138363e+03
  -1.9806559e+03
  -1.9706558e+03
  -1.8710073e+03
  -1.8380685e+03
  -1.8423798e+03
  -1.8094912e+03
  -1.8220205e+03
  -1.8262267e+03
  -1.9252048e+03
  -1.7720572e+03
  -1.9794247e+03
  -1.7145402e+03
  -1.7875045e+03
  -1.8277564e+03
  -1.9418230e+03
  -1.8933167e+03
  -1.8052915e+03
  -1.7956240e+03
  -1.8931189e+03
  -1.9520279e+03
  -1.9179543e+03
  -1.9550196e+03
  -1.8568590e+03
  -1.8887597e+03
  -1.9309174e+03
  -1.8380104e+03
  -1.9774750e+03
  -1.9019342e+03
  -1.8989133e+03
  -1.8209479e+03
  -1.8132472e+03
  -1.9555513e+03
  -1.9398248e+03
  -2.1720067e+03
  -1.9742525e+03
  -1.8736583e+03
  -1.9697365e+03
  -1.8412044e+03
  -1.8923869e+03
  -1.8483448e+03
  -1.8328428e+03
  -1.7327535e+03
  -1.8575034e+03
  -1.9409867e+03
  -1.8076625e+03
  -1.9092729e+03
  -1.8062320e+03
  -1.8048163e+03
  -1.8609581e+03
  -2.0571826e+03
  -1.9755649e+03
  -1.7954744e+03
  -1.8292012e+03
  -1.7593341e+03
  -1.7245368e+03
  -1.7670024e+03
  -1.7082803e+03
  -1.6125894e+03
  -1.4853623e+03
  -1.4323659e+03
  -9.9028201e+02
  -9.6006889e+02
  -1.0337932e+03
  -8.5406639e+02
  -7.3334987e+02
  -8.8887726e+02
  -7.0138245e+02
  -7.5653589e+02
  -6.7819052e+02
  -4.8915902e+02
  -4.6415868e+02
  -3.6839468e+02
  -3.7853892e+02
  -1.7020199e+02
  -1.9294506e+02
  -1.9439500e+02
   4.9333454e+00
  -6.6244448e+00
   1.0975980e+02
  -7.0914475e+01
   4.4660539e+01
  -2.3685143e+02
  -8.8495164e+00
   1.8117438e+02
   4.0209330e+01
   3.2652008e+01
   5.8171498e+01
   1.5138546e+02
   1.6973808e+02
   2.5321638e+01
   1.5618267e+02
   3.0439968e+02
   1.9798081e+02
   1.2261620e+02
   2.7049860e+02
   3.3498826e+02
   2.3917795e+02
   1.5193936e+02
   2.5148644e+02
   2.7148892e+02
   1.9612516e+02
   1.2314853e+02
   2.3516736e+02
   3.2746034e+02
   3.5368397e+02
   3.3654005e+02
   8.9690211e+01
   2.1156805e+02
   2.3826590e+02
   2.5957369e+02
   3.4128775e+02
   3.0044223e+02
   1.5346342e+02
   2.3619619e+02
   1.8149734e+02
   1.6669195e+01
   6.7708832e+01
   2.0077953e+02
   1.0106286e+02
   2.6252043e+02
   2.9219920e+02
   1.7561395e+02
   3.9360403e+02
   5.8864280e+01
   1.9003037e+02
   9.4401085e+01
   4.0408489e+01
   1.2380891e+02
   1.3733937e+02
   8.8397632e+01
   7.2346259e+01
   1.3957620e+02
   1.7736681e+02
   7.0364856e+01
  -4.3259136e+01
   2.8711561e+01
  -2.3857426e+01
  -1.1030011e+02
  -1.7382603e+01
   2.5805999e+01
   4.2276064e+01
  -1.3765737e+02
   3.5863246e+01
   8.9662102e+01
   1.2878438e+02
  -1.3010311e+01
   2.5348256e+02
  -2.8314400e+01
  -8.2088122e+00
  -1.7472388e+02
   7.6331686e+01
   6.3754060e+01
   7.0513470e+00
   1.1268978e+01
  -2.8941906e+01
  -1.3006506e+02
  -2.9091217e+02
  -1.9135030e+02
  -1.4048406e+02
  -1.3928689e+02
  -9.2165119e+01
  -1.9757515e+02
  -1.1378327e+02
  -1.0080665e+02
  -1.6974561e+02
  -1.9331193e+02
  -1.9564930e+02
  -2.0169321e+02
  -1.6640522e+02
  -1.4037871e+02
  -1.2761673e+02
  -2.8457616e+02
  -2.5999355e+02
  -1.9981125e+02
  -3.8873872e+02
  -1.9377375e+02
  -2.3412110e+02
  -3.7833002e+02
  -2.9222338e+02
  -3.0329805e+02
  -3.4045686e+02
  -3.1934360e+02
  -4.2343980e+02
  -3.2733213e+02
  -6.3733035e+02
  -3.1131819e+02
  -2.6629846e+02
  -3.8260467e+02
  -3.0723417e+02
  -2.2171626e+02
  -6.6471778e+02
  -4.3956850e+02
  -4.0417468e+02
  -3.7191757e+02
  -2.9102727e+02
  -1.9573226e+02
  -3.6728571e+02
  -1.5944714e+02
  -3.6999596e+02
  -3.7670364e+02
  -2.8362566e+02
  -1.2138167e+02
  -1.9702060e+02
  -2.2525434e+02
  -1.5275801e+02
  -1.8297807e+02
  -1.8774244e+02
  -1.0310127e+02
  -1.2327675e+02
  -8.1612522e+01
   1.2715229e+02
  -2.3597743e+02
  -3.3924604e+01
  -1.8068913e+01
  -1.4915172e+02
   2.5461374e+01
   2.2765737e+01
  -2.0477240e+02
  -6.3366165e+01
  -1.2392681e+00
  -1.2570667e+02
  -1.3128148e+02
   1.0860057e+02
   1.4022728e+02
  -2.2295649e+02
  -5.0527023e+01
   2.6686162e+01
   9.6395175e+01
  -1.8467710e+02
  -1.9200592e+02
  -1.2336586e+02
   5.2351002e+01
  -8.5901048e+01
  -8.7472210e+01
  -8.2501996e+01
  -1.8226638e+02
  -1.0968703e+02
  -1.7244830e+02
  -1.7585515e+02
  -2.1425641e+02
  -4.0100312e+02
  -7.7825660e+01
  -4.0373010e+02
  -4.3435003e+02
  -5.5820611e+02
  -4.8186352e+02
  -7.1503232e+02
  -7.0514044e+02
  -8.1546677e+02
  -8.6859146e+02
  -9.7908201e+02
  -1.0729164e+03
  -1.0985056e+03
  -1.2393111e+03
  -1.3448961e+03
  -1.2560866e+03
  -1.5554214e+03
  -1.5776285e+03
  -1.6535576e+03
  -1.4622805e+03
  -1.7507487e+03
  -1.6606731e+03
  -1.6413400e+03
  -1.7693971e+03
  -1.6633442e+03
  -1.7318155e+03
  -1.6169695e+03
  -1.7395046e+03
  -1.7707576e+03
  -1.8311939e+03
  -1.6850184e+03
  -1.7940620e+03
  -1.6894118e+03
  -1.7524042e+03
  -1.7345812e+03
  -1.7145890e+03
  -1.7571236e+03
  -2.0474842e+03
  -1.7344297e+03
  -1.6557370e+03
  -1.8018041e+03
  -1.6908590e+03
  -1.7740512e+03
  -1.9250659e+03
  -1.6828140e+03
  -1.8452484e+03
  -1.8679991e+03
  -1.4934579e+03
  -1.7562402e+03
  -1.7033330e+03
  -1.9072453e+03
  -1.9627672e+03
  -1.8227596e+03
  -1.9443820e+03
  -1.9724464e+03
  -1.8162783e+03
  -1.8863343e+03
  -1.8134298e+03
  -1.9059555e+03
  -1.8539878e+03
  -1.8328474e+03
  -1.7405730e+03
  -1.7912960e+03
  -1.7965840e+03
  -1.8174738e+03
  -1.8657009e+03
  -1.9698470e+03
  -1.8665323e+03
  -2.0908238e+03
  -1.9146113e+03
  -1.9034284e+03
  -1.9796076e+03
  -1.8354407e+03
  -1.7825611e+03
  -1.7191989e+03
  -1.9169885e+03
  -1.7769157e+03
  -1.8947608e+03
  -1.8443022e+03
  -1.9395324e+03
  -1.9053848e+03
  -1.8841115e+03
  -1.7998074e+03
  -1.9524950e+03
  -1.7944396e+03
  -1.7468328e+03
  -1.9715755e+03
  -1.8716195e+03
  -1.8831078e+03
  -1.7017929e+03
  -1.8971985e+03
  -1.8825614e+03
  -1.9710213e+03
  -1.7510260e+03
  -1.9631024e+03
  -1.8845535e+03
  -1.9452192e+03
  -1.9687814e+03
  -1.8659571e+03
  -1.8826264e+03
  -1.8956282e+03
  -1.9549590e+03
  -1.9739366e+03
  -2.0918691e+03
  -2.2073084e+03
  -1.9244769e+03
  -1.7848596e+03
  -2.0423729e+03
  -1.7406513e+03
  -2.0754008e+03
  -1.9407812e+03
  -1.9356946e+03
  -2.1206088e+03
  -1.9628300e+03
  -1.9311591e+03
  -1.7932072e+03
  -1.9307985e+03
  -1.7179390e+03
  -1.8333256e+03
  -1.9593469e+03
  -1.9512917e+03
  -2.0242943e+03
  -1.9446575e+03
  -1.8772126e+03
  -1.9268327e+03
  -1.9591607e+03
  -1.8642495e+03
  -1.8664518e+03
  -1.7918736e+03
  -1.6670933e+03
  -1.9753529e+03
  -1.7664678e+03
  -1.7273977e+03
  -1.6260540e+03
  -1.5452392e+03
  -1.3193838e+03
  -1.1658860e+03
  -8.5604965e+02
  -9.0894606e+02
  -7.2041303e+02
  -8.2278194e+02
  -8.0293339e+02
  -6.6920183e+02
  -8.6024517e+02
  -7.0633212e+02
  -5.8429990e+02
  -7.2620295e+02
  -3.9305961e+02
  -4.9206384e+02
  -4.0248457e+02
  -3.9040406e+02
  -3.5769236e+02
  -2.4361537e+02
   3.3058694e+01
   9.3672105e-01
  -6.4088987e+00
   8.4496465e+00
  -1.1527825e+01
   1.3278975e+02
  -2.2817923e+01
   8.0166665e+01
   2.8438552e+02
   1.3726332e+02
   2.9328257e+02
   1.7900796e+02
   1.3362741e+02
   2.4620520e+02
   6.0119008e+01
   2.8221880e+02
   2.9847171e+02
   1.6910866e+02
   1.9743137e+02
   1.7907206e+02
   2.7244346e+02
   3.5482709e+02
   2.4131799e+02
   1.7083042e+02
   1.0387803e+02
   3.7067120e+02
   1.1632636e+02
   2.2728585e+02
   2.1036745e+02
   2.1766006e+02
   3.5391301e+02
   2.0877996e+02
   2.7569372e+02
   4.1386298e+02
   4.5195851e+02
   1.9731408e+02
   3.6838354e+02
   1.4901898e+02
   2.4743264e+02
   4.2237858e+02
   3.8434024e+02
   2.1839446e+02
   2.3757926e+02
   1.8622825e+02
   2.6357014e+02
   3.3449727e+02
   3.9991092e+01
   2.3270186e+02
   1.6537111e+02
   2.3426396e+02
   2.2194076e+02
   7.5914287e+01
   9.7405615e-01
   5.1562602e+01
   1.5304001e+01
  -7.5003213e+01
  -4.2883117e+01
  -2.3629562e+01
  -4.8349364e+01
   5.5439472e+01
  -2.4093088e+01
  -1.7497828e+02
  -7.4644712e+01
   1.9694640e+01
  -6.4969681e+01
  -1.1459742e+02
  -5.4993738e+00
  -2.5948407e+02
  -3.8034163e+02
  -3.4953943e+01
  -1.8280791e+02
  -1.7465401e+02
  -1.9608672e+02
  -2.5400396e+01
  -2.8833422e+02
  -7.2941349e+01
  -2.6557446e+02
  -1.2099744e+02
  -2.2316008e+02
  -1.1563968e+02
  -1.9931844e+02
  -2.7784575e+02
  -2.6143687e+02
  -2.8067734e+02
  -1.8926341e+02
  -2.0671839e+02
  -2.0195050e+02
  -2.4339719e+02
  -4.0421396e+01
  -1.4237124e+02
  -1.6813435e+02
  -1.4472168e+02
  -1.0543776e+02
  -2.4583440e+02
  -1.3550316e+02
  -1.7942770e+02
  -2.5829016e+02
  -1.7858233e+02
  -4.6402000e+01
  -2.9317814e+02
  -3.4112455e+02
  -1.5387884e+02
  -2.3825516e+02
  -1.8873298e+02
  -2.0761222e+02
  -3.1716592e+02
  -2.1827798e+02
  -3.4268076e+02
  -5.3780334e+01
  -9.5242100e+01
  -2.8403151e+02
  -2.2098011e+02
  -2.8726471e+02
  -2.1983093e+02
  -1.5370965e+02
  -2.9848047e+02
  -2.0399775e+02
  -1.4260736e+02
  -1.0355068e+02
  -1.3817552e+02
  -1.5485098e+02
  -2.5589127e+02
  -1.1457810e+02
  -3.7730601e+02
  -3.2064770e+02
  -2.7548825e+02
  -9.4789817e+01
  -1.9082235e+02
  -3.1235208e+02
  -3.7115359e+02
  -2.0795706e+02
  -3.4258963e+02
  -2.9269705e+02
  -2.7670266e+02
  -3.8641191e+02
  -2.0917924e+02
  -2.0752801e+02
  -3.1873590e+02
  -2.3074864e+02
  -2.5237372e+02
  -2.2915150e+02
  -2.0468918e+02
  -1.9526977e+02
  -1.5046987e+02
  -1.6435076e+02
  -2.5825242e+02
  -4.5789486e+01
  -2.5991323e+01
  -4.0716929e+01
  -7.2045018e+01
  -1.1305300e+02
  -2.9490698e+02
   4.6044309e+00
  -2.3498719e+02
  -9.9811762e+01
  -1.0681372e+02
   1.3853905e+02
  -1.9405331e+02
  -2.9070446e+01
  -2.4819637e+01
  -9.0249313e+01
  -1.9210925e+01
  -4.1555433e+01
  -7.2850969e+01
  -1.9336473e+02
  -2.3029101e+01
  -2.5093067e+02
  -2.1265826e+02
  -2.1861723e+02
  -2.6653517e+02
  -8.2104033e+01
  -1.8828080e+02
  -1.9853580e+02
  -2.9354401e+02
  -3.0577850e+02
  -3.8947265e+02
  -2.9261919e+02
  -3.7574776e+02
  -3.9704843e+02
  -4.4732003e+02
  -4.2368204e+02
  -5.3563959e+02
  -5.6913508e+02
  -5.0733490e+02
  -6.4524115e+02
  -6.5392970e+02
  -8.5617823e+02
  -8.3852729e+02
  -8.9030014e+02
  -1.2289969e+03
  -1.0399419e+03
  -1.1487195e+03
  -1.2880762e+03
  -1.4674785e+03
  -1.3367114e+03
  -1.4922101e+03
  -1.3898522e+03
  -1.6674945e+03
  -1.5612917e+03
  -1.6062590e+03
  -1.6704842e+03
  -1.4744606e+03
  -1.7917734e+03
  -1.6392408e+03
  -1.7697088e+03
  -1.6895151e+03
  -1.4885787e+03
  -1.7408081e+03
  -1.8228657e+03
  -1.8267398e+03
  -1.7254093e+03
  -1.8344337e+03
  -1.6910190e+03
  -1.8775226e+03
  -1.8604244e+03
  -1.6811059e+03
  -1.7923589e+03
  -1.6768667e+03
  -1.9262210e+03
  -1.8443406e+03
  -1.9125851e+03
  -1.7869629e+03
  -1.9044787e+03
  -1.9715788e+03
  -1.6842230e+03
  -1.9959119e+03
  -1.7502631e+03
  -1.9486710e+03
  -1.8394724e+03
  -1.9391656e+03
  -1.8673268e+03
  -1.9012172e+03
  -1.8504817e+03
  -1.8978405e+03
  -1.9578996e+03
  -1.8094602e+03
  -1.7029556e+03
  -1.7555544e+03
  -1.9129710e+03
  -1.8050987e+03
  -1.9938986e+03
  -1.8092127e+03
  -1.9351468e+03
  -1.8070653e+03
  -1.7635778e+03
  -1.8545511e+03
  -1.6677554e+03
  -1.8684412e+03
  -1.9029679e+03
  -1.8576192e+03
  -1.8527722e+03
  -1.8687125e+03
  -1.7058092e+03
  -1.6767605e+03
  -1.8098514e+03
  -1.8139163e+03
  -1.8366166e+03
  -1.8424167e+03
  -1.8272114e+03
  -1.8936235e+03
  -1.7359906e+03
  -1.8539600e+03
  -2.1028666e+03
  -1.8691103e+03
  -1.8642793e+03
  -1.8183876e+03
  -1.8707682e+03
  -1.9121031e+03
  -1.9847618e+03
  -1.8727248e+03
  -1.8931530e+03
  -1.7903317e+03
  -1.8822598e+03
  -1.8781263e+03
  -1.8483675e+03
  -1.7696000e+03
  -1.9435919e+03
  -1.9779920e+03
  -1.7415613e+03
  -2.0597521e+03
  -1.8625017e+03
  -1.9037026e+03
  -2.0574676e+03
  -1.8777449e+03
  -1.8417173e+03
  -1.8540053e+03
  -1.9160727e+03
  -1.8945073e+03
  -1.9509216e+03
  -1.9022716e+03
  -1.9972369e+03
  -1.9830064e+03
  -2.1063850e+03
  -1.9495263e+03
  -1.9545042e+03
  -1.8745358e+03
  -1.8526776e+03
  -1.8645589e+03
  -1.8312719e+03
  -1.9353300e+03
  -1.7944523e+03
  -1.9546937e+03
  -1.7829558e+03
  -1.9511105e+03
  -1.9077621e+03
  -1.8498366e+03
  -1.8715643e+03
  -1.9423524e+03
  -1.9580228e+03
  -1.8740879e+03
  -1.8321906e+03
  -1.9007519e+03
  -1.7007904e+03
  -1.9997071e+03
  -1.7421022e+03
  -1.7930558e+03
  -1.7437436e+03
  -1.5760959e+03
  -1.4478019e+03
  -9.7503954e+02
  -9.5953304e+02
  -8.0187085e+02
  -8.1989622e+02
  -8.0936016e+02
  -6.5804197e+02
  -5.6882226e+02
  -7.9071819e+02
  -5.2936940e+02
  -5.7100481e+02
  -5.2081650e+02
  -3.8480111e+02
  -2.9936046e+02
  -2.8341776e+02
  -9.5502738e+01
  -1.0928595e+02
  -5.2454301e+00
   4.7904941e+01
   5.2553797e+00
   1.5340086e+02
   3.9578177e+01
   8.1340123e+01
   1.5336645e+02
   2.0671600e+02
   1.5504149e+02
   1.7395224e+02
   2.8154483e+02
   2.8352366e+02
   2.8126375e+02
   1.7323081e+02
   2.0199943e+02
   2.1146276e+02
   1.1608592e+02
   2.7713041e+02
   1.7265660e+02
   2.8416548e+02
   2.2944975e+02
   3.6492287e+02
   3.8658981e+02
   3.6143242e+02
   2.9025478e+02
   3.3905573e+02
   3.1267861e+02
   3.4233887e+02
   2.3484115e+02
   3.2002342e+02
   2.8534545e+02
   2.1414681e+02
   3.7630404e+02
   3.6002811e+02
   2.6063959e+02
   1.3714596e+02
   3.5886506e+02
   2.2939597e+02
   3.2328119e+02
   2.0143573e+02
   1.6317530e+02
   3.7400983e+02
   1.3257943e+02
   2.5497567e+02
   3.3629303e+02
   2.8864593e+02
   3.0563525e+02
   1.6620564e+02
   1.7885995e+02
   4.5128345e+02
   1.3272362e+02
   1.6389468e+02
   2.4343122e+02
   2.3642221e+02
   1.9072057e+02
   2.5509480e+02
   2.2590062e+02
   1.2084485e+02
   1.9356219e+02
   1.2791213e+02
   1.0681204e+02
   1.2053938e+02
  -2.7618602e+01
   1.0092354e+02
  -7.2942006e+01
   2.0577856e+02
   3.5858927e+01
   4.5791065e+01
   2.0346878e+02
   1.5996824e+01
   6.3081685e+01
   6.9079390e+01
   2.5652194e+02
  -4.3345535e+00
   9.2931279e+01
  -6.0020083e+01
   2.3084344e+02
   1.1501590e+02
   2.9161625e-01
   1.2186130e+02
   1.6456201e+02
  -1.5690193e+01
  -7.7029935e-01
   7.8797313e+01
   2.1994099e+02
   8.8561645e+01
   1.7423478e+02
   2.0751732e+02
   4.2919088e+01
   1.4882817e+02
   1.7450993e+02
   6.9280877e+01
   1.0428698e+02
   2.0906910e+02
   2.0878356e+02
   8.6447522e+01
   8.4108818e+01
   2.5198463e+01
   7.0526018e+01
   2.1996662e+02
   9.2983673e+01
   9.0024717e+01
   1.3643309e+02
   1.1980158e+02
   9.1294339e+01
   8.6513576e+01
  -7.1620951e+01
   1.3290854e+02
   5.0705200e+01
   1.4679348e+02
  -4.6549424e+01
  -4.4029640e+01
   2.9251123e+01
  -1.2465721e+02
  -7.2335624e+01
   8.2316705e+01
   1.2323333e+01
   3.0515108e+01
  -1.3288325e+02
  -1.0782133e+02
  -1.3703883e+02
  -3.0989744e+02
  -6.2581663e+01
  -3.4839803e+00
  -2.5668306e+02
  -3.4460567e+01
  -2.6021374e+02
  -8.0688398e+01
  -2.0854908e+02
  -3.0267105e+02
  -3.3183738e+02
  -3.2826280e+02
  -2.9370944e+02
  -3.1329146e+02
  -3.8904945e+02
  -3.4254915e+02
  -2.6636974e+02
  -1.8624501e+02
  -2.9370605e+02
  -3.3495267e+02
  -4.7083863e+02
  -1.8567964e+02
  -1.5931464e+02
  -2.0349419e+02
  -7.1378012e+01
  -1.5324246e+01
  -6.4378958e+01
  -8.4222298e+01
  -1.2330063e+02
  -7.9412634e+01
  -5.1135624e+01
  -1.1890208e+02
  -2.2890929e+02
   1.3666930e+00
  -1.5654404e+02
  -1.2008841e+02
  -1.2069060e+02
  -1.1260342e+02
  -1.2859821e+02
  -1.1109647e+02
  -1.4037452e+02
  -1.7369193e+02
   6.2016218e+00
  -5.3439940e+01
  -7.0556276e+01
  -8.8443492e+01
  -3.8558128e+02
  -2.3439922e+02
  -2.8017076e+02
  -3.5955123e+02
  -4.2104608e+02
  -3.1974048e+02
  -3.6219885e+02
  -3.0638155e+02
  -3.8742801e+02
  -4.2649410e+02
  -6.0707699e+02
  -6.4976493e+02
  -7.7268228e+02
  -9.5284995e+02
  -8.2480464e+02
  -1.0367746e+03
  -9.9420935e+02
  -1.1174607e+03
  -1.2607679e+03
  -1.1953329e+03
  -1.2161652e+03
  -1.4399269e+03
  -1.4188080e+03
  -1.5031983e+03
  -1.5422661e+03
  -1.6538960e+03
  -1.7041146e+03
  -1.6103635e+03
  -1.8256628e+03
  -1.8209881e+03
  -1.7693993e+03
  -1.6288207e+03
  -1.6867962e+03
  -1.7249930e+03
  -1.8239550e+03
  -1.7680446e+03
  -1.5992754e+03
  -1.5973732e+03
  -1.9478795e+03
  -1.8162760e+03
  -1.6749135e+03
  -1.7976235e+03
  -1.8432438e+03
  -1.8731954e+03
  -1.7606947e+03
  -1.8298996e+03
  -1.8383693e+03
  -1.7555987e+03
  -1.8835182e+03
  -1.7068203e+03
  -1.9059813e+03
  -1.7694727e+03
  -1.8237282e+03
  -1.7994578e+03
  -1.8456333e+03
  -1.6974797e+03
  -1.8857807e+03
  -1.8377526e+03
  -1.7461660e+03
  -1.8593102e+03
  -1.7305741e+03
  -1.8883889e+03
  -1.8573728e+03
  -2.0882863e+03
  -1.7771105e+03
  -1.7819762e+03
  -1.8884142e+03
  -1.7849958e+03
  -1.6888009e+03
  -1.8198963e+03
  -1.8228685e+03
  -1.7899921e+03
  -1.9073584e+03
  -1.6818219e+03
  -1.8280817e+03
  -1.7293874e+03
  -1.8525714e+03
  -1.9693757e+03
  -1.8753014e+03
  -1.8690044e+03
  -1.9280084e+03
  -1.9649521e+03
  -2.1133700e+03
  -1.8856921e+03
  -1.9887509e+03
  -1.9118863e+03
  -1.9014524e+03
  -1.9465198e+03
  -1.9665511e+03
  -1.8414285e+03
  -1.9131811e+03
  -1.7575470e+03
  -1.9197228e+03
  -1.9865859e+03
  -1.9098554e+03
  -1.7260124e+03
  -1.8657832e+03
  -1.9231204e+03
  -1.8896415e+03
  -1.9476497e+03
  -1.8144712e+03
  -1.9638928e+03
  -1.8188669e+03
  -2.0460273e+03
  -1.6678721e+03
  -1.8292656e+03
  -1.8885802e+03
  -1.8670434e+03
  -1.9228975e+03
  -1.8095748e+03
  -1.8517998e+03
  -1.7920620e+03
  -1.8609069e+03
  -1.9108761e+03
  -1.8556586e+03
  -1.9963202e+03
  -1.8497932e+03
  -2.0071240e+03
  -1.8714940e+03
  -2.0316697e+03
  -2.0719044e+03
  -1.8931847e+03
  -1.8758461e+03
  -1.8511192e+03
  -1.8940406e+03
  -1.9361032e+03
  -1.9777050e+03
  -2.0285411e+03
  -1.8635413e+03
  -1.8222504e+03
  -1.7335540e+03
  -1.8676891e+03
  -1.8426495e+03
  -1.8929266e+03
  -1.9204035e+03
  -1.9054434e+03
  -1.9347239e+03
  -1.7587767e+03
  -1.8675627e+03
  -1.9614445e+03
  -1.9477609e+03
  -1.9877452e+03
  -1.9485710e+03
  -1.8794841e+03
  -1.7087472e+03
  -1.5384577e+03
  -1.4026203e+03
  -1.1765047e+03
  -9.6966175e+02
  -9.7424130e+02
  -8.4834576e+02
  -7.9208077e+02
  -6.0690391e+02
  -7.8256519e+02
  -6.6666872e+02
  -5.9244978e+02
  -6.3448352e+02
  -4.0366548e+02
  -5.0006647e+02
  -3.1484025e+02
  -3.4092190e+02
  -3.1872267e+02
  -5.1187095e+01
  -9.8192327e+01
  -3.4790973e+01
  -5.8170976e+01
  -1.8640589e+01
   2.0782038e+01
   5.7127600e+01
  -2.9050316e+01
  -7.3285447e+00
   2.0412650e+02
   2.3902079e+02
   2.3059842e+02
   3.9027412e+01
   8.2848746e+01
   2.6643227e+02
   3.1654282e+02
   1.5360733e+02
   5.5103246e+01
   1.6757672e+02
   1.6912778e+02
   1.2540241e+02
   2.7731907e+02
   2.0930940e+02
   3.3139075e+02
   2.9683884e+02
   2.3193339e+02
   1.9807998e+02
   2.0867450e+02
   2.2348746e+02
   3.0701982e+02
   3.9780778e+02
   2.5604285e+02
   2.5873122e+02
   2.5034683e+02
   2.5324716e+02
   2.2032423e+02
   2.1116212e+02
   2.7310496e+02
   2.3679975e+02
   2.1629247e+02
   3.4735688e+02
   1.4306737e+02
   2.4164657e+02
   2.9534802e+02
   1.3112204e+02
   2.3215158e+02
   1.5544142e+02
   4.7219618e+02
   2.2486247e+02
   2.7296362e+02
   1.3062421e+02
   1.3188613e+02
   1.1322099e+02
   2.8153157e+02
   1.3941785e+02
   3.7670332e+01
   1.8547156e+02
   5.1760039e+01
   8.3353554e+01
   6.9295844e+01
   5.9700328e+01
   2.6005366e+01
  -3.2265438e+01
  -2.5155969e+02
  -5.1802464e+01
  -1.6024149e+02
   5.2661541e+00
  -2.6234695e+01
   7.3983970e+01
  -3.4791872e+00
  -5.3578140e+01
   6.3233957e+00
  -5.2040733e+01
  -1.6241022e+02
  -1.5541728e+02
  -2.8169185e+02
  -2.0481692e+02
  -2.8950862e+02
  -1.3979367e+02
  -1.3273547e+02
  -1.1861268e+02
  -1.6096446e+02
  -2.1356836e+02
  -3.0607447e+02
  -3.4317175e+02
  -2.8467893e+02
  -1.8472006e+02
  -3.3058617e+02
  -2.0350767e+02
  -1.3848388e+02
  -3.6369792e+02
  -2.6892672e+02
  -2.8498140e+02
  -1.5896968e+02
  -4.2448176e+02
  -2.7293526e+02
  -2.0480709e+02
  -2.9892949e+02
  -3.4586774e+02
  -3.9003021e+02
  -2.8991995e+02
  -4.6099666e+02
  -2.4628671e+02
  -2.9598158e+02
  -3.2374895e+02
  -3.4612755e+02
  -4.6949094e+02
  -3.4859744e+02
  -3.1986738e+02
  -5.4024034e+02
  -2.0643455e+02
  -3.7565499e+02
  -3.6056869e+02
  -4.8927691e+02
  -2.6515434e+02
  -4.5675065e+02
  -4.1302953e+02
  -4.2795399e+02
  -3.6229209e+02
  -3.8508744e+02
  -2.2865603e+02
  -4.0742074e+02
  -3.9291545e+02
  -4.9475752e+02
  -3.7294081e+02
  -3.4780164e+02
  -3.9690355e+02
  -4.7901479e+02
  -3.0832325e+02
  -2.2078553e+02
  -2.8436430e+02
  -3.9121340e+02
  -3.3721729e+02
  -9.3789569e+01
  -3.5045331e+02
  -3.1028749e+02
  -2.6179031e+02
  -1.7692802e+02
  -3.0778527e+02
  -3.5477852e+02
  -9.0675257e+01
  -8.0250301e+01
  -2.3118566e+02
  -9.7082617e+01
  -1.2089545e+02
  -1.2071284e+02
  -1.9772784e+02
  -2.1448265e+02
  -7.7496589e+01
  -2.0174816e+02
   2.4936464e+01
  -2.3135622e+02
  -1.2364935e+02
  -5.5827890e+01
  -2.0883718e+02
  -1.1264494e+01
  -1.0646760e+02
  -2.3520180e+02
  -1.1481160e+02
  -3.3416827e+02
  -9.2963593e+01
  -1.7422018e+02
  -3.5955746e+02
  -3.1660450e+02
  -3.0872096e+02
  -1.7403381e+02
  -5.1323907e+02
  -4.1749074e+02
  -3.3558363e+02
  -4.0958046e+02
  -3.5299452e+02
  -4.4329903e+02
  -4.9801403e+02
  -5.0699618e+02
  -4.8819506e+02
  -6.2965821e+02
  -6.5329642e+02
  -7.6549802e+02
  -8.2965009e+02
  -8.6704937e+02
  -1.1256101e+03
  -9.7153830e+02
  -1.0012872e+03
  -1.2471359e+03
  -1.2691615e+03
  -1.2600111e+03
  -1.5037298e+03
  -1.4323839e+03
  -1.4338203e+03
  -1.5270942e+03
  -1.4585604e+03
  -1.6341694e+03
  -1.6857666e+03
  -1.8736011e+03
  -1.8179218e+03
  -1.8375510e+03
  -1.8310884e+03
  -1.9470763e+03
  -1.7825628e+03
  -1.7542922e+03
  -1.5595247e+03
  -1.7638254e+03
  -1.7181058e+03
  -1.7684796e+03
  -1.9446214e+03
  -1.9826485e+03
  -1.8793504e+03
  -1.9387085e+03
  -1.7284382e+03
  -1.9323001e+03
  -1.7768401e+03
  -1.8989892e+03
  -1.7760324e+03
  -1.9863520e+03
  -1.8824403e+03
  -1.8264150e+03
  -1.9137968e+03
  -1.8123051e+03
  -1.8719832e+03
  -1.8690191e+03
  -1.8120217e+03
  -1.7381719e+03
  -1.8980966e+03
  -1.8997285e+03
  -1.9247157e+03
  -1.9534562e+03
  -1.8815676e+03
  -1.9118849e+03
  -1.7075300e+03
  -1.9851560e+03
  -1.8165326e+03
  -1.7540902e+03
  -1.8307231e+03
  -1.8286257e+03
  -1.8175017e+03
  -1.8889689e+03
  -1.8306571e+03
  -1.8641793e+03
  -1.8563668e+03
  -1.8688478e+03
  -1.9213804e+03
  -1.7881094e+03
  -1.8186991e+03
  -1.9042289e+03
  -1.8741859e+03
  -2.0095989e+03
  -1.8652369e+03
  -1.8839146e+03
  -1.7406493e+03
  -1.8367332e+03
  -1.8505738e+03
  -1.9316145e+03
  -1.8882576e+03
  -1.9276740e+03
  -1.8686906e+03
  -1.8427164e+03
  -1.9532163e+03
  -1.7421670e+03
  -1.7876396e+03
  -1.9608375e+03
  -1.9040811e+03
  -1.8027368e+03
  -1.8316387e+03
  -2.0134437e+03
  -1.8358141e+03
  -1.7159013e+03
  -1.9442361e+03
  -1.9958056e+03
  -1.8188040e+03
  -1.9827088e+03
  -2.0095461e+03
  -1.9406441e+03
  -1.8956655e+03
  -1.7995351e+03
  -1.9176886e+03
  -1.8161013e+03
  -1.8695124e+03
  -2.0155203e+03
  -1.8802713e+03
  -1.9376399e+03
  -2.0198568e+03
  -1.9557420e+03
  -1.9292518e+03
  -2.0066706e+03
  -2.0263758e+03
  -1.7867360e+03
  -1.9888353e+03
  -2.0135292e+03
  -1.9649351e+03
  -1.8510060e+03
  -1.9500675e+03
  -1.8664052e+03
  -1.9248168e+03
  -1.8795513e+03
  -1.8209684e+03
  -1.9317100e+03
  -1.9406560e+03
  -1.9624015e+03
  -1.7556171e+03
  -1.9857978e+03
  -1.8686712e+03
  -1.7059549e+03
  -1.9552055e+03
  -2.0052959e+03
  -1.7768009e+03
  -1.8382990e+03
  -1.8761581e+03
  -1.8664890e+03
  -1.8673945e+03
  -1.6793511e+03
  -1.6466767e+03
  -1.5391065e+03
  -1.2582390e+03
  -1.0766151e+03
  -8.2961065e+02
  -8.5780041e+02
  -5.9257851e+02
  -5.5722392e+02
  -5.5619209e+02
  -5.2411864e+02
  -4.7199768e+02
  -2.5905864e+02
  -4.6136656e+02
  -4.6924363e+02
  -1.7845906e+02
  -2.4072271e+02
  -2.3606525e+02
   6.4173535e+01
  -5.8327895e+01
   1.4839237e+02
  -2.2837403e+00
   3.0577243e+00
   1.2863319e+02
   1.5765897e+02
   2.3646990e+02
  -1.2048939e+01
   2.1147595e+02
   9.3366344e+01
   1.9337019e+02
   2.1337854e+02
   7.8857884e+01
   2.8128320e+02
   2.3817744e+02
   1.0055900e+02
   2.2313511e+02
   8.5946872e+01
   1.4581753e+02
   2.4476964e+02
   4.1473287e+02
   3.2674902e+02
   2.3584591e+02
   2.9474937e+02
   2.4749535e+02
   1.5910227e+02
   2.1111915e+02
   1.9860794e+02
   2.7003662e+02
   2.4653060e+02
   3.3860884e+02
   3.1182869e+02
   4.7531918e+02
   2.7288595e+02
   3.2712259e+02
   2.9037744e+02
   2.9198689e+02
   3.6738479e+02
   2.1756098e+00
   2.0176620e+02
   2.7901462e+02
   2.1168036e+02
   2.5645395e+02
   1.8458760e+02
   1.7372036e+02
  -4.4358104e+01
   8.2646562e+01
   6.0953158e+01
   1.1294584e+02
   1.5158132e+02
   8.9520903e+01
   1.9598055e+02
   1.3202080e+02
   6.9325359e+01
   8.8087589e+01
   1.2440517e+02
  -5.1614008e+01
  -1.5788950e+00
  -8.3223786e+01
   3.0157054e+01
  -1.0467029e+02
  -1.2643716e+02
  -1.1010969e+02
  -7.6685058e+01
   1.4409466e+01
  -1.5978724e+01
   1.6746917e+02
   2.4662057e+01
  -1.4537325e+02
  -7.4583562e+01
  -5.6804891e+01
  -6.2068794e+01
  -1.5527126e+02
  -6.7227524e+01
  -1.1758310e+02
  -1.1917494e+02
  -9.3998074e+01
  -5.7158963e+01
  -1.5100321e+01
   1.3557303e+02
  -1.7388519e+02
  -2.5965434e+02
   1.5592176e+01
   7.9879034e+01
  -9.3555604e+01
  -2.1917928e+02
  -2.7319374e+02
   1.2862859e+02
  -1.1859784e+02
  -9.2026816e+01
  -1.1724961e+02
  -5.9227242e+01
  -1.8513658e+02
  -1.4554564e+02
  -1.5870713e+02
  -2.1498577e+02
  -8.6217283e+01
  -2.3131820e+02
  -5.3604750e+01
   2.3989449e+01
  -7.5469535e+01
  -3.5940297e+02
  -7.2446272e+01
  -2.6731464e+02
  -5.5542225e+01
  -2.2481139e+02
  -5.0893384e+01
  -2.5542494e+02
  -1.6186316e+02
  -3.0818873e+02
  -2.5914990e+02
  -9.6825391e+01
  -5.9865171e+01
  -3.0820525e+02
  -1.2504693e+02
  -2.8340721e+02
  -6.6577609e+01
  -2.3390396e+01
  -2.4989355e+02
  -9.6565757e+01
  -9.6107907e+01
  -1.8011452e+02
   8.4842407e+00
  -1.7667723e+02
  -1.3588007e+02
  -1.3786928e+02
  -8.6754771e+01
  -1.9822135e+02
   2.3425132e+01
  -4.4876052e+01
   3.3861457e+01
  -3.9571497e+01
   9.2464135e+00
   9.3055358e+01
   8.1163398e+01
  -4.3403671e+01
   9.2749330e+01
   6.5935672e+01
  -1.6912257e+02
  -1.0372702e+02
  -2.5795674e+01
   4.8622139e+00
  -5.9120620e+01
   3.0462462e+01
  -1.2542850e+02
  -1.2596199e+02
  -2.0277277e+02
   1.2606483e+02
  -7.0006186e+01
  -1.1740359e+02
  -1.4391311e+02
  -1.2677563e+02
  -2.0201116e+02
  -1.8893279e+02
  -2.3537194e+02
  -1.2160523e+02
  -2.4571765e+02
  -2.8377941e+02
  -4.6530231e+02
  -2.6148434e+02
  -6.4129545e+02
  -4.8070144e+02
  -5.0146786e+02
  -6.2432427e+02
  -3.5438300e+02
  -7.4724522e+02
  -6.5117501e+02
  -6.6542461e+02
  -8.9774982e+02
  -7.5044467e+02
  -8.7654196e+02
  -1.0182990e+03
  -8.8865160e+02
  -1.1348688e+03
  -1.2808077e+03
  -1.2314923e+03
  -1.3300050e+03
  -1.4224732e+03
  -1.4913484e+03
  -1.5320564e+03
  -1.6611853e+03
  -1.5887790e+03
  -1.7228529e+03
  -1.6103072e+03
  -1.7105935e+03
  -1.6145442e+03
  -1.5899556e+03
  -1.6085161e+03
  -1.6286636e+03
  -1.6645538e+03
  -1.7593718e+03
  -1.6694038e+03
  -1.8282522e+03
  -1.6525484e+03
  -1.5727942e+03
  -1.6753283e+03
  -1.9319052e+03
  -1.8843357e+03
  -1.6833307e+03
  -1.8071986e+03
  -1.8420333e+03
  -1.7772579e+03
  -1.8084413e+03
  -1.8386786e+03
  -1.9120851e+03
  -1.6916239e+03
  -1.7478684e+03
  -1.7671779e+03
  -1.8011441e+03
  -1.8120762e+03
  -1.6459731e+03
  -1.8851603e+03
  -1.8488238e+03
  -1.7727702e+03
  -1.7721902e+03
  -1.7919656e+03
  -1.9605949e+03
  -1.9217167e+03
  -1.8051452e+03
  -1.9057649e+03
  -1.9199879e+03
  -1.7014524e+03
  -1.7555411e+03
  -1.7436199e+03
  -1.8189317e+03
  -1.8353026e+03
  -1.7491116e+03
  -1.7603383e+03
  -1.9306810e+03
  -1.9094768e+03
  -1.7149867e+03
  -1.8441715e+03
  -1.7996290e+03
  -1.8742060e+03
  -1.8283487e+03
  -1.8887363e+03
  -1.8421460e+03
  -1.7377106e+03
  -1.8406343e+03
  -1.6764608e+03
  -1.8385371e+03
  -1.9017822e+03
  -1.7183684e+03
  -1.6686045e+03
  -1.9524745e+03
  -1.8876067e+03
  -1.8530314e+03
  -1.7983195e+03
  -1.7978419e+03
  -1.8705201e+03
  -1.7598450e+03
  -1.8115838e+03
  -1.8757390e+03
  -1.9009588e+03
  -1.8273012e+03
  -1.6953787e+03
  -1.7644920e+03
  -1.9749713e+03
  -1.7756554e+03
  -1.9313930e+03
  -1.8457021e+03
  -1.8118036e+03
  -1.8185794e+03
  -1.8852934e+03
  -1.8333353e+03
  -1.8814488e+03
  -1.8791848e+03
  -1.8471894e+03
  -1.8514387e+03
  -1.8878134e+03
  -1.9504598e+03
  -1.8731230e+03
  -1.8903721e+03
  -1.9560616e+03
  -1.7930094e+03
  -1.7589216e+03
  -1.8449149e+03
  -1.7216213e+03
  -1.8621614e+03
  -1.9254437e+03
  -1.8844336e+03
  -1.7849311e+03
  -1.8548268e+03
  -1.7485565e+03
  -2.0142371e+03
  -1.8698519e+03
  -1.9700807e+03
  -1.8153175e+03
  -1.8770889e+03
  -1.9106935e+03
  -1.9214760e+03
  -1.7733675e+03
  -1.8963075e+03
  -1.7316999e+03
  -1.9839390e+03
  -2.0606378e+03
  -1.9391586e+03
  -1.8812351e+03
  -1.9638928e+03
  -1.9629526e+03
  -1.8667314e+03
  -1.9145925e+03
  -1.8134770e+03
  -1.9302516e+03
  -1.8213725e+03
  -1.8834028e+03
  -1.8658727e+03
  -1.8185501e+03
  -1.5075838e+03
  -1.7830395e+03
  -1.5454971e+03
  -1.5456966e+03
  -1.5246988e+03
  -1.3828526e+03
  -1.0112846e+03
  -8.9815058e+02
  -8.6277110e+02
  -6.5624962e+02
  -8.0424564e+02
  -6.5070430e+02
  -6.6946838e+02
  -3.8608728e+02
  -5.6518736e+02
  -4.1406896e+02
  -4.5766206e+02
  -3.7654084e+02
  -1.5959560e+02
  -2.0732950e+02
  -1.3049771e+02
  -1.1770092e+02
  -6.2323140e+00
   6.3762206e+01
   1.7987897e+01
  -7.2092916e+01
   1.0134123e+02
   3.9538760e+01
   1.6340208e+02
   2.1540743e+02
   3.1595774e+02
   2.5958589e+02
   1.8322057e+02
   1.4086575e+02
   1.8134926e+02
   3.2788932e+02
   2.7743834e+02
   3.2558848e+02
   2.5173474e+02
   2.2719511e+02
   2.2243668e+02
   2.4738314e+02
   3.1312640e+02
   3.4316916e+02
   3.4883187e+02
   4.6415383e+02
   2.7135834e+02
   3.1168990e+02
   4.0442577e+02
   4.0415100e+02
   1.5450082e+02
   3.7539937e+02
   9.8583017e+01
   3.7983558e+02
   3.7076539e+02
   2.4722682e+02
   9.3186990e+01
   3.1869515e+02
   1.9419642e+02
   3.7135641e+01
   1.8099712e+02
   1.8034340e+02
   1.6727422e+02
   2.1581617e+02
   2.5047510e+02
   1.9994127e+02
   1.4801571e+02
   1.7032657e+02
   1.2377389e+02
   3.6824332e+02
   1.9805223e+02
   3.1185353e+02
   2.1132031e+02
   9.4057680e+01
   1.5053588e+02
   8.3490457e+01
   2.5068238e+02
   3.7008631e+01
   2.6392590e+02
   2.8470764e+02
   2.5212015e+02
   2.5219639e+02
   1.0881072e+02
  -2.2506748e+01
   4.6799233e+01
   1.5288034e+02
   8.4258737e+01
  -1.9250641e+02
   4.5120390e+01
   8.0320898e+01
   1.4536220e+02
   9.8054200e+01
   6.3534149e+01
   2.0489654e+02
   4.9713752e+01
   8.2968718e+01
   1.9901419e+01
  -4.4526327e+01
   1.0466756e+02
   1.9218426e+02
  -1.8295949e+02
   3.9289958e+01
   4.1000963e+01
  -3.7533190e+01
   2.9456789e+01
   1.2277986e+01
  -6.7881189e+01
  -7.7992675e+01
  -9.6564272e+01
   3.2845794e+01
  -1.8014129e+01
  -2.5594360e+01
  -2.8514516e+01
   1.9613172e+00
  -2.3531286e+01
   1.1732254e+02
   4.2757041e+01
   5.9942012e+01
  -1.7771120e+02
  -4.5706716e+01
  -1.8177720e+02
  -2.9131112e+02
  -2.7066563e+02
  -2.1081629e+02
  -1.4481967e+02
  -1.7036652e+02
  -1.3533604e+02
  -1.2090390e+02
  -3.4713335e+01
  -1.4284447e+02
  -2.1728520e+02
  -1.4573254e+02
  -2.2785931e+02
  -3.3336874e+02
  -2.1931968e+02
  -3.1693666e+02
  -3.2363935e+02
  -3.4196802e+02
  -2.5642809e+02
  -2.0625086e+02
  -4.0019952e+02
  -3.9853514e+02
  -3.4720707e+02
  -4.6970677e+02
  -3.7712372e+02
  -2.8620862e+02
  -3.3675172e+02
  -3.4196868e+02
  -3.2862703e+02
  -4.4704845e+02
  -4.6347474e+02
  -4.0799664e+02
  -5.2084028e+02
  -5.6041247e+02
  -2.9585146e+02
  -5.8669966e+02
  -4.4425803e+02
  -5.5764089e+02
  -4.5773616e+02
  -3.9620099e+02
  -2.5752326e+02
  -4.5379445e+02
  -2.3101656e+02
  -3.4362427e+02
  -2.5240087e+02
  -4.6969669e+02
  -2.0066495e+02
  -1.6654187e+02
  -2.7115779e+02
  -1.2457744e+02
  -3.4740047e+02
  -2.1582993e+02
  -2.7682130e+02
  -2.0094435e+02
  -1.4837644e+02
  -7.2645350e+01
  -2.2710887e+02
  -2.6145701e+02
  -1.6775193e+02
  -1.1839354e+02
  -1.5725942e+02
  -1.0842024e+02
  -4.7604660e+01
  -1.9933285e+02
  -9.6291698e+01
   9.3569994e+01
  -9.7171002e+01
  -6.1640022e+01
  -4.5004718e+01
   1.2088330e+02
   7.2839094e+01
  -2.4507513e+01
  -1.6310488e+02
   2.0941880e+01
  -1.0657543e+02
  -6.3705046e+01
  -8.6392349e+01
  -2.5456796e+02
  -9.9199856e+01
  -2.1146255e+02
  -1.7547528e+02
  -2.2397627e+02
  -1.8851220e+02
  -3.2714567e+02
  -1.1545022e+02
  -2.1913816e+02
  -3.3892120e+02
  -4.0758581e+02
  -4.0501347e+02
  -5.0612257e+02
  -4.8913185e+02
  -4.5545516e+02
  -7.8900486e+02
  -8.7050749e+02
  -9.0644127e+02
  -1.0041212e+03
  -1.0354381e+03
  -1.1220456e+03
  -1.1871190e+03
  -1.2636324e+03
  -1.2308846e+03
  -1.2371236e+03
  -1.4119999e+03
  -1.4467795e+03
  -1.6588943e+03
  -1.5337505e+03
  -1.6308731e+03
  -1.6669779e+03
  -1.7468862e+03
  -1.7775529e+03
  -1.8333535e+03
  -1.7249457e+03
  -1.6997187e+03
  -1.7413552e+03
  -1.8547415e+03
  -1.7725261e+03
  -1.7936351e+03
  -1.7193425e+03
  -1.7506529e+03
  -1.7232899e+03
  -2.0303558e+03
  -1.8382056e+03
  -1.8291838e+03
  -1.8325706e+03
  -1.8388982e+03
  -1.8368312e+03
  -1.8794264e+03
  -1.9407858e+03
  -1.7937534e+03
  -1.7889281e+03
  -1.8575790e+03
  -1.8077537e+03
  -1.8267653e+03
  -1.8942358e+03
  -1.8766798e+03
  -1.8574848e+03
  -1.9624212e+03
  -1.9054263e+03
  -1.8491670e+03
  -1.9263176e+03
  -1.8439119e+03
  -1.8572267e+03
  -1.8478645e+03
  -1.7550306e+03
  -1.8433681e+03
  -1.8064158e+03
  -1.6876327e+03
  -1.8867716e+03
  -1.8441965e+03
  -1.8376633e+03
  -1.7886444e+03
  -1.8857971e+03
  -1.7567111e+03
  -1.9077374e+03
  -1.9099177e+03
  -1.7691151e+03
  -1.7088590e+03
  -1.9457744e+03
  -2.0128480e+03
  -1.9117137e+03
  -1.9596200e+03
  -1.8156732e+03
  -2.0045004e+03
  -1.8804273e+03
  -1.9583337e+03
  -1.9854906e+03
  -1.8957275e+03
  -1.9820268e+03
  -1.9439329e+03
  -1.6864050e+03
  -1.8637864e+03
  -1.8313068e+03
  -1.9122880e+03
  -1.8650322e+03
  -1.8808410e+03
  -1.9785028e+03
  -1.6822793e+03
  -1.8107800e+03
  -2.0259238e+03
  -1.9834224e+03
  -1.8831191e+03
  -1.8893039e+03
  -1.9941461e+03
  -2.0025349e+03
  -1.8951938e+03
  -1.9566797e+03
  -1.6941513e+03
  -1.8455511e+03
  -1.8157541e+03
  -1.8643576e+03
  -1.9630066e+03
  -2.1057613e+03
  -1.9208350e+03
  -1.9774951e+03
  -2.0425087e+03
  -1.8850755e+03
  -1.8352801e+03
  -1.9052616e+03
  -1.9251199e+03
  -2.1076979e+03
  -1.8353079e+03
  -1.7299535e+03
  -2.0240266e+03
  -1.9614467e+03
  -2.0989951e+03
  -1.8012267e+03
  -1.9779444e+03
  -1.8790599e+03
  -1.9742073e+03
  -2.0584692e+03
  -2.0284434e+03
  -1.8505787e+03
  -1.8758494e+03
  -1.8168514e+03
  -1.8378348e+03
  -1.9788625e+03
  -1.7553040e+03
  -1.7913230e+03
  -1.8548755e+03
  -1.6032333e+03
  -1.6576944e+03
  -1.5004150e+03
  -1.1068868e+03
  -1.1291188e+03
  -7.9862459e+02
  -7.1843225e+02
  -7.5245506e+02
  -7.3677705e+02
  -4.9417016e+02
  -4.7038190e+02
  -5.5998133e+02
  -3.1602699e+02
  -4.1819849e+02
  -3.5889794e+02
  -4.6700241e+02
  -2.9452737e+02
  -2.2090381e+02
  -1.2260748e+02
  -2.4821028e+02
   7.1331986e+01
  -9.4829561e+01
   7.4525777e+01
   1.6600373e+01
   5.6374651e+01
   6.2515860e+01
   7.3089746e+01
   3.1007896e+01
   1.9263567e+02
   1.7611401e+02
   1.6499308e+02
   3.7587443e+02
   2.4524253e+02
   2.0848783e+02
   2.3088392e+02
   1.0637781e+02
   2.3573839e+02
   1.8150976e+02
   2.5103448e+02
   1.6206358e+02
   2.9900321e+02
   1.8292096e+02
   4.1729406e+02
   3.7969736e+02
   4.1280460e+02
   4.1182710e+02
   4.4985705e+02
   4.5472016e+02
   2.3093518e+02
   3.7639713e+02
   3.1705815e+02
   2.8667002e+02
   2.7543670e+02
   3.5420378e+02
   2.9987137e+02
   3.7320103e+02
   3.0271104e+02
   3.2408154e+02
   4.8480683e+02
   3.2130235e+02
   2.9107604e+02
   3.0589029e+02
   2.7632481e+02
   3.3212831e+02
   2.6443124e+02
   2.1747225e+02
   3.9290577e+02
   3.8162300e+02
   1.9535469e+02
   3.3656703e+02
   3.4142280e+02
   1.5449128e+02
   1.2070534e+02
   2.1436760e+02
   2.4817395e+02
   3.2797260e+02
   2.7906554e+02
   2.6493017e+02
   2.4640456e+02
   2.0399102e+02
   3.7602860e+02
   1.1018059e+02
   2.1111183e+02
   2.0184601e+02
   3.1840249e+02
   1.5194091e+02
   2.2992804e+02
   1.2145832e+02
   1.3252373e+02
   1.0561996e+02
   1.8640535e+02
   2.7160175e+02
   1.6937385e+02
   2.0052841e+02
   1.4039352e+02
   2.2301756e+02
   6.1129197e+01
   1.4681876e+02
   2.2646191e+02
   1.2615063e+02
   1.5926936e+02
   2.5011969e+02
   3.5482311e+02
   2.7395970e+02
   2.1829184e+02
   7.6059164e+01
   2.3082879e+02
   1.2458781e+02
   1.5324206e+02
   5.3876120e+01
   1.9078809e+02
   6.9792059e+01
   8.9183704e+01
   9.3307223e+01
   1.3659513e+02
   3.5395932e+02
   4.4388959e+01
   8.8094015e+01
  -4.7862879e+01
  -6.8545171e+00
  -1.9673631e+01
   8.2407088e+01
  -3.2787687e+01
   8.2174702e+01
   1.5247579e+02
   6.2536829e+01
   9.8341834e+01
   5.9543213e+01
  -1.4161743e+02
   7.1609077e+01
  -3.7316101e+01
   2.7520586e+01
  -1.5912794e+02
   3.3314782e+01
  -5.9802305e+01
  -6.4251010e+01
  -2.3249038e+01
  -3.0555047e+01
  -3.0918315e+02
  -8.1697017e+01
  -4.7867869e+00
   1.8980870e+01
  -2.2620362e+02
  -1.3873956e+02
  -2.2090227e+02
  -8.3860983e+01
  -2.1301174e+02
  -1.7507978e+02
  -6.5099730e+01
  -2.1992240e+02
  -2.2156215e+02
  -2.2648799e+02
  -6.2827883e+01
  -1.4716885e+02
  -2.9415145e+02
  -1.4974070e+02
  -1.3325157e+02
  -1.1560067e+02
  -1.6284842e+02
  -3.4045959e+01
  -1.4426645e+02
  -8.8565174e+00
  -2.2134581e+02
   4.9809830e+01
  -8.0051966e+00
  -1.0086571e+02
  -1.1556868e+02
   6.5216825e+00
  -1.2273166e+02
  -2.1197821e+01
  -6.3768192e+01
  -3.3262612e+01
  -1.0384302e+02
  -1.2093722e+02
  -1.1094175e+02
   4.3857295e+01
  -1.5240855e+02
   2.7356232e+01
  -1.6895711e+02
  -9.9379789e+01
  -4.6031781e+01
  -1.8580596e+01
  -1.7620122e+02
  -1.9616789e+02
  -1.0866979e+02
   6.6063351e+00
  -2.4304530e+01
  -9.9759912e+01
  -3.5862360e+02
  -2.0685883e+02
  -2.8488326e+02
  -2.4019909e+02
  -3.3583946e+02
  -5.3236392e+02
  -5.0121102e+02
  -6.2737226e+02
  -5.6615104e+02
  -6.1987975e+02
  -6.3197371e+02
  -8.8819671e+02
  -9.7725698e+02
  -9.7684141e+02
  -9.2516924e+02
  -1.2522894e+03
  -1.1387982e+03
  -1.2966915e+03
  -1.2598499e+03
  -1.6040842e+03
  -1.4584010e+03
  -1.6219342e+03
  -1.5851994e+03
  -1.6121558e+03
  -1.5592111e+03
  -1.6939698e+03
  -1.7785974e+03
  -1.7229787e+03
  -1.7566215e+03
  -1.6875184e+03
  -1.8180439e+03
  -1.7393936e+03
  -1.6663513e+03
  -1.7394771e+03
  -1.7574847e+03
  -1.7780407e+03
  -1.6993812e+03
  -1.8996503e+03
  -1.6941126e+03
  -1.6747146e+03
  -1.7985979e+03
  -1.8449482e+03
  -1.7515880e+03
  -1.8713856e+03
  -1.7377703e+03
  -1.8160428e+03
  -1.5965254e+03
  -1.8584276e+03
  -1.9661498e+03
  -1.9389811e+03
  -1.7335081e+03
  -1.9173602e+03
  -1.9346876e+03
  -1.7472747e+03
  -1.7381029e+03
  -1.7715822e+03
  -1.8759355e+03
  -1.7080828e+03
  -1.8353147e+03
  -1.7668886e+03
  -1.8072400e+03
  -1.7888477e+03
  -1.7892046e+03
  -1.8876330e+03
  -1.9546468e+03
  -1.8862641e+03
  -1.7949243e+03
  -1.8576162e+03
  -1.8875710e+03
  -1.8391671e+03
  -1.8469048e+03
  -1.8166831e+03
  -1.9400664e+03
  -1.8899545e+03
  -1.8204752e+03
  -1.8374420e+03
  -1.9076309e+03
  -1.8230818e+03
  -1.7819623e+03
  -1.8500660e+03
  -1.9387439e+03
  -1.6824456e+03
  -1.8410982e+03
  -1.8715558e+03
  -1.9203911e+03
  -1.9776289e+03
  -1.8335613e+03
  -1.8547291e+03
  -1.9164459e+03
  -1.8564625e+03
  -1.9897963e+03
  -1.7748890e+03
  -1.9770269e+03
  -1.9790386e+03
  -1.9126039e+03
  -1.8600565e+03
  -1.9915801e+03
  -2.0047163e+03
  -1.6558399e+03
  -1.8129959e+03
  -1.8831352e+03
  -1.9168372e+03
  -1.7791216e+03
  -1.8866770e+03
  -1.9078766e+03
  -1.9697299e+03
  -1.7619473e+03
  -2.0273219e+03
  -1.7955185e+03
  -1.9719787e+03
  -1.9511178e+03
  -1.8232841e+03
  -1.9890023e+03
  -2.0111082e+03
  -1.8228938e+03
  -1.9891302e+03
  -1.9904341e+03
  -1.8375543e+03
  -1.8708639e+03
  -1.8064168e+03
  -2.0041196e+03
  -1.9598016e+03
  -1.8829993e+03
  -1.8724484e+03
  -2.1559928e+03
  -2.0133087e+03
  -2.1041119e+03
  -1.7550203e+03
  -1.8199386e+03
  -1.9413938e+03
  -1.8721618e+03
  -1.8752002e+03
  -1.9563765e+03
  -1.8396605e+03
  -1.8472216e+03
  -1.7757689e+03
  -1.6782324e+03
  -1.6548213e+03
  -1.3755893e+03
  -1.2231747e+03
  -1.1904988e+03
  -9.8400298e+02
  -8.0638103e+02
  -8.2943561e+02
  -6.7080729e+02
  -7.2542366e+02
  -7.1448663e+02
  -6.1368069e+02
  -5.4081063e+02
  -4.1127691e+02
  -4.1445407e+02
  -3.2833078e+02
  -3.9666367e+02
  -1.5947158e+02
  -1.9459581e+02
  -1.0821605e+02
   4.7568249e+01
   1.6092708e+01
  -1.4461273e+02
   6.1994551e+01
  -1.7751529e+01
   1.7817991e+01
  -7.3113663e+01
   8.8399684e+01
   1.5760908e+02
   2.0806753e+02
   8.1464658e+01
  -7.5555027e+00
   7.7836535e+01
   4.1839349e+01
   1.3519250e+02
   3.8007457e+02
   3.4761811e+02
   1.1106527e+02
   2.0134384e+02
   1.4675245e+02
   2.0190722e+02
   1.7637033e+02
   3.3473090e+02
   1.7830712e+02
   2.9929732e+02
   3.0915878e+02
   3.1680605e+02
   2.0419481e+02
   1.2869972e+02
   2.8792776e+02
   2.5722059e+02
   3.2282844e+02
   2.7247750e+02
   4.2885267e+02
   4.0073690e+02
   2.0246881e+02
   2.8762568e+02
   3.0740207e+02
   1.3262302e+02
   1.6369976e+02
   3.4634176e+02
   3.1010347e+02
   3.2758000e+02
   2.0742705e+02
   2.4347793e+02
   2.3873505e+02
   2.0210743e+02
   1.5864441e+02
   2.4406359e+02
   2.8375998e+02
   2.3401042e+02
   1.7481472e+02
   2.7093869e+02
   4.4890254e+01
   3.4521536e+02
   2.4521695e+02
   1.3982117e+01
   5.3246446e+01
   9.1761527e+01
   1.3207513e+02
   1.7174327e+02
   1.3054136e+02
   2.7476863e+02
   7.3846781e+01
   5.9243952e+01
   4.6038945e+01
  -1.9908975e+00
   1.6373520e+02
   1.3633054e+02
   2.0832277e+02
   2.0976011e+02
   2.2326829e+02
   6.6374226e+01
  -2.1724079e+01
   1.9095519e+02
   1.7115934e+02
   1.1955151e+02
   1.2292561e+02
  -6.0341613e+01
   2.7446619e+02
  -4.3863980e+01
   2.7394702e+01
   6.6879670e+01
   9.7672246e+01
   2.4613317e+02
   1.8146500e+02
   2.0870331e+02
   1.4372881e+02
   2.4240632e+01
   1.6308342e+02
  -6.2767593e+01
   1.6212311e+02
   1.1561908e+02
   6.5728998e+01
   3.3964576e+01
  -3.4605484e+01
   7.3371138e+01
   5.8216999e+01
  -6.4307842e+00
  -4.6470744e+01
   3.6825227e+01
  -7.6159683e+01
  -9.5330355e+01
   5.2381314e+01
  -2.0249682e+01
   2.0092479e+02
   2.3495484e+02
   2.0267958e+02
   5.9103695e+01
   2.2118151e+02
   6.9015253e+00
   3.4966290e+01
   6.5972175e+01
  -1.5240010e+01
  -4.5460446e+01
   1.6677442e+00
  -1.0015691e+02
  -9.2322769e+01
  -5.2351356e+01
  -9.6337698e+01
  -1.2874452e+02
  -6.2778922e+01
  -1.8882469e+02
  -2.1472583e+02
  -1.9607870e+02
  -2.2834086e+02
  -1.0445004e+02
  -3.0428356e+02
  -1.1980532e+02
  -5.0492972e+01
  -2.3123418e+02
  -3.8305813e+02
  -2.3895146e+02
  -2.8279719e+02
  -3.3524155e+02
  -2.5321554e+02
  -3.5543689e+02
  -2.7789721e+02
  -1.5183052e+02
  -2.5683443e+02
  -3.9267777e+02
  -2.8028934e+02
  -2.6452349e+02
  -2.7670896e+02
  -1.3817833e+02
  -2.9691230e+02
  -2.2793133e+02
  -2.3960428e+02
  -7.4843071e+01
  -1.8098960e+02
  -7.8482117e+01
  -1.1688029e+02
  -7.4473091e+01
  -2.4830112e+02
   2.0738381e+01
  -1.4753656e+02
  -1.7150660e+02
  -7.4716087e+01
  -6.6536461e+01
  -2.6683449e+02
  -3.0139616e+01
  -9.5277065e+01
   4.4099051e+00
  -8.5692065e+01
  -3.9454168e+01
  -2.8865356e+02
   1.3858319e+01
  -2.6174476e+02
  -1.3820968e+02
  -1.6405424e+02
   2.1505689e+01
  -1.0921531e+02
  -8.0694183e+01
  -4.1362577e+01
  -7.6313734e+01
  -2.7877525e+02
  -1.7356781e+02
  -4.5794250e+02
  -3.0624224e+02
  -4.9862617e+02
  -4.5739449e+02
  -5.8978033e+02
  -4.9176115e+02
  -9.2215167e+02
  -9.4770660e+02
  -9.4114086e+02
  -9.7017746e+02
  -1.1040472e+03
  -1.0379964e+03
  -1.0348788e+03
  -1.3330270e+03
  -1.1637763e+03
  -1.3233761e+03
  -1.3813102e+03
  -1.4611034e+03
  -1.5391630e+03
  -1.6123433e+03
  -1.4917276e+03
  -1.6053175e+03
  -1.6213919e+03
  -1.6998785e+03
  -1.7943178e+03
  -1.6627182e+03
  -1.5661745e+03
  -1.5630826e+03
  -1.6925939e+03
  -1.4779279e+03
  -1.6429846e+03
  -1.7059481e+03
  -1.7181614e+03
  -1.7532549e+03
  -1.8275277e+03
  -1.7109861e+03
  -1.7978681e+03
  -1.7982748e+03
  -1.9215504e+03
  -1.8343690e+03
  -1.7870871e+03
  -1.7610727e+03
  -1.8622754e+03
  -1.8493419e+03
  -1.7605044e+03
  -1.7951088e+03
  -1.6867796e+03
  -1.9675563e+03
  -1.9372479e+03
  -1.8748538e+03
  -1.7818682e+03
  -1.8641546e+03
  -1.7763590e+03
  -1.7435880e+03
  -1.8415434e+03
  -1.7941184e+03
  -1.8214045e+03
  -1.8890644e+03
  -1.7351479e+03
  -1.8545736e+03
  -1.7573712e+03
  -1.7876334e+03
  -1.7820987e+03
  -2.0635761e+03
  -1.9210756e+03
  -1.8120083e+03
  -1.7901560e+03
  -1.6818942e+03
  -1.8407426e+03
  -1.9507575e+03
  -1.8532526e+03
  -1.8998659e+03
  -1.8624270e+03
  -1.7620491e+03
  -1.7638363e+03
  -1.8752210e+03
  -1.8250217e+03
  -1.7683547e+03
  -1.7698422e+03
  -1.8823288e+03
  -1.9552092e+03
  -1.7508789e+03
  -1.9848847e+03
  -1.8768780e+03
  -1.7778289e+03
  -1.7259978e+03
  -1.7693346e+03
  -1.9120968e+03
  -1.8896520e+03
  -1.9105806e+03
  -1.9915107e+03
  -1.8079453e+03
  -1.8300654e+03
  -1.8850296e+03
  -1.8906975e+03
  -1.7816366e+03
  -1.7669324e+03
  -1.8316819e+03
  -1.9270411e+03
  -1.9954755e+03
  -1.8661639e+03
  -1.6826752e+03
  -1.9014570e+03
  -1.9209360e+03
  -2.0317020e+03
  -2.0444692e+03
  -1.7985490e+03
  -1.8694522e+03
  -1.8767798e+03
  -1.9225963e+03
  -1.9055197e+03
  -1.9330556e+03
  -2.0047964e+03
  -1.9435313e+03
  -1.9035794e+03
  -1.8317580e+03
  -2.0522057e+03
  -1.6981714e+03
  -1.8308726e+03
  -1.7673828e+03
  -1.7705943e+03
  -1.9525818e+03
  -2.0195022e+03
  -1.9476038e+03
  -1.7631247e+03
  -1.7582551e+03
  -1.8300036e+03
  -1.7961241e+03
  -1.7531632e+03
  -2.0135130e+03
  -1.6247629e+03
  -1.8642110e+03
  -1.8398304e+03
  -1.5000219e+03
  -1.3820510e+03
  -1.2216930e+03
  -8.0165995e+02
  -8.4053363e+02
  -8.5246985e+02
  -7.4039877e+02
  -8.3667752e+02
  -7.6734304e+02
  -7.5107129e+02
  -5.6305398e+02
  -7.1277417e+02
  -5.4033711e+02
  -4.6913664e+02
  -3.5361782e+02
  -4.0535859e+02
  -3.4037668e+02
  -1.1116154e+02
  -1.6807320e+02
  -1.1365728e+02
  -3.9389561e+01
  -1.1723537e+02
   4.5607875e+01
  -5.7689911e+01
  -2.8704259e+01
   7.8454122e+01
   9.8420802e+01
   1.1849363e+02
   1.3956773e+02
   1.1282001e+01
   1.8809542e+02
   2.0899397e+02
   3.7301502e+02
   8.6785876e+01
   1.4103011e+02
   1.6634214e+02
   2.5234812e+02
   2.6424277e+02
   3.0322921e+02
   4.5890437e+02
   2.1540885e+02
   2.6436441e+02
   2.9626720e+02
   4.4660451e+02
   3.0314136e+02
   2.7527101e+02
   2.5014812e+02
   3.0974748e+02
   2.9323829e+02
   3.3358386e+02
   3.6796913e+02
   2.7327436e+02
   2.9902891e+02
   2.5560776e+02
   4.6522183e+00
   3.0010560e+02
   2.4923060e+02
   2.3281554e+02
   3.1420125e+02
   3.0676548e+02
   3.4469770e+02
   3.1804419e+02
   3.1543699e+02
   3.1491964e+02
   1.7638014e+02
   1.0438577e+02
   3.8364386e+02
   3.0322277e+02
   3.0565268e+02
   1.9052219e+02
   1.6285283e+02
   1.7477777e+02
   1.9359305e+02
   3.0310040e+02
   8.2655085e+01
   1.2766206e+02
   1.4203963e+02
   1.3191489e+02
   2.4360566e+02
   1.4731424e+02
   2.3332218e+02
   6.1253692e+01
   2.8922573e+02
   3.1081547e+02
   2.8470377e+01
   1.2214940e+02
   1.9933775e+02
   1.1422809e+02
   2.0787350e+02
   1.9121299e+02
   2.0373223e+02
   8.7072990e+01
   2.1545849e+02
   1.7424274e+02
   1.6671013e+02
  -4.5402002e-01
   1.7531627e+02
   7.4904690e+01
   1.8710490e+02
   1.9843572e+02
   9.4678394e+01
   2.9523999e+01
  -2.9233713e+01
   2.1972064e+02
   4.7632149e+01
   4.3195056e+01
  -9.5852429e+01
   5.1915996e+01
   3.6349136e+01
   2.3133591e+02
  -1.4588789e+01
   1.2005874e+02
   1.8984220e+02
  -2.4365489e+01
  -5.8169687e+00
  -8.2346907e+00
   9.6487372e+01
  -3.7661286e+01
   1.4400219e+01
   1.1244820e+02
   5.2519245e+01
   1.7886117e+02
   1.9649998e+01
   1.3801241e+02
  -4.5783247e+01
   8.3859116e+01
  -2.6413566e+02
  -5.3477347e+01
   2.8274639e+01
  -1.5485502e+02
   1.2565248e+01
   9.8345065e+00
  -2.3294916e+01
   6.7761849e+01
  -6.4405181e+01
  -5.5586983e+01
  -1.1097243e+02
   9.6316756e+01
  -6.3583941e+01
  -1.3005224e+01
  -1.8238713e+02
  -6.0499583e+01
  -2.3082076e+01
  -7.4195077e+01
  -1.4724567e+02
  -8.5112061e+01
  -7.3155018e+01
  -1.9469440e+02
  -2.4773754e+02
  -1.1134013e+01
  -1.2994429e+02
  -3.4776432e+00
  -1.4900780e+02
  -1.7316795e+02
  -2.3190923e+02
  -1.5406903e+02
  -1.5727734e+02
  -2.4582588e+02
  -1.2107967e+02
  -1.3977118e+02
  -7.4056064e+01
  -8.0517886e+01
  -8.5685134e+01
  -1.6251788e+02
  -4.2211351e+01
  -1.8285740e+02
  -3.0066553e+02
  -1.2881194e+01
  -1.1982378e+02
  -2.3340082e+02
   2.4486544e+01
   8.7048523e+00
  -5.3800240e+01
  -1.3583016e+01
  -1.8100841e+02
  -1.9428431e+02
  -3.1769408e+02
  -2.4599091e+02
  -3.0940581e+02
  -2.3024564e+02
  -2.4016160e+02
  -3.4246589e+02
  -4.0464345e+02
  -3.1742239e+02
  -5.2615081e+02
  -5.3038842e+02
  -7.0768753e+02
  -5.0602610e+02
  -6.5073550e+02
  -8.6788831e+02
  -6.3946216e+02
  -7.8061234e+02
  -1.0168170e+03
  -1.1246633e+03
  -1.1987205e+03
  -1.3213074e+03
  -1.1288094e+03
  -1.4843511e+03
  -1.4793908e+03
  -1.4621800e+03
  -1.5361664e+03
  -1.5424232e+03
  -1.6297865e+03
  -1.4743332e+03
  -1.6842833e+03
  -1.7368110e+03
  -1.6518087e+03
  -1.9244479e+03
  -1.7333529e+03
  -1.5998055e+03
  -1.7549886e+03
  -1.6218423e+03
  -1.8726899e+03
  -1.9613930e+03
  -1.7745802e+03
  -1.6228559e+03
  -1.8113389e+03
  -1.5541291e+03
  -1.9770110e+03
  -1.7754349e+03
  -1.7919003e+03
  -1.8388915e+03
  -1.7899588e+03
  -1.8523022e+03
  -1.7698306e+03
  -1.8532266e+03
  -1.9488901e+03
  -1.8811762e+03
  -1.7253592e+03
  -1.8498580e+03
  -1.9393512e+03
  -1.9021244e+03
  -1.7884462e+03
  -1.7674221e+03
  -1.8304634e+03
  -1.7515807e+03
  -1.8257362e+03
  -1.8442978e+03
  -1.7619646e+03
  -1.7895835e+03
  -1.8712328e+03
  -1.7779956e+03
  -1.8707052e+03
  -1.9263034e+03
  -1.8396517e+03
  -1.9584859e+03
  -1.8123455e+03
  -1.6824139e+03
  -1.9002713e+03
  -1.8205243e+03
  -1.8530183e+03
  -1.8849383e+03
  -1.7889887e+03
  -1.9964633e+03
  -1.8788156e+03
  -1.7731058e+03
  -1.8760818e+03
  -1.6340093e+03
  -1.8368242e+03
  -1.7550513e+03
  -1.8554299e+03
  -1.7114694e+03
  -1.8610803e+03
  -1.7211083e+03
  -1.8143291e+03
  -1.9426734e+03
  -1.8587538e+03
  -1.8890628e+03
  -1.7840946e+03
  -1.8003914e+03
  -1.8335328e+03
  -1.8506517e+03
  -1.7846233e+03
  -1.5478974e+03
  -1.8487788e+03
  -1.8335971e+03
  -1.8484949e+03
  -1.8595411e+03
  -1.8375881e+03
  -1.9631918e+03
  -1.6894675e+03
  -1.8792131e+03
  -1.9509307e+03
  -1.8952974e+03
  -1.8078178e+03
  -1.9109195e+03
  -2.0179680e+03
  -1.8125735e+03
  -1.8616661e+03
  -1.9678421e+03
  -1.8623761e+03
  -1.9428759e+03
  -1.8821637e+03
  -1.9504922e+03
  -1.9218038e+03
  -1.9485494e+03
  -1.9106570e+03
  -1.9541183e+03
  -1.9537992e+03
  -2.0421402e+03
  -1.9528733e+03
  -1.8614785e+03
  -1.7854697e+03
  -2.0076550e+03
  -2.0381438e+03
  -1.7316696e+03
  -1.8993392e+03
  -1.9104035e+03
  -1.8754946e+03
  -1.9148344e+03
  -1.8997565e+03
  -2.1078444e+03
  -2.0027785e+03
  -1.8389345e+03
  -1.9400555e+03
  -1.6844853e+03
  -1.8876107e+03
  -1.9580896e+03
  -2.0141194e+03
  -1.7954992e+03
  -1.7455179e+03
  -1.8092846e+03
  -1.9561944e+03
  -2.0059561e+03
  -1.9761737e+03
  -1.6664601e+03
  -1.6070432e+03
  -1.3701043e+03
  -1.4515239e+03
  -1.0463871e+03
  -9.0345218e+02
  -8.9113934e+02
  -8.5435549e+02
  -8.5164802e+02
  -8.4210508e+02
  -9.0729153e+02
  -9.7434534e+02
  -8.2987085e+02
  -5.7886709e+02
  -6.7256871e+02
  -6.2728004e+02
  -5.1770091e+02
  -3.8841776e+02
  -3.4602373e+02
  -3.0745608e+02
  -1.5672331e+02
  -2.3991350e+02
  -1.2128504e+02
   2.6173614e+01
   3.4602624e+00
   2.5233469e+01
   4.9227096e+01
   1.0958430e+02
   2.3935701e+01
   1.5456007e+02
   4.5970487e+01
   1.1048542e+02
   1.4739788e+02
   2.7719875e+02
   1.3441486e+02
   1.9416980e+02
   1.7961693e+02
   3.8375273e+02
   1.2183021e+02
   2.4486749e+02
   2.1371157e+02
   2.8735048e+02
   3.1763639e+02
   1.9425591e+02
   1.9572003e+02
   1.1515501e+02
   3.6314317e+02
   1.9823816e+02
   1.5659894e+02
   1.8938838e+02
   7.2661874e+01
   2.5021147e+02
   4.0061762e+02
   2.4732936e+02
   2.1929303e+02
   1.5558448e+02
   1.3505655e+02
   2.6543425e+02
   3.9300240e+02
   1.7426751e+02
   2.7153133e+02
   2.7075651e+02
   2.6829994e+02
   1.8137390e+02
   2.0806811e+02
   1.3668130e+02
   2.3078883e+02
   1.8118686e+02
   2.7869931e+02
   2.7808943e+02
   1.7551694e+02
   5.8932123e+01
   2.0576404e+02
   1.1236960e+02
   3.6237201e+01
   7.2785274e+01
   2.6538996e+02
   1.7638023e+02
   8.3562623e+01
   1.3693558e+02
   1.2612401e+02
   3.2656002e+01
   5.3547551e+01
  -7.1040896e+01
  -5.1215684e+01
   8.1463981e+01
  -4.6704946e+01
   3.8189150e+01
   1.4027868e+02
  -3.5398208e+01
   4.0088297e+01
   2.4279898e+00
  -2.0241038e+02
  -1.6696521e+02
  -4.2343649e+01
  -1.3982367e+02
   7.1620962e+01
  -1.1050066e+02
   4.7130958e+01
  -1.4645359e+02
  -8.9321977e+01
   1.8462037e+01
  -5.0225662e+01
  -2.0018569e+01
   3.4898646e+01
   1.7152043e+01
  -1.1009194e+02
  -1.0281796e+02
  -1.6981486e+02
  -1.8577920e+02
  -1.4985671e+02
  -1.3629698e+02
  -2.5518971e+02
  -2.6661877e+02
  -2.8599566e+02
  -2.9586153e+02
  -2.0365772e+02
  -8.9281657e+01
  -2.7112271e+02
  -2.0151265e+02
  -2.6378459e+02
  -7.1947932e+01
  -2.0020170e+02
  -2.0354543e+02
  -2.0732117e+02
  -2.7330660e+02
  -2.5041396e+02
  -2.8353690e+02
  -3.8069654e+02
  -3.5236376e+02
  -1.6732887e+02
  -2.6049320e+02
  -3.2812372e+02
  -2.8472969e+02
  -3.4403479e+02
  -4.0746570e+02
  -2.2322716e+02
  -3.5558460e+02
  -2.3769628e+02
  -1.5169469e+02
  -6.3126188e+01
  -2.3353024e+02
  -1.8417518e+02
  -2.5421083e+02
  -2.9885655e+02
  -1.3266138e+02
  -1.1091284e+02
  -1.0011166e+02
  -3.0261003e+02
  -1.4194572e+02
  -1.3499564e+02
  -1.0074138e+02
   4.8631643e+01
   2.0477628e+01
  -6.2758993e+00
  -1.1368009e+02
  -6.4616118e+01
  -6.4550720e+01
  -6.3397302e+01
  -4.5277899e+01
  -5.1875344e+01
   5.3511588e+01
  -4.6536643e+01
  -1.4577834e+02
   2.1028946e+01
  -1.2695464e+02
  -4.2933087e+01
  -9.6847813e+01
  -1.2998466e+02
  -1.0148569e+02
  -5.1773906e+01
  -1.3623763e+02
  -6.5965199e+01
  -1.4225550e+02
  -1.1920777e+02
  -2.3379922e+02
  -1.1202743e+02
  -2.0770067e+02
  -1.4036909e+02
  -2.1918214e+02
  -2.9826247e+02
  -4.8771568e+02
  -3.3599707e+02
  -4.5735377e+02
  -3.5909711e+02
  -5.1892085e+02
  -5.7142727e+02
  -8.3979236e+02
  -7.1029705e+02
  -7.5563185e+02
  -1.0887285e+03
  -9.5698138e+02
  -9.9371500e+02
  -9.6044641e+02
  -1.0793649e+03
  -1.2819544e+03
  -1.2458218e+03
  -1.2276678e+03
  -1.4276707e+03
  -1.5636159e+03
  -1.6352460e+03
  -1.4355468e+03
  -1.6061882e+03
  -1.6880858e+03
  -1.8235887e+03
  -1.6899512e+03
  -1.8114256e+03
  -1.8076787e+03
  -1.6994704e+03
  -1.5822241e+03
  -1.5697802e+03
  -1.8520648e+03
  -1.7863575e+03
  -1.7125464e+03
  -1.7598883e+03
  -1.7092473e+03
  -1.7926481e+03
  -1.8954080e+03
  -1.8661185e+03
  -1.9555029e+03
  -1.6609000e+03
  -1.8904669e+03
  -1.8544832e+03
  -1.8357026e+03
  -1.8590973e+03
  -1.8270055e+03
  -1.8174183e+03
  -1.8194604e+03
  -1.7035632e+03
  -1.7966544e+03
  -2.0498590e+03
  -1.8487872e+03
  -1.9341319e+03
  -1.8347859e+03
  -1.8594579e+03
  -1.9515234e+03
  -1.8336569e+03
  -1.7589937e+03
  -1.9892620e+03
  -1.8942190e+03
  -1.7444025e+03
  -1.7895950e+03
  -1.8287193e+03
  -1.9360397e+03
  -1.8452410e+03
  -1.8679504e+03
  -1.8123707e+03
  -1.8088638e+03
  -1.9351075e+03
  -1.7776529e+03
  -1.7939581e+03
  -1.7065822e+03
  -1.8854116e+03
  -1.8797492e+03
  -1.7831684e+03
  -1.8307154e+03
  -1.8017381e+03
  -1.9104866e+03
  -1.9290237e+03
  -1.9152102e+03
  -1.7918177e+03
  -1.9918282e+03
  -1.9249582e+03
  -1.9337575e+03
  -1.9609777e+03
  -1.7243603e+03
  -1.9483517e+03
  -1.8606670e+03
  -1.7498322e+03
  -2.0135128e+03
  -1.9475645e+03
  -1.7328154e+03
  -2.0075887e+03
  -1.8244758e+03
  -1.7552389e+03
  -1.8556869e+03
  -1.8902808e+03
  -1.9600249e+03
  -1.9882215e+03
  -1.8790493e+03
  -1.8775140e+03
  -1.8709657e+03
  -1.7711299e+03
  -1.9779436e+03
  -1.8953411e+03
  -1.9634050e+03
  -1.9574725e+03
  -1.9431106e+03
  -1.8979744e+03
  -1.8149247e+03
  -1.9791683e+03
  -1.9287925e+03
  -1.8121628e+03
  -1.9097502e+03
  -1.9502875e+03
  -1.9131675e+03
  -1.8614558e+03
  -2.0714242e+03
  -1.7845240e+03
  -1.9125401e+03
  -1.9054440e+03
  -1.8049451e+03
  -1.7383752e+03
  -1.8503927e+03
  -1.9122165e+03
  -1.8034373e+03
  -1.7755367e+03
  -1.8156081e+03
  -1.8663631e+03
  -1.7658470e+03
  -1.8384769e+03
  -1.7417466e+03
  -1.4928404e+03
  -1.3867990e+03
  -1.0852155e+03
  -9.6778306e+02
  -7.8308410e+02
  -9.2094333e+02
  -6.4493496e+02
  -6.5984105e+02
  -4.5480123e+02
  -5.7426907e+02
  -6.0169621e+02
  -5.7857500e+02
  -4.6752995e+02
  -3.6501439e+02
  -1.7683498e+02
  -1.7334764e+02
  -2.7451083e+02
  -4.7148259e+01
  -5.9406325e+01
   2.9361299e+01
   1.7317436e+01
  -2.9025580e+01
   3.8228440e+01
   1.7064446e+02
   1.4542481e+02
   3.0233276e+02
   2.2641102e+02
   2.2357818e+02
   1.5977194e+02
   1.4811174e+02
   5.5545863e+01
   1.0280280e+02
   1.7152175e+02
   1.7751072e+02
   9.7714897e+01
   9.0081944e+01
   2.5094628e+02
   3.4158547e+01
   1.5613001e+02
   9.3386561e+01
   2.3561290e+02
   2.5193417e+02
   3.1022406e+02
   2.1901946e+02
   2.4446255e+02
   3.0814317e+02
   1.6001892e+02
   2.3031000e+02
   2.0506604e+02
   1.6548310e+02
   1.8973141e+02
   2.6442845e+02
   1.3345986e+02
   1.9840456e+02
   3.3688166e+02
   2.9695169e+01
   2.6940161e+02
   3.4939031e+02
   1.4080610e+02
   2.7915185e+02
   2.4654433e+02
   1.3512888e+02
   1.0358894e+02
   1.1378771e+02
   1.8704255e+02
   2.0062751e+02
   1.2022326e+02
   1.7526125e+02
   2.8846251e+02
   1.6646659e+02
   2.0681551e+02
   3.3290636e+02
   2.2203603e+02
   1.2236437e+02
   1.3710193e+02
   6.2929322e+01
   1.7554540e+02
   1.6489570e+02
   2.0441593e+02
   2.1179708e+02
   4.8449200e+01
   9.4744971e+01
   6.4018342e+01
   2.2456336e+02
   2.8120500e+02
  -3.1111115e+01
   8.8653215e+01
   1.4495128e+02
   1.2448988e+02
  -1.2202618e+01
   2.5597371e+01
   1.0508091e+02
   1.0089481e+02
   1.2732603e+02
   2.4765221e+02
   1.3569955e+02
   1.3983443e+02
   2.3407333e+02
   3.0045451e+02
   1.5218441e+02
   2.4054092e+01
   9.4703985e+01
   1.3097429e+02
   1.1462832e+02
   2.9828583e+01
   3.8761269e+01
  -2.0504825e+01
   1.0301465e+02
  -4.8409136e+00
  -1.2899217e+02
   9.5389157e+01
  -1.6395949e+02
   1.3445239e+02
   3.2163109e+01
   9.2749955e+01
   3.7676385e+01
  -4.3243908e+01
   5.9669433e+01
   1.3841196e+02
  -5.8017446e+01
   1.0457331e+02
  -1.5348459e+02
  -4.6737180e+01
   1.5103410e+01
  -4.3586709e+01
  -1.4761582e+02
  -2.4781237e+02
   8.5182295e+01
  -1.6691717e+02
   6.9068153e+00
  -1.1638807e+02
  -8.2501728e+01
  -1.0730026e+02
   3.5454152e+00
  -2.9784382e+02
  -6.0093138e+01
  -1.4016037e+02
  -1.2842567e+02
  -8.2016060e+01
  -2.6565569e+02
  -2.6491134e+02
  -2.2352380e+02
  -1.5591447e+02
  -1.0891342e+02
  -2.0414425e+02
  -2.0280543e+02
  -3.0948556e+02
  -1.5449923e+02
  -1.4387646e+02
  -1.5052655e+02
  -1.0275588e+01
  -9.2807492e+01
   2.8748846e+01
  -1.0567310e+02
   8.9501067e+01
  -9.6141711e+01
  -4.9204100e+01
   4.8472510e+01
   1.7341644e+02
  -6.2807531e+01
   8.8346174e+01
   1.4323893e+02
  -4.1198447e+01
   1.5061939e+02
   3.7120647e+01
  -1.8968390e+01
   6.2204004e+01
  -1.5144082e+02
   7.3210039e+01
  -8.9565089e+01
   7.8250273e+01
  -7.3637786e+01
  -1.6144522e+01
   1.6420412e+02
  -4.4357820e+01
   9.3173191e+01
   9.0620186e-01
  -8.3026311e+00
  -5.3558648e+00
  -5.3556335e+01
  -1.4465129e+02
  -9.2513569e+01
  -1.2098229e+02
   2.7681931e+01
  -4.2135702e+02
  -1.6502023e+02
  -1.8950480e+02
  -3.3400665e+02
  -3.5526788e+02
  -3.6937825e+02
  -4.9317348e+02
  -5.4956317e+02
  -3.3400556e+02
  -5.7929063e+02
  -7.5521030e+02
  -7.6639490e+02
  -7.4673249e+02
  -8.8215982e+02
  -8.3428938e+02
  -1.1314785e+03
  -1.2243439e+03
  -1.2738080e+03
  -1.3273478e+03
  -1.3907802e+03
  -1.4969200e+03
  -1.4898939e+03
  -1.7569769e+03
  -1.5601885e+03
  -1.6277696e+03
  -1.5398723e+03
  -1.7366565e+03
  -1.5395160e+03
  -1.7942206e+03
  -1.6721309e+03
  -1.7640156e+03
  -1.7638593e+03
  -1.6853474e+03
  -1.6290550e+03
  -1.8227486e+03
  -1.7386327e+03
  -1.8887912e+03
  -1.9027724e+03
  -1.8478684e+03
  -1.9010874e+03
  -1.8061376e+03
  -1.8512418e+03
  -1.6366246e+03
  -1.7147037e+03
  -1.8143679e+03
  -1.8671208e+03
  -1.8602330e+03
  -1.6579558e+03
  -1.8590517e+03
  -1.7800626e+03
  -1.7238207e+03
  -1.7935267e+03
  -1.7971610e+03
  -1.6778984e+03
  -1.8167169e+03
  -1.6409946e+03
  -1.9857017e+03
  -1.7457062e+03
  -1.7501887e+03
  -1.8006715e+03
  -1.6876143e+03
  -1.8651943e+03
  -1.8158078e+03
  -1.7724737e+03
  -1.8214445e+03
  -1.7698471e+03
  -1.7609490e+03
  -1.8857669e+03
  -1.8759544e+03
  -1.8551270e+03
  -1.7920031e+03
  -1.6821409e+03
  -1.7632522e+03
  -1.8890613e+03
  -1.7739322e+03
  -1.8459526e+03
  -1.7543064e+03
  -1.7550029e+03
  -1.9164995e+03
  -1.6732787e+03
  -1.9039159e+03
  -1.9307149e+03
  -1.7566343e+03
  -1.9562447e+03
  -2.0504788e+03
  -1.7007600e+03
  -1.8509601e+03
  -1.9631908e+03
  -1.7210673e+03
  -1.7767367e+03
  -1.9811665e+03
  -1.8648297e+03
  -1.7810002e+03
  -1.7528559e+03
  -1.9912552e+03
  -1.8323952e+03
  -1.7812618e+03
  -1.8656970e+03
  -1.7508499e+03
  -1.9026318e+03
  -1.9192931e+03
  -1.7876605e+03
  -1.7797189e+03
  -2.0064788e+03
  -1.9664834e+03
  -1.8373248e+03
  -1.8628128e+03
  -1.8416329e+03
  -2.0218601e+03
  -1.9772351e+03
  -1.9632962e+03
  -1.7989908e+03
  -1.7675030e+03
  -1.8940466e+03
  -1.9043169e+03
  -2.0297380e+03
  -1.9616604e+03
  -1.9332366e+03
  -1.8677728e+03
  -1.8990110e+03
  -1.9908875e+03
  -2.0116818e+03
  -1.8744695e+03
  -1.8279518e+03
  -1.9375310e+03
  -1.9802579e+03
  -1.8949687e+03
  -1.6951975e+03
  -1.9378769e+03
  -1.9749174e+03
  -1.9790084e+03
  -1.8695524e+03
  -1.9096379e+03
  -1.7852289e+03
  -1.7293741e+03
  -1.7098346e+03
  -1.4192935e+03
  -1.4504288e+03
  -1.1240551e+03
  -1.0393077e+03
  -9.0506556e+02
  -8.7124249e+02
  -6.7225774e+02
  -7.1364867e+02
  -5.8649521e+02
  -5.5488824e+02
  -4.3597217e+02
  -4.0553195e+02
  -3.5973811e+02
  -3.5087781e+02
  -2.2401221e+02
  -2.8216044e+02
  -2.7526169e+02
  -1.7677963e+02
  -1.1851656e+01
  -1.1278549e+02
  -8.8762583e+01
  -9.8487471e+01
   6.9964265e+01
   7.3747631e+00
   1.5324609e+01
   2.5210586e+01
   1.9724989e+02
   1.6726641e+02
   1.0116186e+02
   1.9756716e+02
   3.5082728e+01
   1.9273568e+02
   1.8302321e+02
   2.8243165e+01
   2.1774416e+02
   2.3807460e+02
   1.9307287e+02
   4.3570087e+02
   3.7735748e+02
   2.5189603e+02
   2.5871665e+02
   2.6905567e+02
   3.7680930e+02
   3.0266607e+02
   1.9783498e+02
   3.8427494e+02
   2.6747523e+02
   1.8651047e+02
   1.1290753e+02
   3.5833084e+02
   4.2341318e+02
   3.4382639e+02
   3.3646460e+02
   2.6499936e+02
   2.8720413e+02
   3.6551912e+02
   1.4834411e+02
   3.0619597e+02
   2.8891998e+02
   3.1437651e+02
   2.5181950e+02
   3.5848904e+02
   1.9954283e+02
   3.5903878e+02
   3.2256408e+02
   4.9075185e+02
   4.1292569e+02
   3.0587988e+02
   4.0046386e+02
   3.4888656e+02
   1.6937924e+02
   2.7544901e+02
   2.5270464e+02
   8.7107891e+01
   1.1565231e+02
   1.7842776e+02
   2.8742877e+02
   1.5846167e+02
   1.1584590e+01
   1.0348241e+02
   1.0362027e+00
   2.8478457e+02
   1.9291722e+02
   2.9978138e+02
   1.1015757e+02
   2.1094776e+02
   2.2037212e+02
   1.4029216e+02
   2.7800621e+02
   2.3015967e+02
   1.6095576e+02
   2.1035930e+01
   6.2150571e+01
   2.0185568e+02
   5.4040803e+01
   1.1685363e+02
   1.4803363e+02
   1.5392998e+02
   1.2088687e+01
   2.1448472e+02
   2.1149527e+01
   1.4675941e+02
   5.3860591e+01
   1.2269076e+02
   2.3109183e+02
   1.7745247e+02
   1.3104626e+02
   8.0383309e+01
   9.5348189e+01
   6.2829079e+01
  -4.3013619e+01
   4.5849199e+01
  -1.1071585e+02
  -3.4665890e+01
   1.4913412e+02
  -3.6044591e+01
   1.5198022e+01
  -4.9241528e+01
   2.2109446e+01
  -1.0777633e+02
  -8.4238059e-01
  -2.3644421e+01
   2.9546464e+01
   6.6893822e+01
  -1.6430214e+02
   6.0895925e+01
   6.1831962e+01
   3.3961597e+01
  -7.1822953e+01
  -6.0257120e+01
   4.9780858e+01
  -1.0021643e+02
  -5.5144448e+01
  -4.8591286e+01
  -1.2291367e+02
  -9.8997742e+01
   3.5949378e+00
  -1.1833013e+02
  -1.1767693e+02
  -1.1506168e+02
  -2.7251154e+02
  -4.3137686e+02
  -1.3193325e+02
   5.4241246e+01
  -5.7066038e+01
  -1.7120736e+01
  -1.8449105e+02
  -1.6326762e+02
  -1.6001335e+02
  -2.0850833e+02
  -3.6412919e+01
   1.6489356e-01
  -1.2020987e+02
  -2.6090691e+02
  -1.9738132e+02
   4.1157495e+01
  -3.0217233e+01
  -3.6977195e+01
  -1.6396272e+02
  -1.0360550e+01
  -1.2920927e+02
  -5.3684536e+01
   6.4755363e+01
  -2.0355186e+01
  -6.3689074e+01
   1.4061197e+01
  -1.3924292e+01
  -2.6378177e+01
  -8.2504769e+00
   1.0393472e+02
   7.1296089e+01
  -9.6259853e+00
  -2.0139577e+02
   9.3799594e+01
   8.9719794e+01
  -1.0652555e+01
   5.2494591e+01
  -1.2324244e+02
  -5.7118173e+01
   7.0588896e+01
  -1.0017752e+02
  -8.5074510e+01
  -2.1671102e+02
  -3.5097416e+02
  -2.6103135e+02
  -2.1849802e+02
  -3.2769661e+02
  -2.0555928e+02
  -3.1936155e+02
  -2.3820091e+02
  -3.6221712e+02
  -4.4120045e+02
  -7.3743672e+02
  -5.1094349e+02
  -5.4741879e+02
  -6.3835615e+02
  -7.8921193e+02
  -9.3920950e+02
  -8.8631835e+02
  -1.0481951e+03
  -1.1690208e+03
  -1.2727127e+03
  -1.3229087e+03
  -1.2483651e+03
  -1.3662334e+03
  -1.6404681e+03
  -1.3313813e+03
  -1.6163116e+03
  -1.7859400e+03
  -1.6451822e+03
  -1.7588415e+03
  -1.5881697e+03
  -1.7412521e+03
  -1.6672328e+03
  -1.7126981e+03
  -1.5642620e+03
  -1.5352051e+03
  -1.6387580e+03
  -1.6957198e+03
  -1.8121181e+03
  -1.7741645e+03
  -1.6758087e+03
  -1.9017121e+03
  -1.8902290e+03
  -1.7696348e+03
  -1.7192495e+03
  -1.8192315e+03
  -1.7418096e+03
  -1.7344441e+03
  -1.8103965e+03
  -1.8199804e+03
  -1.7998418e+03
  -1.8637402e+03
  -1.9246395e+03
  -1.8015571e+03
  -1.8577444e+03
  -1.8225869e+03
  -1.8452445e+03
  -1.6631097e+03
  -1.8524167e+03
  -1.8965660e+03
  -1.7542478e+03
  -1.8258171e+03
  -1.6233646e+03
  -1.8791605e+03
  -1.9054509e+03
  -1.6889860e+03
  -1.7243797e+03
  -1.8152979e+03
  -1.7801198e+03
  -1.8957588e+03
  -1.8925737e+03
  -1.7336114e+03
  -1.7339294e+03
  -1.6304760e+03
  -1.9527200e+03
  -1.7461837e+03
  -1.8986856e+03
  -2.0502882e+03
  -1.7015321e+03
  -1.8247914e+03
  -1.8352510e+03
  -1.8360525e+03
  -1.9538953e+03
  -1.8282748e+03
  -1.8778878e+03
  -1.8294680e+03
  -1.8933280e+03
  -1.7700798e+03
  -1.8250975e+03
  -1.8066186e+03
  -1.8873107e+03
  -1.7873526e+03
  -1.7680573e+03
  -1.9308753e+03
  -1.8344771e+03
  -1.7976778e+03
  -1.8764911e+03
  -1.8099546e+03
  -1.9465209e+03
  -1.6542723e+03
  -1.7952196e+03
  -1.9054403e+03
  -1.9369583e+03
  -1.8077974e+03
  -1.9811052e+03
  -1.8660782e+03
  -1.9062344e+03
  -1.9410348e+03
  -1.9673105e+03
  -1.9157964e+03
  -1.9105271e+03
  -1.9028350e+03
  -1.9307118e+03
  -1.8784685e+03
  -1.9367330e+03
  -1.8699558e+03
  -1.9815184e+03
  -1.8689417e+03
  -1.9971037e+03
  -1.8565226e+03
  -2.0476543e+03
  -1.9823563e+03
  -1.9677237e+03
  -1.8532772e+03
  -1.8654090e+03
  -1.8004802e+03
  -1.8309218e+03
  -1.8960323e+03
  -1.8698785e+03
  -1.9239849e+03
  -1.8699576e+03
  -1.9485452e+03
  -1.9242284e+03
  -1.8182349e+03
  -1.7747869e+03
  -1.9169851e+03
  -2.0575258e+03
  -1.7989357e+03
  -1.8056790e+03
  -1.9072667e+03
  -1.9057367e+03
  -1.9161719e+03
  -1.8064940e+03
  -1.8088765e+03
  -1.6847140e+03
  -1.5818288e+03
  -1.2969665e+03
  -9.9102382e+02
  -1.0269165e+03
  -1.0125124e+03
  -6.7608062e+02
  -8.2472676e+02
  -8.1768740e+02
  -7.2415702e+02
  -6.3057399e+02
  -5.7846946e+02
  -5.8585445e+02
  -3.1010910e+02
  -3.8192962e+02
  -2.9778847e+02
  -3.0237678e+02
  -9.3740229e+01
  -2.2212384e+02
   8.6484101e+00
   1.6466354e+02
  -1.1974099e+02
   4.1811928e+01
   4.6146333e+01
   6.2836772e+01
   9.8749341e+01
   3.2279517e+01
   1.6689779e+02
   2.8858559e+02
   1.3412958e+02
   2.3892229e+02
   1.4877319e+02
   8.1103407e+01
   3.1585814e+02
   3.9568288e+02
   2.8282590e+02
   2.6127132e+02
   1.4685119e+02
   2.2716876e+02
   2.0776080e+02
   1.3018516e+01
   2.1639785e+02
   3.7643731e+02
   2.5038757e+02
   4.1947043e+02
   1.9738921e+02
   3.0684686e+02
   4.4436297e+02
   3.5486756e+02
   3.6918000e+02
   2.8280602e+02
   3.4813064e+02
   3.6458532e+02
   5.1022169e+02
   4.1996360e+02
   2.0431439e+02
   4.0743601e+02
   2.6263136e+02
   2.1483720e+02
   3.6253302e+02
   3.1922776e+02
   3.1124243e+02
   2.0211398e+02
   3.1708090e+02
   3.1129019e+02
   3.6455825e+02
   1.9051868e+02
   3.5107694e+02
   3.0932602e+02
   2.9948078e+02
   1.8027514e+02
   3.2038509e+02
   2.6803924e+02
   2.6830475e+02
   1.6908295e+02
   1.7521422e+02
   1.8710554e+02
   2.0102736e+02
   1.8839462e+02
   1.8827927e+02
   4.5050208e+01
   2.0934432e+02
   6.4895849e+01
   1.1569154e+02
   7.0265454e+01
   6.3136815e+01
   1.2042149e+02
   1.1262084e+02
   9.1656143e+01
   5.9906574e+01
   1.1306755e+02
   8.4329472e+01
   1.1106774e+01
  -6.6323032e+00
   7.5825285e+01
   1.4069189e+01
  -5.1209201e+01
  -7.2673575e+01
   6.1736403e+01
   1.5119790e+02
   7.4925137e+00
   1.1480544e+02
   1.1345010e+02
   3.6471193e+01
  -4.5052457e+01
   4.0013421e+01
   2.4267369e+02
  -2.4305864e+02
  -6.3702402e+01
   1.2513218e+01
   4.1225256e-01
   1.8402998e+01
   7.3430379e+01
  -8.6230956e+01
  -1.9927515e+00
  -9.6266694e+01
   7.4520671e+01
  -1.2013833e+02
  -8.9672851e+01
  -7.5782254e+01
  -1.4158709e+02
   7.1666450e+01
  -1.5424816e+02
  -1.3364877e+02
  -2.1290529e+02
  -5.3857163e+00
  -6.6277741e+01
  -4.5924542e+01
  -8.9748008e+01
  -9.2411840e+01
  -2.1532051e+02
  -2.6879521e+02
  -7.0193817e+00
  -1.5693337e+02
  -2.0498178e+02
  -1.1508503e+02
  -2.4385650e+02
  -1.1651171e+02
  -1.4336954e+02
  -2.3536987e+01
  -4.6794271e+01
  -2.0661830e+02
  -2.5348504e+02
  -2.8290197e+01
  -1.7277124e+02
  -1.7944348e+02
  -9.1295669e+01
  -1.9074040e+02
  -1.5355015e+02
  -1.9263013e+02
   8.3667327e+01
  -1.0779548e+02
  -9.3721243e+01
  -9.8778408e+01
  -6.3528331e+01
  -1.2752557e+02
  -4.2802489e+01
  -1.5725458e+02
  -3.6357821e+01
  -1.4683233e+02
  -1.9290982e+02
  -1.6522524e+02
  -6.0680104e+01
   1.4450245e+01
   5.0710605e+01
  -8.8419051e+01
  -1.2337976e+02
  -1.0104535e+01
   2.9838226e+01
   1.2195294e+01
  -1.7718484e+02
  -1.1094733e+02
  -1.5757802e+02
  -1.8510282e+02
  -2.8900394e+02
  -1.2507523e+02
  -1.5743549e+02
  -2.1821670e+02
  -3.5917555e+02
  -3.3929637e+02
  -2.8817537e+02
  -4.5623010e+02
  -4.4772701e+02
  -3.3802738e+02
  -6.4552329e+02
  -6.2319840e+02
  -6.6100716e+02
  -7.1428417e+02
  -7.4039989e+02
  -9.9647448e+02
  -9.8088030e+02
  -9.9271781e+02
  -1.0646909e+03
  -1.2974186e+03
  -1.2267829e+03
  -1.4232735e+03
  -1.4147556e+03
  -1.4348872e+03
  -1.5080578e+03
  -1.4635229e+03
  -1.5500777e+03
  -1.6103807e+03
  -1.7902486e+03
  -1.6318741e+03
  -1.6794850e+03
  -1.8324154e+03
  -1.8276132e+03
  -1.7056665e+03
  -1.7708252e+03
  -1.7832375e+03
  -1.7679353e+03
  -1.7506640e+03
  -1.7289768e+03
  -1.6389986e+03
  -1.9032150e+03
  -1.8164738e+03
  -1.7160375e+03
  -1.7690197e+03
  -1.7724945e+03
  -1.6713617e+03
  -1.8678784e+03
  -1.8474617e+03
  -1.8731703e+03
  -1.9038455e+03
  -1.7602722e+03
  -1.8209626e+03
  -1.7571576e+03
  -1.9411052e+03
  -1.7918397e+03
  -1.8728295e+03
  -1.7933766e+03
  -1.7477766e+03
  -1.8794204e+03
  -1.7806536e+03
  -1.8756985e+03
  -1.7699489e+03
  -1.8033783e+03
  -1.8416168e+03
  -1.9412877e+03
  -1.7403764e+03
  -1.8274597e+03
  -1.8844160e+03
  -1.7868597e+03
  -1.9236938e+03
  -1.8903575e+03
  -1.8849631e+03
  -1.9066673e+03
  -1.9759869e+03
  -1.9018269e+03
  -1.9208741e+03
  -1.7068960e+03
  -1.8041183e+03
  -1.8624246e+03
  -1.8732544e+03
  -1.8946821e+03
  -1.9231778e+03
  -1.9505399e+03
  -1.8392743e+03
  -1.7440901e+03
  -1.9921292e+03
  -1.7828318e+03
  -1.7687878e+03
  -1.8471298e+03
  -1.8660006e+03
  -1.8653543e+03
  -1.7995242e+03
  -1.9203861e+03
  -1.8352615e+03
  -1.7304475e+03
  -1.8387977e+03
  -1.7461515e+03
  -1.9379620e+03
  -1.7913958e+03
  -1.9354503e+03
  -1.9538122e+03
  -1.8421052e+03
  -1.8954268e+03
  -1.8420309e+03
  -1.8205300e+03
  -1.9669448e+03
  -2.0333498e+03
  -1.8784406e+03
  -1.8927394e+03
  -1.7785033e+03
  -1.8159221e+03
  -1.9091473e+03
  -2.0144393e+03
  -1.9725480e+03
  -1.7117694e+03
  -1.7683403e+03
  -2.0509674e+03
  -1.9567006e+03
  -1.9873764e+03
  -2.0223756e+03
  -1.8848555e+03
  -1.9006337e+03
  -2.0868937e+03
  -1.8900166e+03
  -1.9872435e+03
  -1.7855092e+03
  -1.9046424e+03
  -1.9715267e+03
  -2.0476975e+03
  -1.9626120e+03
  -2.0219234e+03
  -1.8212270e+03
  -1.9022238e+03
  -2.1277526e+03
  -1.7448097e+03
  -1.9165698e+03
  -1.9580607e+03
  -1.7907165e+03
  -1.9458744e+03
  -1.9395376e+03
  -2.0125909e+03
  -1.9458801e+03
  -1.8764787e+03
  -1.8700457e+03
  -1.7626948e+03
  -1.7882172e+03
  -1.7633638e+03
  -1.5730150e+03
  -1.4642396e+03
  -1.1651511e+03
  -9.5120203e+02
  -1.0520035e+03
  -7.3877228e+02
  -7.4837889e+02
  -7.4443332e+02
  -7.7891194e+02
  -6.7648624e+02
  -5.7545730e+02
  -5.5729324e+02
  -3.7390697e+02
  -3.0414565e+02
  -2.2972414e+02
  -5.3659854e+01
  -2.2519806e+02
  -1.6727123e+02
  -8.1131037e+01
  -5.1198449e+01
   4.7115758e+01
   3.5942268e+01
   1.5429763e+02
  -3.7599150e+01
   2.0195106e+02
   2.1321936e+02
   2.0950783e+02
   2.5671021e+02
   1.9898243e+02
   2.1078530e+02
   2.4572784e+02
   3.9208473e+02
   3.5455233e+02
   2.3494670e+02
   2.2834730e+02
   2.6099420e+02
   2.7573492e+02
   4.4135657e+01
   2.9863744e+02
   4.2030319e+02
   2.6625667e+02
   3.8095913e+02
   4.0422897e+02
   2.4799861e+02
   2.4399909e+02
   1.8689106e+02
   3.6341828e+02
   4.0107441e+02
   3.5925274e+02
   2.7322676e+02
   3.5962033e+02
   1.6131758e+02
   2.0639142e+02
   5.1089110e+02
   3.9205961e+02
   4.0405382e+02
   4.0839911e+02
   3.8640235e+02
   2.9714779e+02
   3.5048314e+02
   1.9916045e+02
   4.4275819e+02
   3.4145683e+02
   2.2178211e+02
   1.6078201e+02
   2.5202708e+02
   4.6857375e+01
   5.8969859e+01
   2.7848700e+02
   8.0879094e+01
   7.1585194e+01
   1.9047122e+02
   2.5113484e+01
   7.5117862e+01
   7.6029810e+01
   5.6160487e+00
   1.3675253e+02
   4.7838793e+01
   4.8666549e+00
  -3.8754878e+01
   1.1827349e+02
   1.5820227e+01
  -3.0131466e+01
   1.8170947e+01
  -4.4421860e+01
  -4.4988556e+01
  -1.9401040e+01
   4.3438304e+01
  -2.7309124e+01
   9.0676915e+00
  -6.7410119e+01
   6.4154238e+01
   1.3441326e+02
  -4.2635448e+01
  -1.8225413e+02
  -5.2990954e+01
   2.7712523e+01
  -7.8661286e+01
  -4.2444582e+01
  -2.6277348e+02
  -1.9145788e+01
  -9.4326689e+01
  -4.9634424e+01
  -3.9940252e+01
  -6.0124891e+01
  -5.1891394e+01
  -4.6714846e+01
  -9.0117107e+01
  -1.6960361e+02
  -1.9662898e+02
  -1.2942211e+02
  -9.3061717e+01
  -2.2860123e+02
  -1.6347930e+02
  -1.8778903e+02
  -1.7059275e+02
  -8.1942324e+01
  -2.0151081e+02
  -2.4346738e+02
  -1.6942432e+02
  -2.2271705e+02
  -2.7585898e+02
  -2.9616782e+02
  -2.5639515e+02
  -3.3450650e+02
  -2.4772336e+02
  -2.2245288e+02
  -1.2347225e+02
  -2.0639018e+02
  -2.4764843e+02
  -3.3968157e+02
  -3.3986553e+02
  -4.7679948e+02
  -3.2241179e+02
  -3.4717817e+02
  -3.4456227e+02
  -3.6184420e+02
  -3.4040246e+02
  -2.0478806e+02
  -2.7186609e+02
  -2.9937973e+02
  -3.5690386e+02
  -1.8125203e+02
  -1.6495513e+02
  -2.6201491e+02
  -2.8419591e+02
  -2.6304953e+02
  -1.3506890e+02
  -2.4380370e+02
  -2.9683058e+02
  -2.8890819e+02
  -1.3325072e+02
  -1.1337663e+02
  -1.5586390e+02
  -6.4730651e+01
  -2.0996612e+01
  -5.8848235e+01
  -1.8747105e+02
  -6.8032146e+01
  -4.6471587e+01
  -8.5571384e+01
  -9.0936489e+01
  -2.0873303e+02
  -2.3129387e+02
   1.0926807e+01
  -1.4346843e+02
  -1.1241061e+02
  -1.9196459e+01
   5.5502459e+01
  -2.3842229e+01
  -3.3268943e+02
  -1.4638188e+02
  -1.0879120e+02
   2.7290225e+00
  -2.1044424e+02
  -2.1141681e+02
  -1.3751211e+02
  -2.8633913e+02
  -3.4191866e+02
  -3.8165339e+02
  -5.4765523e+02
  -5.2961750e+02
  -4.3853692e+02
  -5.4816025e+02
  -6.2557334e+02
  -7.4113056e+02
  -7.7886934e+02
  -9.7208075e+02
  -9.6970406e+02
  -1.2489758e+03
  -1.1146479e+03
  -1.3728469e+03
  -1.3934553e+03
  -1.4313788e+03
  -1.5328671e+03
  -1.4951173e+03
  -1.6896280e+03
  -1.5383587e+03
  -1.6349989e+03
  -1.7423053e+03
  -1.7152526e+03
  -1.7828790e+03
  -1.7068991e+03
  -1.6545443e+03
  -1.7416793e+03
  -1.8098766e+03
  -1.7759588e+03
  -1.9643226e+03
  -1.8919589e+03
  -1.8122699e+03
  -1.8225936e+03
  -1.8174253e+03
  -1.9595992e+03
  -1.9801002e+03
  -2.0833634e+03
  -2.0463356e+03
  -1.7957077e+03
  -1.9212551e+03
  -2.0115048e+03
  -1.8792434e+03
  -1.9506681e+03
  -1.8855848e+03
  -1.9916331e+03
  -1.9510398e+03
  -1.8356780e+03
  -1.8493566e+03
  -1.7998172e+03
  -1.7233960e+03
  -1.7257076e+03
  -1.9211909e+03
  -1.8234325e+03
  -1.9051607e+03
  -1.8143086e+03
  -1.8229171e+03
  -1.9162038e+03
  -1.8677195e+03
  -1.9400734e+03
  -1.8749003e+03
  -1.8355538e+03
  -1.7872636e+03
  -1.7421330e+03
  -1.8099676e+03
  -1.8352218e+03
  -1.9611563e+03
  -1.9028259e+03
  -1.9489266e+03
  -1.7296707e+03
  -1.8669655e+03
  -1.7627875e+03
  -1.7895581e+03
  -2.0245895e+03
  -1.8334021e+03
  -1.7277841e+03
  -1.8650698e+03
  -1.8916373e+03
  -1.8635331e+03
  -1.9853042e+03
  -1.7322590e+03
  -1.9620829e+03
  -1.8462673e+03
  -1.8578317e+03
  -1.7272837e+03
  -1.8226288e+03
  -1.6998428e+03
  -1.8744623e+03
  -1.9679189e+03
  -1.9908507e+03
  -1.9020682e+03
  -1.8027440e+03
  -1.8494983e+03
  -1.9547806e+03
  -1.7598093e+03
  -1.7499902e+03
  -2.0339601e+03
  -1.7661391e+03
  -1.8335121e+03
  -1.9024649e+03
  -1.9518853e+03
  -2.0217716e+03
  -1.9933252e+03
  -1.8847926e+03
  -2.0227827e+03
  -1.7354342e+03
  -1.9136355e+03
  -1.8345563e+03
  -1.9144539e+03
  -1.8795225e+03
  -1.8485976e+03
  -1.9435637e+03
  -1.9337245e+03
  -1.7704999e+03
  -2.0941286e+03
  -1.9135859e+03
  -1.9043269e+03
  -2.0657884e+03
  -2.0378202e+03
  -2.0064695e+03
  -2.0935000e+03
  -1.7368577e+03
  -1.9911764e+03
  -1.9070894e+03
  -1.9873815e+03
  -1.9624669e+03
  -1.8634179e+03
  -2.0078891e+03
  -2.0728914e+03
  -2.1033439e+03
  -1.9082065e+03
  -2.0474383e+03
  -1.9945343e+03
  -1.7838116e+03
  -1.9038041e+03
  -1.8150418e+03
  -1.7185534e+03
  -1.7175872e+03
  -1.4975497e+03
  -1.3402386e+03
  -1.2127103e+03
  -8.9724144e+02
  -7.3183638e+02
  -7.0506738e+02
  -5.7633649e+02
  -6.4041076e+02
  -4.8029505e+02
  -5.9679771e+02
  -2.8916290e+02
  -3.9043098e+02
  -2.8215556e+02
  -1.4517400e+02
   3.0937397e-01
  -7.7918539e+01
  -6.8197178e+01
  -5.0380996e+01
   3.8571055e+01
   4.4949356e+01
   2.4259797e+02
   1.5569187e+02
   2.5074999e+02
   2.7706002e+02
   2.3042015e+02
   3.1256412e+02
   2.0680248e+02
   1.6999570e+02
   2.9840307e+02
   1.2140591e+02
   3.0871379e+02
   2.8655900e+02
   2.1259434e+02
   3.2275535e+02
   4.6695238e+02
   2.9897215e+02
   4.1448105e+02
   4.0287941e+02
   3.6897512e+02
   3.2516824e+02
   3.3868030e+02
   2.1916259e+02
   4.7942336e+02
   4.2232714e+02
   5.1192756e+02
   3.6352805e+02
   4.4664107e+02
   3.1217487e+02
   4.3125405e+02
   3.5984011e+02
   3.1241004e+02
   3.2899410e+02
   2.9065987e+02
   3.9297695e+02
   2.7334746e+02
   3.7709913e+02
   2.3311567e+02
   2.6144575e+02
   2.3931027e+02
   3.1291148e+02
   3.9120023e+02
   2.8474947e+02
   2.1369451e+02
   2.7800990e+02
   1.4767889e+02
   1.6131002e+02
   3.7334751e+02
   2.2267826e+02
   1.4420483e+02
   1.6501347e+02
  -2.4321631e+01
   2.1539248e+02
   1.7254260e+02
   3.3013389e+02
   2.5884380e+02
   1.6529596e+02
   9.8955056e+01
   2.0558257e+02
   2.9925843e+02
   1.0999359e+02
   2.1642466e+02
   1.8169720e+02
   2.6777007e+02
   8.6089238e+01
   1.3193991e+02
   2.5414507e+02
   6.1797989e+01
   1.5848314e+02
   1.5442776e+02
   4.5409573e+01
   1.0448085e+02
  -4.4240463e+00
   2.8221249e+02
   2.8427196e+02
   2.0908874e+02
   1.0728563e+02
   2.5330593e+01
   8.4534267e+01
   1.3274290e+02
  -1.2326495e+01
   4.2550609e+01
   2.9800814e+02
   5.8021804e+01
   1.0769250e+02
   8.4233951e+01
   2.1348389e+02
   1.4640266e+02
   1.3257593e+02
   1.8239614e+01
   6.8944304e+01
  -3.2833418e+01
  -4.3009880e+01
   2.1024110e+02
   2.2785848e+01
   6.8015583e+01
   1.3089420e+02
   8.9196477e+00
   3.4838741e+01
   1.0670502e+02
   3.6900340e+02
   4.1500227e+01
  -6.6726019e+01
   1.3107610e+02
   7.5332632e+01
  -3.2071819e+01
   2.4305765e+02
  -8.8710268e+01
  -1.3179010e+02
   2.0019119e+01
  -8.5839809e+01
   8.1154245e+01
  -1.6795614e+02
  -2.5497946e+02
  -4.1118613e+01
  -2.9559362e+02
  -1.4670889e+02
  -5.5313469e+01
   1.2219363e+02
  -4.4698272e+01
  -9.2944394e+01
  -1.9412242e+02
  -1.0539568e+02
  -1.3620151e+02
  -2.2375138e+02
  -1.2462538e+02
  -1.9588224e+02
  -1.3254282e+02
  -1.4736295e+02
  -6.2553962e+01
  -2.5479510e+02
  -6.4330177e+01
   4.4541430e+01
  -1.6910699e+01
   1.6508843e+01
  -1.7913860e+02
   8.0117295e+01
   1.1301046e+01
  -3.8907539e+01
   9.8779099e+01
   2.3852354e+02
  -1.2502912e+01
  -9.3613657e+01
   2.9438675e+01
   1.0013961e+02
  -3.0904437e+01
  -7.8852230e+01
   6.3081576e+01
  -1.2233802e+01
   1.1653984e+02
   1.0463975e+02
   1.0464602e+02
  -1.7594710e+02
  -2.2979773e+01
  -9.5762270e+00
  -1.2744934e+02
  -6.2537476e+01
  -6.3005650e+01
   4.4158341e+01
  -8.3677789e+01
   7.7336221e+01
  -2.3938787e+02
   9.0114493e+00
  -2.5681470e+02
  -1.3269881e+02
  -1.9269384e+02
  -2.5295577e+02
  -2.6528807e+02
  -2.1547644e+02
  -2.1656231e+02
  -3.8473980e+02
  -2.7337370e+02
  -5.2923652e+02
  -5.5516812e+02
  -7.0606187e+02
  -6.5875381e+02
  -8.0215993e+02
  -7.3233242e+02
  -1.0374841e+03
  -9.8272126e+02
  -1.1122151e+03
  -1.1439624e+03
  -1.3929271e+03
  -1.4457835e+03
  -1.3095557e+03
  -1.5120585e+03
  -1.3256214e+03
  -1.4757564e+03
  -1.5997851e+03
  -1.6778805e+03
  -1.4608942e+03
  -1.7029648e+03
  -1.7041046e+03
  -1.7593273e+03
  -1.6660097e+03
  -1.6632146e+03
  -1.6058899e+03
  -1.7520934e+03
  -1.7431435e+03
  -1.7950587e+03
  -1.9414717e+03
  -1.7847846e+03
  -1.5290691e+03
  -1.8224721e+03
  -1.7971096e+03
  -1.9130533e+03
  -1.8517557e+03
  -1.7465966e+03
  -1.7907987e+03
  -1.8591769e+03
  -1.8537891e+03
  -2.0026446e+03
  -1.6679676e+03
  -1.7321453e+03
  -1.8773419e+03
  -1.8994770e+03
  -1.7209891e+03
  -1.9402993e+03
  -1.9499318e+03
  -1.8249401e+03
  -1.7800840e+03
  -1.6762066e+03
  -1.8212441e+03
  -1.9502859e+03
  -1.9910447e+03
  -1.7630428e+03
  -1.8619570e+03
  -1.8524314e+03
  -1.7453327e+03
  -1.8374716e+03
  -1.8920559e+03
  -1.9807379e+03
  -1.7183122e+03
  -1.7870172e+03
  -1.8101330e+03
  -1.6582608e+03
  -1.6738975e+03
  -1.8639249e+03
  -1.6865093e+03
  -1.7353701e+03
  -1.8417841e+03
  -1.8424472e+03
  -1.7262959e+03
  -1.8056811e+03
  -2.1166934e+03
  -1.9258309e+03
  -1.7930867e+03
  -1.9269374e+03
  -1.7957844e+03
  -1.7984973e+03
  -1.8538178e+03
  -1.9118574e+03
  -1.8148286e+03
  -1.8053930e+03
  -1.7918344e+03
  -1.9436314e+03
  -1.9221596e+03
  -1.7415055e+03
  -1.8387200e+03
  -1.8488339e+03
  -1.9480853e+03
  -1.7782394e+03
  -1.9366213e+03
  -1.9016735e+03
  -1.8793736e+03
  -1.8680170e+03
  -1.8338869e+03
  -1.8338281e+03
  -1.9711353e+03
  -1.9046393e+03
  -1.7947789e+03
  -1.8619312e+03
  -1.8604699e+03
  -1.7856259e+03
  -1.8909262e+03
  -1.8542366e+03
  -1.9573365e+03
  -1.7997282e+03
  -1.9415389e+03
  -1.9365538e+03
  -2.0201646e+03
  -1.9485495e+03
  -1.7827975e+03
  -1.8602372e+03
  -1.8647653e+03
  -1.6979750e+03
  -2.0658155e+03
  -1.9650231e+03
  -1.9367445e+03
  -2.0183634e+03
  -2.0768093e+03
  -1.8797139e+03
  -1.7815208e+03
  -1.8923496e+03
  -1.9331833e+03
  -1.7482167e+03
  -1.9402931e+03
  -1.8396081e+03
  -1.8616859e+03
  -1.9291625e+03
  -1.7417899e+03
  -1.8161769e+03
  -2.0456483e+03
  -1.8126834e+03
  -1.7003245e+03
  -1.9317618e+03
  -1.7186927e+03
  -1.8155154e+03
  -1.5488259e+03
  -1.1774159e+03
  -9.2979205e+02
  -8.0441213e+02
  -9.5145085e+02
  -8.1811432e+02
  -7.8817319e+02
  -6.5332244e+02
  -7.2127114e+02
  -6.7411357e+02
  -6.5179589e+02
  -7.4026187e+02
  -5.2328770e+02
  -5.4458062e+02
  -4.1054264e+02
  -1.9244490e+02
  -2.5508316e+02
  -2.1652948e+02
  -2.0311972e+02
  -1.5774391e+02
  -2.3302803e+02
   1.6506009e+01
   3.4570608e+00
   1.2299078e+02
   2.0776494e+02
   5.6499648e+01
   1.5213506e+02
  -2.2933178e+00
   1.1618662e+02
   2.9025558e+02
   1.6107599e+02
   1.7017740e+02
   1.5306637e+02
   3.6790229e+02
   9.1569545e+01
   3.3390570e+02
   2.1165506e+02
   3.8436235e+02
   2.0550843e+02
   2.3812995e+02
   1.7826769e+02
   2.8794652e+02
   2.7422954e+02
   2.5939411e+02
   3.2765282e+02
   2.4745355e+02
   1.7499092e+02
   1.4512483e+02
   3.2742414e+02
   3.5038098e+02
   3.6730242e+02
   2.9763185e+02
   2.3456025e+02
   3.2205629e+02
   2.7624303e+02
   2.3573862e+02
   2.6173958e+02
   2.8025269e+02
   1.4881376e+02
   2.4386922e+02
   3.2839878e+02
   2.8690113e+02
   3.4686373e+02
   2.4946707e+02
   2.2207751e+02
   1.7635102e+02
   3.0308516e+02
   2.0199101e+02
   2.3738567e+02
   3.2857086e+02
   1.2179825e+02
   1.5777206e+02
   1.8008253e+02
   2.9174342e+02
   1.0433925e+02
  -8.6084760e+01
   2.6106212e+02
   2.6025175e+02
   4.4889565e+01
   2.0206456e+02
   1.3758602e+02
   9.5159934e+01
   8.9949882e+01
   3.5824354e+02
   1.6657557e+02
   5.4106203e+01
   1.6202489e+02
   3.1561034e+01
   2.0815940e+02
   1.0445341e+02
   3.1816015e+02
   1.9449177e+02
   4.6360305e+01
   3.7280390e+02
   2.1389373e+02
   7.2978558e+01
  -8.5279035e+00
   1.9522790e+02
   1.6154377e+02
   2.9287515e+02
   1.5149356e+02
   6.5367396e+01
   6.8744689e+01
  -3.0237401e+01
   1.2544984e+02
   6.0585597e+01
   1.6844970e+02
  -2.8056898e+01
   1.9179981e+02
   1.0812509e+02
  -2.0129299e+01
   5.8676482e+01
   2.7410145e+01
   7.3407924e+01
   1.6739657e+01
   4.1390370e+01
   4.6201282e+01
   8.4001320e+01
   9.5572879e+01
   6.1838602e+01
  -7.4627780e+01
   1.7819978e+02
  -2.1865534e+02
   1.3000377e+02
   1.6127680e+01
   7.1696032e+01
  -7.4137603e+00
  -7.5163648e+01
  -4.5438433e+01
  -2.0844186e+02
  -1.7527703e+02
  -1.5572377e+02
  -9.5920764e-01
  -2.8746452e+02
  -1.5916195e+02
  -1.1878237e+02
  -9.5488477e+01
  -3.1914988e+02
  -2.2470120e+02
  -3.4979421e+02
  -3.1206053e+02
  -3.4062030e+02
  -3.4457405e+02
  -3.5464513e+02
  -3.7550370e+02
  -3.6942552e+02
  -5.0389021e+02
  -4.4748693e+02
  -5.4781394e+02
  -4.2593437e+02
  -3.1926034e+02
  -4.4404808e+02
  -4.3276226e+02
  -3.9956574e+02
  -2.5235681e+02
  -4.1155875e+02
  -4.5920170e+02
  -4.1344097e+02
  -4.7208861e+02
  -3.2204303e+02
  -2.3341221e+02
  -2.8870911e+02
  -2.8590492e+02
  -9.3947175e+01
  -6.4518070e+01
  -2.4221886e+02
  -1.2694586e+02
  -8.8876519e+01
  -1.5874432e+02
  -1.9044689e+00
  -7.2904621e+00
  -8.9933418e+01
  -5.5933055e+01
  -1.1424345e+02
  -1.4010754e+02
  -1.1710583e+02
  -3.4215325e+01
   4.0169813e+01
  -1.8629389e+02
   4.4136846e+01
  -8.3243969e+01
  -6.3501104e+01
  -1.7984075e+02
  -2.9626303e+02
  -7.2707943e+01
  -1.6729143e+02
  -2.1655214e+02
  -8.3566557e+01
  -2.4038365e+02
  -2.4396039e+02
  -2.9926628e+02
  -3.2057975e+02
  -3.7912154e+02
  -4.9376374e+02
  -3.2930334e+02
  -4.1201723e+02
  -5.7134682e+02
  -5.7216259e+02
  -6.3591030e+02
  -8.0492220e+02
  -9.7830447e+02
  -1.1033146e+03
  -9.8400349e+02
  -1.0499389e+03
  -1.3785779e+03
  -1.5037477e+03
  -1.4809867e+03
  -1.7061540e+03
  -1.4643118e+03
  -1.5085272e+03
  -1.5537476e+03
  -1.7137525e+03
  -1.6167332e+03
  -1.7019058e+03
  -1.5451152e+03
  -1.6901184e+03
  -1.7451462e+03
  -1.6754125e+03
  -1.6666665e+03
  -1.6334403e+03
  -1.7623021e+03
  -1.8987615e+03
  -1.6760713e+03
  -1.8439260e+03
  -1.7817440e+03
  -1.8288298e+03
  -1.7337380e+03
  -1.9436254e+03
  -1.9117082e+03
  -1.8103727e+03
  -1.8210124e+03
  -1.9217897e+03
  -1.8874365e+03
  -1.7971122e+03
  -1.7831862e+03
  -1.7774466e+03
  -1.7907462e+03
  -1.7434138e+03
  -1.6195569e+03
  -1.9561245e+03
  -1.7539261e+03
  -1.8869678e+03
  -1.8813299e+03
  -1.8597404e+03
  -1.8396753e+03
  -1.8407883e+03
  -1.7992641e+03
  -1.8035747e+03
  -1.8774320e+03
  -1.7902004e+03
  -1.8721959e+03
  -1.8528860e+03
  -1.9739441e+03
  -1.7200521e+03
  -1.9824871e+03
  -1.9621053e+03
  -1.8519579e+03
  -1.8929052e+03
  -1.9147262e+03
  -1.9643559e+03
  -1.7728214e+03
  -1.8251942e+03
  -1.9667206e+03
  -1.8118515e+03
  -1.8720769e+03
  -1.7873259e+03
  -1.8717271e+03
  -1.8232951e+03
  -1.8309880e+03
  -1.9530955e+03
  -1.7812341e+03
  -1.8830114e+03
  -1.7946221e+03
  -1.8859671e+03
  -1.7925200e+03
  -1.9211048e+03
  -1.8015583e+03
  -1.8268867e+03
  -1.7068604e+03
  -1.9172535e+03
  -1.8735869e+03
  -1.9036843e+03
  -1.8537858e+03
  -2.0272739e+03
  -1.8280093e+03
  -1.8863789e+03
  -1.8793407e+03
  -1.8511640e+03
  -1.9652497e+03
  -1.8551457e+03
  -1.8877245e+03
  -2.0663015e+03
  -1.7302178e+03
  -1.8528855e+03
  -1.9366156e+03
  -1.9038572e+03
  -1.8608293e+03
  -2.0103188e+03
  -2.0376754e+03
  -2.0005891e+03
  -1.9657643e+03
  -1.8984551e+03
  -1.8548718e+03
  -2.0397133e+03
  -1.9424742e+03
  -1.9507237e+03
  -1.7860329e+03
  -1.8870188e+03
  -1.8147927e+03
  -1.9511846e+03
  -1.8942494e+03
  -1.7229252e+03
  -1.7168675e+03
  -1.7236657e+03
  -1.8211628e+03
  -1.7195207e+03
  -1.4135508e+03
  -1.2975288e+03
  -1.0126163e+03
  -9.8687299e+02
  -9.3974312e+02
  -6.3364027e+02
  -7.1339004e+02
  -6.2678123e+02
  -3.0355631e+02
  -5.0155512e+02
  -4.8738454e+02
  -4.1723166e+02
  -3.3877606e+02
  -3.8022234e+02
  -2.5849882e+02
  -1.5205815e+02
   1.0091613e+02
   5.4337004e+01
  -1.9741724e+02
   9.8240667e+00
   2.5305705e+01
   1.4912518e+02
   8.0385773e+01
   6.5128391e+00
   1.5352947e+02
   3.1649299e+02
   2.6016827e+02
   2.1928428e+02
   2.0876999e+02
   2.0889935e+02
   2.6669947e+02
   1.5565548e+02
   1.9641657e+02
   1.5037206e+02
   2.0565393e+02
   2.2001224e+02
   2.9303449e+02
   2.9673740e+02
   1.9530030e+02
   2.7830297e+02
   1.8347792e+02
   3.7348184e+02
   1.9580909e+02
   6.0225512e+02
   3.2562353e+02
   2.4347804e+02
   3.4385760e+02
   3.2887206e+02
   3.8725905e+02
   4.8747423e+02
   3.4822279e+02
   4.6182329e+02
   4.7542915e+02
   4.4540702e+02
   2.4911012e+02
   3.6750069e+02
   2.6784763e+02
   2.3348777e+02
   2.2046213e+02
   2.0879166e+02
   1.6207505e+02
   2.1361730e+02
   1.8967964e+02
   2.6026873e+02
  -5.2916445e+01
  -1.4645311e+00
   1.2210433e+02
   2.5546985e+02
   1.6630823e+02
   1.3126172e+02
   8.0719949e+01
   9.0535237e+01
   7.2196663e+01
  -9.3827321e+01
   3.2790966e+01
  -3.8049693e+01
   1.6533703e+02
  -8.7206185e+01
  -8.9282814e+01
   9.1775075e+01
   3.7859252e+01
  -8.8047446e+01
   1.5453549e+01
  -1.9512600e+02
  -1.5530277e+02
  -3.0557602e+02
  -9.7859774e+01
  -1.3530841e+01
  -2.9169199e+02
  -1.0165728e+01
  -1.3203700e+02
  -6.3516145e+01
  -9.4308159e+01
  -1.9595582e+01
  -1.2097921e+02
  -2.5664253e+02
  -1.4534339e+02
  -3.4092493e+02
  -1.6998614e+02
  -1.7527404e+02
  -1.3815011e+02
  -9.4881114e+01
  -1.4818123e+02
  -1.9699651e+01
  -3.2705222e+02
  -2.5253295e+02
  -2.4995850e+02
  -3.1786369e+02
  -2.4248421e+02
  -3.3778660e+01
  -1.7405351e+02
  -2.2178265e+02
  -1.5429253e+02
  -1.1801861e+02
  -3.3424465e+02
  -3.1450863e+02
  -5.3210155e+01
  -2.7843134e+02
  -2.5754500e+02
  -2.6123140e+02
  -2.1870156e+02
  -2.1590139e+02
  -3.2910708e+01
  -1.6007629e+02
  -2.3820704e+02
  -3.3024901e+02
  -1.2314443e+02
  -1.8498699e+02
  -2.5596192e+02
  -7.9257677e+01
  -4.8941278e+02
  -1.6436416e+02
  -1.2637808e+02
  -1.5800652e+02
  -2.8369781e+02
  -1.8568894e+02
  -2.5179344e+02
  -2.3605453e+02
  -1.9880237e+02
  -1.8704842e+02
  -7.2094010e+00
  -1.7147822e+02
  -1.2411910e+02
  -2.7978603e+02
  -1.8817238e+02
  -1.8559172e+02
   1.3744516e+00
   3.6708805e+01
  -1.8194974e+02
  -5.8155873e+01
  -1.1714637e+02
  -4.0475846e+01
  -4.5269870e+01
  -3.1194774e+01
   1.9982140e+01
  -2.1214182e+01
   1.0968804e+02
  -2.2266605e+02
   1.9338787e+01
  -1.0653669e+02
   8.6836898e+01
   7.9339445e+01
   1.1752666e+01
  -4.1076550e+01
  -5.1425163e+01
   1.3800863e+01
   1.6009148e+02
   7.7342005e+00
  -3.1356578e+02
  -2.5716646e+02
  -1.1899095e+02
  -9.6653233e+01
  -4.9833998e+01
  -9.9607092e+01
  -2.1699309e+02
  -1.4148252e+02
  -2.5486509e+01
  -1.0550645e+02
  -1.7496706e+02
  -2.5859758e+02
  -4.6848976e+02
  -4.3907432e+02
  -3.0565879e+02
  -3.9986435e+02
  -4.2894173e+02
  -4.8691954e+02
  -4.3948043e+02
  -4.3149749e+02
  -5.5189370e+02
  -5.5438177e+02
  -6.4626264e+02
  -6.3028797e+02
  -7.8460387e+02
  -7.5032133e+02
  -9.1345933e+02
  -7.9325270e+02
  -1.0816866e+03
  -9.6868471e+02
  -7.8579218e+02
  -1.1770692e+03
  -1.1784833e+03
  -1.1985141e+03
  -1.1729057e+03
  -1.3704621e+03
  -1.4108042e+03
  -1.4410827e+03
  -1.5643099e+03
  -1.5077078e+03
  -1.3933918e+03
  -1.5912255e+03
  -1.7074732e+03
  -1.8148671e+03
  -1.7505272e+03
  -1.5595114e+03
  -1.8231820e+03
  -1.7653581e+03
  -1.6834803e+03
  -1.7373011e+03
  -1.5492442e+03
  -1.6033497e+03
  -1.7918954e+03
  -1.6537337e+03
  -1.7107202e+03
  -1.8003813e+03
  -1.8485416e+03
  -1.8093062e+03
  -1.7284529e+03
  -1.7309298e+03
  -1.9107942e+03
  -1.8140841e+03
  -1.7345129e+03
  -1.8021511e+03
  -1.9042356e+03
  -1.6978845e+03
  -1.7289119e+03
  -1.7041494e+03
  -1.8469828e+03
  -1.9362937e+03
  -1.9009265e+03
  -1.7539247e+03
  -1.7344779e+03
  -1.8779507e+03
  -1.8824010e+03
  -1.7211671e+03
  -1.8745935e+03
  -1.8062709e+03
  -1.8768952e+03
  -1.8621122e+03
  -1.9633980e+03
  -2.0660177e+03
  -1.8656847e+03
  -1.8440955e+03
  -1.7497374e+03
  -1.9807385e+03
  -1.8087648e+03
  -1.9139726e+03
  -1.7610814e+03
  -1.8199832e+03
  -1.7648759e+03
  -1.8532148e+03
  -1.7428782e+03
  -1.7461438e+03
  -1.9815470e+03
  -1.7622299e+03
  -1.9517136e+03
  -1.9439718e+03
  -1.9854094e+03
  -1.9242519e+03
  -1.8188364e+03
  -1.7249344e+03
  -1.9689032e+03
  -1.7733912e+03
  -1.6928841e+03
  -1.8057305e+03
  -1.7745574e+03
  -1.8210992e+03
  -1.9002526e+03
  -1.8286601e+03
  -1.9377703e+03
  -1.9542832e+03
  -1.8708194e+03
  -1.9429106e+03
  -1.9502868e+03
  -1.8272912e+03
  -1.8558178e+03
  -2.0809744e+03
  -1.9939015e+03
  -1.8844118e+03
  -1.9615365e+03
  -2.0142480e+03
  -1.9104399e+03
  -1.8010791e+03
  -1.9741961e+03
  -1.9373675e+03
  -1.9274022e+03
  -1.8550536e+03
  -1.9381316e+03
  -1.8253907e+03
  -1.9887461e+03
  -1.9305350e+03
  -1.8849680e+03
  -1.9515181e+03
  -1.7343464e+03
  -1.6745480e+03
  -2.0106376e+03
  -2.1091218e+03
  -1.9292938e+03
  -1.7438607e+03
  -1.8517126e+03
  -2.0876443e+03
  -1.8991795e+03
  -1.8415186e+03
  -1.8768959e+03
  -1.8271795e+03
  -1.9929848e+03
  -1.8878673e+03
  -1.8918998e+03
  -1.8177556e+03
  -1.8518228e+03
  -1.7966144e+03
  -1.8264403e+03
  -1.4178105e+03
  -1.1745375e+03
  -1.1458625e+03
  -1.0133231e+03
  -8.3035726e+02
  -6.5287272e+02
  -4.7601166e+02
  -5.0271857e+02
  -5.5225683e+02
  -4.8681931e+02
  -4.3806342e+02
  -3.4714898e+02
  -3.7530682e+02
  -3.9308198e+02
  -1.7571600e+02
  -7.5181776e+01
  -1.9706911e+02
  -7.6264603e+01
   1.0098327e+02
  -1.7131217e+02
   1.8956524e+02
  -2.6063284e+01
   1.6344028e+02
   2.4648075e+01
   1.0384618e+02
   8.7312268e+01
   3.0129018e+02
   1.0752178e+02
   2.5837081e+02
   3.1088972e+02
   2.3361096e+02
   2.6325094e+02
   4.0842634e+02
   2.1274883e+02
   2.9023345e+02
   2.7773911e+02
   3.1197278e+02
   3.2423496e+02
   2.7368798e+02
   4.4870092e+02
   1.8987954e+02
   2.6470290e+02
   4.7564020e+02
   4.2171150e+02
   3.2748344e+02
   2.6975518e+02
   4.0352060e+02
   1.2786299e+02
   2.4204140e+02
   2.3498810e+02
   3.5639682e+02
   3.7918050e+02
   4.7254611e+02
   3.3577508e+02
   3.9194068e+02
   2.9062705e+02
   4.2574619e+02
   1.1261505e+02
   2.7653531e+02
   3.5568312e+02
   3.5698920e+02
   3.5593927e+02
   3.3617239e+02
   4.4957898e+02
   2.9385380e+02
   1.2044686e+02
   2.3636519e+02
   3.0319710e+02
   2.6151409e+02
   1.8392645e+02
   3.2614250e+02
   4.6629394e+02
   2.7165379e+02
   2.1879401e+02
   2.9701959e+02
   2.9024675e+02
   2.8477678e+02
   2.3671342e+02
   1.7442846e+02
   1.6427598e+02
   1.7107846e+02
   1.5031187e+01
   1.4183738e+02
   2.5398767e+02
   8.4648581e+01
   8.0083437e+01
   2.0868124e+02
   2.7052273e+02
  -1.8503454e+01
   1.8559622e+02
   1.4058842e+02
   3.4046538e+02
   3.8485162e+02
   1.2826154e+02
   2.5077586e+01
   2.3553779e+02
   5.9170739e+01
   2.1426684e+02
   2.0126291e+02
   1.7965487e+02
   1.0829286e+02
   3.7568792e+01
   4.9405638e+01
   8.8293512e+01
  -1.6900737e-01
   4.7512952e+01
   9.6385046e+01
   1.7030459e+02
  -6.2363591e+01
   1.5917291e+02
   5.8183307e+01
   4.3775264e+01
   5.0223875e+00
   9.5361936e+01
   9.8872645e+00
   2.2333082e+02
   5.2964512e+01
   4.8084554e+01
  -4.2685206e-01
  -5.6600700e+01
  -3.0390060e+01
  -1.5583248e+01
  -1.3285740e+01
   3.8510010e+01
  -2.8223810e+01
  -8.2020477e+00
   1.7558385e+02
   1.2946927e+02
  -5.5738506e+01
  -2.5917663e+01
   5.7626441e+01
   1.0185944e+01
   3.5112989e+01
  -1.1452555e+01
  -3.3604260e+01
  -2.3511878e+02
  -2.4113347e+02
  -2.3915465e+02
  -1.6186060e+02
   1.0638264e+02
  -1.0921139e+02
  -2.3523927e+01
  -8.8674016e+01
  -1.7679359e+02
  -1.2510037e+02
  -6.7910068e+01
  -8.4887264e+01
  -2.3195376e+02
  -2.4394768e+02
  -1.5412284e+02
  -1.2938519e+02
  -9.3458697e+01
  -2.1872075e+01
   8.0815452e+00
  -8.3145918e+00
  -6.3833762e+01
  -4.7217514e+00
   4.0153139e+01
   1.2019276e+02
   1.4367432e+02
  -1.4185020e+02
  -4.9944024e+01
  -1.3093398e+02
   2.1317272e+02
   8.4154840e+01
   4.2965625e+00
   6.6335752e+01
   3.2570840e+01
  -4.8211122e+01
  -1.5419449e+02
  -3.9138796e+01
   3.6349318e+01
  -1.6098927e+01
   1.2350846e+02
  -8.6501972e+01
  -1.5424396e+01
   2.4410848e+01
  -9.5312022e+01
  -9.8969579e+01
  -9.2538506e+01
  -7.9982586e+01
  -1.8053388e+02
  -7.0287180e+00
  -1.3962446e+02
  -2.4548833e+02
  -3.9085471e+02
  -3.3895523e+02
  -5.5424077e+02
  -5.0790440e+02
  -4.4422003e+02
  -6.2510562e+02
  -6.2438231e+02
  -8.3334725e+02
  -8.2604121e+02
  -9.6703597e+02
  -1.0128437e+03
  -1.1513575e+03
  -1.0607494e+03
  -1.2146519e+03
  -1.3890770e+03
  -1.2279896e+03
  -1.4636480e+03
  -1.3592102e+03
  -1.1970303e+03
  -1.4507836e+03
  -1.6040012e+03
  -1.4676430e+03
  -1.6304060e+03
  -1.5802956e+03
  -1.5915406e+03
  -1.6672035e+03
  -1.6096821e+03
  -1.6137556e+03
  -1.7115009e+03
  -1.7514470e+03
  -1.7814947e+03
  -1.7467356e+03
  -1.6459874e+03
  -1.7820841e+03
  -1.8247531e+03
  -1.7884867e+03
  -1.6695360e+03
  -1.7090927e+03
  -1.8529626e+03
  -1.9130206e+03
  -1.8515771e+03
  -1.8743979e+03
  -1.7528010e+03
  -1.6149600e+03
  -1.6288300e+03
  -1.6693992e+03
  -1.7756478e+03
  -1.8425185e+03
  -1.7507299e+03
  -1.7321487e+03
  -1.6463126e+03
  -1.9042028e+03
  -1.8244955e+03
  -1.8937155e+03
  -1.7525802e+03
  -1.8529341e+03
  -1.8348964e+03
  -1.7797412e+03
  -1.8491512e+03
  -1.8707188e+03
  -1.7710520e+03
  -1.7873206e+03
  -1.7608109e+03
  -1.7807718e+03
  -1.7491683e+03
  -1.9991116e+03
  -1.7913177e+03
  -1.8294486e+03
  -1.8581212e+03
  -1.8572000e+03
  -1.9544564e+03
  -1.9034591e+03
  -1.7421469e+03
  -1.6915264e+03
  -1.8073891e+03
  -1.7022964e+03
  -1.7514380e+03
  -1.8722391e+03
  -1.7622117e+03
  -1.9065191e+03
  -1.8020053e+03
  -1.9334355e+03
  -1.7955934e+03
  -1.9173570e+03
  -1.7267312e+03
  -1.9372050e+03
  -1.9903218e+03
  -1.7534833e+03
  -1.9208534e+03
  -2.0747703e+03
  -2.0731523e+03
  -1.9273181e+03
  -1.7446988e+03
  -1.8620334e+03
  -1.9061522e+03
  -1.8432579e+03
  -1.9809149e+03
  -1.8710531e+03
  -1.9037313e+03
  -1.6741999e+03
  -1.8890816e+03
  -2.0505936e+03
  -2.1151657e+03
  -1.6875257e+03
  -1.8982159e+03
  -1.8037744e+03
  -1.8329794e+03
  -1.8396466e+03
  -1.8499535e+03
  -1.8155036e+03
  -1.9097104e+03
  -1.8195492e+03
  -2.0137055e+03
  -1.8811461e+03
  -1.9068476e+03
  -1.9661704e+03
  -1.8614771e+03
  -1.8246388e+03
  -1.8451165e+03
  -1.8222610e+03
  -2.1357894e+03
  -2.1388210e+03
  -1.8071247e+03
  -1.8056015e+03
  -1.7939953e+03
  -1.9891725e+03
  -1.7693764e+03
  -1.8635443e+03
  -1.8192307e+03
  -1.7812724e+03
  -1.7974121e+03
  -1.8634954e+03
  -1.7680683e+03
  -1.5343891e+03
  -1.6293973e+03
  -1.1783171e+03
  -1.3080065e+03
  -8.6957511e+02
  -7.0287129e+02
  -6.1446073e+02
  -6.1305846e+02
  -7.5901949e+02
  -4.1432495e+02
  -4.6861740e+02
  -4.2018797e+02
  -3.9768933e+02
  -2.8378297e+02
  -2.0279444e+02
  -2.2648529e+02
  -2.7475824e+02
  -7.8620253e+01
   1.6499842e+02
   8.2275949e+00
   2.5987107e+01
   1.2967808e+02
   4.1124115e+01
  -2.6560366e+01
   4.8123005e+01
   2.5349826e+02
   2.0386683e+02
   2.0571600e+02
   2.0302152e+02
   5.9460199e+01
   2.9446520e+02
   1.5308461e+02
   3.4776660e+02
   3.8787153e+02
   2.6077521e+02
   2.0370193e+02
   2.3402053e+02
   2.2615061e+02
   2.0267230e+02
   1.6064746e+02
   3.1231939e+02
   3.5174016e+02
   2.9773227e+02
   2.0800588e+02
   2.3874345e+02
   3.2853864e+02
   3.2437026e+02
   3.9011642e+02
   3.2603286e+02
   4.4390728e+02
   3.9194468e+02
   2.5555261e+02
   2.6937642e+02
   4.2440956e+02
   4.0725632e+02
   4.1796487e+02
   3.8446537e+02
   3.0564451e+02
   2.1264462e+02
   4.2360736e+02
   2.7097830e+02
   2.5216301e+02
   3.3959751e+02
   3.6032033e+02
   2.9556232e+02
   3.5981176e+02
   3.6768254e+02
   4.7922837e+01
   3.4463338e+02
   3.3592184e+02
   1.1355225e+02
   2.2608712e+02
   2.2542923e+02
   1.3125834e+02
   2.9011651e+02
   4.1688596e+02
   1.2493420e+02
   1.2571102e+02
   1.9297508e+02
   3.1739250e+02
  -5.4951664e+00
   3.7482111e+02
   4.9464484e+00
   1.6045603e+02
   1.1271537e+02
   1.5749341e+02
   2.1308187e+02
   1.8167609e+01
   1.0227688e+02
   1.4250057e+02
   8.3476137e+01
   2.2766885e+02
  -6.3297331e+00
  -8.0087544e+01
  -3.0221335e+01
   6.2638638e+01
   5.2268209e+01
   1.4437443e+02
  -1.5608188e+01
   6.2641675e+01
   4.5237840e+01
  -1.3525880e+01
   2.2524468e+02
   6.3892559e+01
  -4.7225131e+01
   8.9678994e+01
   4.4414134e+01
   8.1273384e+01
   3.0647085e+01
  -2.1058558e+02
  -2.3028690e+01
   6.8493918e+00
   1.5335341e+02
  -1.9715769e+02
   1.1595437e+02
  -1.0314243e+02
   2.6641282e+02
  -6.9693640e+00
   3.3109123e+01
  -2.0521187e+02
  -4.0821949e+01
   7.0477916e+01
  -1.1437181e+02
  -6.1281800e+01
  -1.9984125e+02
  -4.7646385e+01
  -1.9327372e+02
  -1.6018814e+02
  -2.3847872e+02
   2.9731855e+00
   7.0484295e+00
  -3.7562541e+02
  -6.9750537e+01
  -1.4790308e+02
  -1.7759083e+02
  -9.1129528e+00
  -1.9151458e+02
  -1.9041325e+02
  -1.5119910e+02
  -1.0117133e+02
  -2.4942623e+02
  -1.5497855e+02
  -1.6010820e+01
  -2.0526493e+02
  -2.2107877e+02
  -2.0889097e+02
  -1.0648580e+02
  -1.4798363e+02
  -3.4746317e+02
  -3.0636406e+02
  -1.2813523e+02
  -3.4111442e+02
  -3.3694048e+02
  -2.4063861e+01
  -3.2698819e+02
  -2.1312390e+02
  -4.3170614e+01
  -1.2920193e+02
  -2.1284595e+02
  -1.5879772e+02
  -1.6277028e+02
  -7.6058163e+01
   1.5261370e+02
  -1.1867648e+02
   1.8563858e+01
   6.4377799e+01
   3.5494067e+01
   1.0537456e+02
  -6.3017674e+01
   1.4032407e+02
  -7.8688730e+01
  -1.1300475e+02
  -1.1878847e+02
  -4.7979497e+01
  -1.9756150e+01
  -1.7014464e+02
  -1.0916259e+02
  -1.6527462e+02
  -1.6152536e+02
  -1.4296767e+02
  -1.3186727e+02
  -1.8135947e+02
  -1.8584394e+02
  -3.1191710e+02
  -3.7302327e+02
  -4.4394318e+02
  -4.0801316e+02
  -6.8318665e+02
  -6.1822259e+02
  -6.8753246e+02
  -6.3560634e+02
  -6.4674942e+02
  -8.1843974e+02
  -1.0200867e+03
  -1.0779737e+03
  -1.0022248e+03
  -1.1703786e+03
  -9.9903368e+02
  -1.2978623e+03
  -1.2702894e+03
  -1.4792915e+03
  -1.5391762e+03
  -1.5019176e+03
  -1.4992134e+03
  -1.6110101e+03
  -1.6932538e+03
  -1.8497923e+03
  -1.7993408e+03
  -1.7125200e+03
  -1.6367715e+03
  -1.7918175e+03
  -1.6941718e+03
  -1.5647887e+03
  -1.7395597e+03
  -1.7287081e+03
  -1.7299912e+03
  -1.7466257e+03
  -1.7372642e+03
  -1.7397409e+03
  -1.6455329e+03
  -1.8152205e+03
  -1.7609588e+03
  -1.8404598e+03
  -1.7627915e+03
  -1.7474498e+03
  -1.8605543e+03
  -1.8850776e+03
  -1.9210268e+03
  -1.8194067e+03
  -1.9167265e+03
  -1.8971804e+03
  -1.7834817e+03
  -1.7687826e+03
  -1.7594731e+03
  -1.6812445e+03
  -1.8553528e+03
  -2.0664795e+03
  -1.7289268e+03
  -1.7101992e+03
  -1.7591173e+03
  -1.7492379e+03
  -1.6403577e+03
  -1.7580724e+03
  -1.7986966e+03
  -1.8330035e+03
  -1.7755560e+03
  -1.8874035e+03
  -1.8721082e+03
  -1.8318848e+03
  -1.7918707e+03
  -1.7690916e+03
  -1.8890695e+03
  -1.9565731e+03
  -1.7574653e+03
  -1.7269805e+03
  -1.8530137e+03
  -1.8362423e+03
  -1.7782597e+03
  -1.9176033e+03
  -1.8611903e+03
  -1.8180241e+03
  -1.8843568e+03
  -1.9893878e+03
  -1.8614724e+03
  -1.8645836e+03
  -1.8991684e+03
  -1.7741481e+03
  -1.7704444e+03
  -1.9356319e+03
  -1.9284855e+03
  -2.0283643e+03
  -1.8704826e+03
  -1.8709247e+03
  -1.8145724e+03
  -1.8621625e+03
  -1.8249906e+03
  -1.9682743e+03
  -1.7989070e+03
  -1.9060038e+03
  -1.8990018e+03
  -1.7634958e+03
  -1.7710911e+03
  -2.0391775e+03
  -1.7606428e+03
  -1.8867801e+03
  -1.8803515e+03
  -1.8978980e+03
  -1.9008052e+03
  -2.0243549e+03
  -1.9154821e+03
  -1.9555920e+03
  -1.8244033e+03
  -1.9440165e+03
  -1.9192693e+03
  -1.7964500e+03
  -2.1217434e+03
  -1.8112797e+03
  -1.8226171e+03
  -2.0817540e+03
  -1.9915816e+03
  -2.0467660e+03
  -1.9648758e+03
  -1.8028759e+03
  -1.8772692e+03
  -1.8511625e+03
  -1.8148979e+03
  -1.8633342e+03
  -1.8906891e+03
  -1.8752104e+03
  -1.7998092e+03
  -1.8860626e+03
  -1.9297541e+03
  -1.9568215e+03
  -1.9465257e+03
  -1.8873650e+03
  -1.9803846e+03
  -1.9497607e+03
  -1.7472872e+03
  -1.7669426e+03
  -1.7639215e+03
  -1.5298091e+03
  -1.2215274e+03
  -1.1762712e+03
  -8.2448583e+02
  -8.7078448e+02
  -5.8864414e+02
  -7.2808904e+02
  -5.9757585e+02
  -6.4945701e+02
  -5.3188699e+02
  -4.8439907e+02
  -2.5587537e+02
  -2.6197309e+02
  -1.2788337e+02
  -1.0402011e+02
  -1.0037302e+02
   8.7359825e+01
   1.9836899e+01
   7.7768665e+01
   1.2457870e+01
   2.1560312e+02
   2.0116733e+02
   1.7776188e+02
   1.4015030e+02
   2.3354041e+02
   1.7376971e+02
   2.8736405e+02
   9.3046451e+01
   2.1878905e+02
   3.0272486e+02
   3.4331774e+02
   4.9151649e+02
   3.6475779e+02
   3.9445787e+02
   1.7245249e+02
   2.6468434e+02
   3.3682708e+02
   3.5422143e+02
   3.4581932e+02
   4.9181526e+02
   3.7789901e+02
   4.2069938e+02
   4.7117642e+02
   2.6323703e+02
   3.0726712e+02
   2.5810271e+02
   2.3884909e+02
   3.4295129e+02
   3.4659012e+02
   2.9042590e+02
   3.4946780e+02
   2.6596692e+02
   4.5107135e+02
   5.0264881e+02
   4.1031272e+02
   2.2676230e+02
   2.3863281e+02
   1.6595067e+02
   3.3647089e+02
   3.3590400e+02
   1.2556694e+02
   1.9192641e+02
   1.2528182e+02
   3.7966546e+02
   1.9579826e+02
   3.4111105e+02
   1.6668727e+02
   1.2515604e+02
   1.9734571e+02
   1.1890216e+02
   1.2582805e+02
   8.0357083e+01
   2.8320526e+02
   1.2128738e+02
   6.4048411e+00
  -1.7118614e+01
   1.5159584e+02
   2.8023841e+01
   7.2346411e+01
   3.0674331e+01
   1.2946782e+02
   1.5835461e+02
  -5.0362926e+01
   9.7381394e+00
   4.6920634e+01
  -3.3406523e+01
  -8.7043467e+00
   1.7527627e+01
   2.1443756e+01
   1.9905311e+00
  -2.2070922e+01
  -9.5140664e+01
  -8.2693872e+01
   1.0073877e+02
  -1.0134343e+01
   1.6318220e+01
  -3.0353675e+01
  -8.6924157e+01
   4.8349041e-01
  -1.8530963e+01
   1.8679106e+00
  -2.0582484e+01
  -1.2416424e+02
  -2.1615825e+02
   4.1206039e+00
  -1.2129249e+02
  -1.9825325e+01
   2.5819761e+01
  -1.9495171e+02
  -1.4127333e+02
   1.0878379e+02
  -7.5315424e+01
  -2.7291009e+01
  -3.0840177e+01
  -5.9882417e+00
  -7.0299216e+01
   5.4816652e+01
  -2.3591401e+02
  -1.7651444e+02
   4.5126308e+00
  -2.2799640e+02
  -1.8642184e+02
  -1.7018588e+02
   1.6755950e+01
  -2.0083437e+02
  -1.2996260e+02
  -2.4280986e+02
  -3.0398673e+02
  -1.2146330e+02
  -1.4393623e+02
  -8.2380131e+01
  -1.4752735e+02
  -2.3857148e+02
  -2.3869638e+02
  -1.4501088e+02
  -1.5342267e+02
  -2.6609606e+02
  -2.8247522e+02
  -3.0078896e+02
  -1.5413335e+02
  -1.5072765e+02
  -7.0760691e+01
  -2.4468042e+02
   4.9531199e+01
  -9.4229525e+01
   3.2727313e+01
  -7.5481057e+01
   6.8460492e+00
  -1.3955278e+02
  -3.7981881e+01
  -1.2266982e+02
   5.0576572e+01
  -9.3098013e+00
  -8.1013100e+01
   8.0932598e+01
  -6.0623177e+01
  -2.4779144e+01
  -5.2171988e+01
   1.8021723e+02
  -2.6702855e+01
  -9.4798195e+00
  -5.7065472e+01
  -1.9958578e+02
  -1.8595907e+02
  -9.4529077e+01
  -1.9885289e+02
  -4.5894610e+01
  -1.4405457e+02
  -1.4056582e+02
  -1.1126838e+02
  -1.2714626e+02
  -9.4468783e+01
  -2.5152354e+02
  -2.6412787e+02
  -7.5868177e+01
  -1.6131561e+02
  -2.2018124e+02
  -3.4684082e+02
  -2.5548300e+02
  -3.5805708e+02
  -3.0970655e+02
  -4.7616072e+02
  -4.8102056e+02
  -6.0438457e+02
  -4.4808064e+02
  -5.8956481e+02
  -7.2657551e+02
  -9.8776340e+02
  -1.0354686e+03
  -9.1739495e+02
  -9.8387348e+02
  -1.2854627e+03
  -1.2900703e+03
  -1.2002422e+03
  -1.4325326e+03
  -1.5359892e+03
  -1.6192867e+03
  -1.5106009e+03
  -1.5588637e+03
  -1.5677514e+03
  -1.5980461e+03
  -1.7426861e+03
  -1.6934234e+03
  -1.7632162e+03
  -1.6545083e+03
  -1.5817581e+03
  -1.7302618e+03
  -1.6585909e+03
  -1.6744362e+03
  -1.7348997e+03
  -1.7215653e+03
  -1.9053893e+03
  -1.7745770e+03
  -1.8724189e+03
  -1.7677677e+03
  -1.9281815e+03
  -1.7755534e+03
  -1.7915080e+03
  -1.7087685e+03
  -1.7325089e+03
  -1.8593785e+03
  -1.8814636e+03
  -1.8929795e+03
  -1.9378484e+03
  -1.8745393e+03
  -1.9341398e+03
  -2.0035703e+03
  -1.8497019e+03
  -1.8095369e+03
  -1.8739291e+03
  -1.9985208e+03
  -1.8797413e+03
  -1.8190014e+03
  -1.9485636e+03
  -1.7994722e+03
  -1.8795570e+03
  -1.8331191e+03
  -1.8733843e+03
  -1.8997775e+03
  -1.9114703e+03
  -1.8604415e+03
  -2.0189430e+03
  -2.0318077e+03
  -1.8203390e+03
  -1.7032182e+03
  -1.6518457e+03
  -1.8961495e+03
  -1.9002785e+03
  -1.7303624e+03
  -1.8046292e+03
  -1.7815952e+03
  -1.9009645e+03
  -1.8887095e+03
  -1.7634379e+03
  -1.7689669e+03
  -1.8677735e+03
  -1.9813201e+03
  -1.9866737e+03
  -1.8012677e+03
  -1.8992389e+03
  -1.7676551e+03
  -1.7964549e+03
  -1.8059727e+03
  -1.9494189e+03
  -1.7919496e+03
  -1.8549830e+03
  -1.8587541e+03
  -1.8828947e+03
  -1.7161993e+03
  -1.9105287e+03
  -1.9426357e+03
  -1.9264844e+03
  -1.9293842e+03
  -2.0509618e+03
  -1.8570475e+03
  -1.9354418e+03
  -1.9279398e+03
  -1.8317351e+03
  -1.9326483e+03
  -1.9901219e+03
  -1.9820559e+03
  -1.9524506e+03
  -2.0577848e+03
  -1.7603824e+03
  -1.8230578e+03
  -1.9293848e+03
  -1.8853297e+03
  -2.0868251e+03
  -1.7381915e+03
  -1.9024598e+03
  -1.8993140e+03
  -1.8810941e+03
  -2.0038038e+03
  -1.9297592e+03
  -1.9360369e+03
  -1.8163154e+03
  -1.9042262e+03
  -2.0754324e+03
  -1.9911029e+03
  -1.8125684e+03
  -1.8515628e+03
  -2.0637753e+03
  -1.9844966e+03
  -1.7821070e+03
  -1.9190343e+03
  -1.8210021e+03
  -1.9601786e+03
  -1.8416218e+03
  -1.7651199e+03
  -1.8380536e+03
  -1.8455598e+03
  -1.9325226e+03
  -1.6381182e+03
  -1.9155135e+03
  -1.9342935e+03
  -1.9142602e+03
  -1.8044454e+03
  -1.7149444e+03
  -1.6634472e+03
  -1.6123942e+03
  -1.3846339e+03
  -9.7151848e+02
  -9.0351165e+02
  -7.8179093e+02
  -6.6851582e+02
  -6.6629245e+02
  -6.4050590e+02
  -4.0044990e+02
  -5.3545371e+02
  -4.6014129e+02
  -3.3126899e+02
  -2.6678776e+02
  -1.4539629e+02
  -2.0950596e+02
  -5.5447690e+01
   1.1404646e+01
   2.1293013e+02
   1.8618441e+02
   1.5781483e+02
   2.2523040e+02
   1.8538819e+02
   1.7581821e+02
   2.3726145e+02
   2.1524108e+02
   3.2320158e+02
   2.8275531e+02
   2.8214718e+02
   3.1301544e+02
   2.5914401e+02
   3.4302618e+02
   1.8565452e+02
   2.9686435e+02
   2.3812083e+02
   2.4139698e+02
   1.4278170e+02
   1.5669268e+02
   1.9266829e+02
   1.8820684e+02
   2.9797987e+02
   3.1851804e+02
   3.7916897e+02
   1.3478920e+02
   1.5288188e+02
   1.9232366e+01
   3.6999521e+02
   3.1869438e+02
   1.8495812e+02
   7.1030688e+01
   6.8698880e+01
   1.3628655e+02
   2.0077175e+02
   3.6800325e+02
   2.7174496e+02
   2.5001526e+02
   1.8508644e+02
   2.1496132e+02
   2.0692990e+02
   1.4521931e+02
   1.4217689e+02
   9.9439666e+00
  -6.4046005e+01
   7.5385010e+01
   1.1016907e+02
   1.8100144e+02
  -9.1554000e+01
   1.0500088e+02
  -4.7064776e+01
  -6.0303806e+01
  -9.9944052e+00
  -1.9665047e+02
  -7.5433110e+01
  -8.0981061e+01
  -1.9774295e+02
  -2.0214727e+02
  -3.0545392e+02
  -2.6761875e+02
  -4.0112893e+02
  -2.9507804e+02
  -1.3119796e+02
  -3.7526932e+02
  -3.4136240e+02
  -2.4015781e+02
  -2.2624114e+02
  -2.2178073e+02
  -5.3869951e+02
  -1.8220577e+02
  -6.6042178e+02
  -3.9219556e+02
  -5.4611788e+02
  -5.0659537e+02
  -5.9421144e+02
  -5.2262625e+02
  -4.9210086e+02
  -6.2591552e+02
  -3.8379871e+02
  -4.3779224e+02
  -4.6710608e+02
  -5.2458609e+02
  -4.6531948e+02
  -4.9804041e+02
  -4.9558047e+02
  -4.9534961e+02
  -6.7832861e+02
  -5.8506676e+02
  -4.4683160e+02
  -6.0688265e+02
  -3.4665511e+02
  -7.1192010e+02
  -5.8847749e+02
  -4.6288462e+02
  -4.8323324e+02
  -5.4760640e+02
  -4.1589433e+02
  -5.3699993e+02
  -5.1694310e+02
  -4.9939945e+02
  -5.3527995e+02
  -7.3290709e+02
  -4.4157663e+02
  -5.6388512e+02
  -6.9861049e+02
  -5.9349061e+02
  -6.8347158e+02
  -5.9761224e+02
  -6.7105487e+02
  -5.0421230e+02
  -5.5176385e+02
  -7.6731007e+02
  -5.7746762e+02
  -6.8079832e+02
  -6.1108354e+02
  -5.7548099e+02
  -7.2107707e+02
  -5.7047433e+02
  -6.1684273e+02
  -6.0036625e+02
  -5.1529105e+02
  -4.3262540e+02
  -6.3519612e+02
  -4.3664655e+02
  -5.0688367e+02
  -6.6086391e+02
  -6.7778445e+02
  -5.1662678e+02
  -4.4341311e+02
  -3.1476850e+02
  -4.7339773e+02
  -4.0052249e+02
  -4.8434600e+02
  -3.9578031e+02
  -6.0391117e+02
  -4.0181075e+02
  -2.9307358e+02
  -3.6571841e+02
  -5.3637962e+02
  -3.5149398e+02
  -3.3328139e+02
  -3.0317478e+02
  -1.9971787e+02
  -2.3473904e+02
  -3.2052968e+02
  -2.6841304e+02
  -3.3169321e+01
  -2.6135276e+02
  -1.7151160e+02
  -9.9861542e+01
  -2.2958612e+02
  -2.8328911e+02
  -1.9453448e+02
  -1.9581038e+02
  -1.3983908e+01
  -2.0587348e+02
  -2.9644929e+02
  -1.2057993e+02
  -2.2419620e+02
  -9.0891518e+01
  -6.0849848e+01
  -2.9838294e+02
  -7.8805552e+01
  -3.5665520e+02
  -4.6825872e+01
  -2.1840207e+02
  -1.5793738e+02
  -1.3235240e+02
  -5.5099584e+01
  -3.6117584e+02
  -3.0421282e+02
  -2.4969735e+02
  -3.4007040e+02
  -3.9742732e+02
  -5.0888397e+02
  -3.6563300e+02
  -5.2953998e+02
  -5.7838667e+02
  -7.3900856e+02
  -8.5886055e+02
  -9.4105009e+02
  -1.0049037e+03
  -1.1091380e+03
  -1.1447261e+03
  -1.2172056e+03
  -1.3916910e+03
  -1.4103420e+03
  -1.5243818e+03
  -1.4566694e+03
  -1.5831889e+03
  -1.5814982e+03
  -1.5483516e+03
  -1.7094084e+03
  -1.6607029e+03
  -1.6433534e+03
  -1.5485222e+03
  -1.5847372e+03
  -1.8113076e+03
  -1.8113738e+03
  -1.8420871e+03
  -1.6928197e+03
  -1.5463111e+03
  -1.8765408e+03
  -1.8907722e+03
  -1.8439407e+03
  -1.7797595e+03
  -2.0077864e+03
  -1.7636466e+03
  -1.8231500e+03
  -1.7378670e+03
  -1.9019760e+03
  -1.7386914e+03
  -1.8460754e+03
  -1.8469352e+03
  -1.8199462e+03
  -1.7383165e+03
  -1.8492912e+03
  -2.0118867e+03
  -1.8673778e+03
  -1.8165034e+03
  -1.8540328e+03
  -1.7904483e+03
  -1.7633840e+03
  -1.8433878e+03
  -2.0081678e+03
  -1.6954807e+03
  -1.7615582e+03
  -1.9366926e+03
  -1.9066144e+03
  -1.8338943e+03
  -1.7434588e+03
  -1.7793757e+03
  -1.8095789e+03
  -2.0331771e+03
  -1.8185472e+03
  -1.7924087e+03
  -2.0465162e+03
  -1.8889105e+03
  -2.0230908e+03
  -2.0434039e+03
  -1.8659232e+03
  -1.8553536e+03
  -1.8686216e+03
  -1.9265073e+03
  -1.9876091e+03
  -1.9449473e+03
  -2.0166045e+03
  -2.0378907e+03
  -1.9663670e+03
  -1.8436571e+03
  -1.7682432e+03
  -2.0199439e+03
  -1.8929742e+03
  -1.9442092e+03
  -1.7241966e+03
  -1.8851166e+03
  -1.9113600e+03
  -1.7809703e+03
  -2.0304893e+03
  -1.7577767e+03
  -1.7992364e+03
  -1.8379521e+03
  -1.7639576e+03
  -1.9913759e+03
  -1.9766847e+03
  -1.8816517e+03
  -1.8186364e+03
  -1.9452877e+03
  -1.8119100e+03
  -2.0091616e+03
  -1.9710440e+03
  -2.0382550e+03
  -1.9166546e+03
  -1.8233482e+03
  -1.9580186e+03
  -1.9294194e+03
  -1.9927046e+03
  -1.9669476e+03
  -1.9879015e+03
  -1.9838560e+03
  -1.9444491e+03
  -1.8955229e+03
  -1.8519499e+03
  -1.9860462e+03
  -1.8479398e+03
  -1.8191234e+03
  -1.8964197e+03
  -2.0077146e+03
  -2.0043487e+03
  -1.8450443e+03
  -1.8717119e+03
  -1.7638339e+03
  -1.8610479e+03
  -1.8224560e+03
  -1.9175709e+03
  -2.0105216e+03
  -1.9035389e+03
  -1.9408743e+03
  -1.8537351e+03
  -1.7638059e+03
  -1.5842638e+03
  -1.3855235e+03
  -1.3077814e+03
  -1.0721770e+03
  -1.0039213e+03
  -8.5965917e+02
  -7.7716211e+02
  -7.3060339e+02
  -6.7494121e+02
  -4.6039868e+02
  -6.6597020e+02
  -5.1375159e+02
  -4.8531713e+02
  -5.4523032e+02
  -2.7805734e+02
  -2.3439746e+02
  -2.4528541e+02
   1.2909393e+01
   5.9092318e+01
  -3.1636232e+01
  -8.2822509e+00
   2.2161449e+02
   1.5323864e+02
   1.2441847e+02
   8.2989330e+01
   1.0206547e+02
   3.5529946e+02
   6.8048089e+01
   1.1071963e+02
   3.2265827e+02
   3.2504181e+02
   2.1452595e+02
   1.6039370e+02
   4.0913874e+02
   2.5717720e+02
   2.5415740e+02
   2.9652475e+02
   2.5241402e+02
   2.5075758e+02
   4.5842265e+02
   4.3695005e+02
   4.1728357e+02
   3.9111592e+02
   4.7175827e+02
   3.5158415e+02
   2.2706424e+02
   3.7220539e+02
   3.3429814e+02
   3.0925555e+02
   3.2646102e+02
   3.2433465e+02
   5.0679041e+02
   4.1542810e+02
   2.9699733e+02
   4.7812780e+02
   2.4396131e+02
   2.8571192e+02
   5.1797298e+02
   3.4658116e+02
   3.0893026e+02
   4.6470377e+02
   4.7629023e+02
   3.9065379e+02
   3.9454467e+02
   3.7042816e+02
   4.0768460e+02
   1.6802773e+02
   1.3726484e+02
   3.6991567e+02
   2.8131796e+02
   1.2740076e+02
   2.6485266e+02
   1.5420062e+02
   2.0582625e+02
   1.5796985e+02
   2.6780489e+02
   2.1570613e+02
   2.6277818e+02
   2.5634256e+02
   2.5546119e+02
   1.7716338e+02
   2.4640367e+02
   3.4512462e+02
   4.4251118e+01
   6.6172473e+01
   3.3435098e+02
   2.3251448e+02
   1.6402751e+02
   3.1031650e+02
   2.1664522e+02
   2.5398097e+02
   3.3598846e+02
   3.0346776e+02
   1.8523311e+02
   2.1210310e+02
   1.6652181e+02
   2.5662979e+02
   8.3932686e+01
   2.3625495e+02
   1.5384343e+02
   1.6076754e+02
   2.2906941e+02
   2.2271836e+02
   1.9765615e+02
   3.2779342e+02
   9.2331855e+01
   2.2491955e+02
   1.5249602e+02
   2.2053523e+02
   4.7920029e+02
   3.3845284e+02
   1.2120517e+02
   3.0787798e+02
   1.9413245e+02
   2.3701950e+02
   1.7853545e+02
   2.9594768e+02
   2.8541665e+02
   1.0827219e+02
  -2.7499508e+00
   2.6454368e+02
   1.0392699e+02
   1.7130020e+02
   2.4317362e+02
   2.5081736e+02
   1.3705053e+02
   1.6380272e+02
   7.2173550e+01
   1.8339818e+02
   3.4936742e+01
  -2.9541539e+01
   1.6882839e+01
  -8.3341690e+01
   1.0990817e+02
   5.0646695e+01
  -9.4164209e+01
   1.5717385e+02
  -1.4741042e+01
   7.1825803e+01
  -7.6747109e+00
   3.7270378e+01
   8.1086159e+00
   7.4548789e+01
  -1.0058956e+02
  -1.6713606e+02
  -1.3033256e+02
  -2.9594422e+01
  -1.6715161e+02
  -9.5609834e+01
  -8.3245300e+01
  -1.2045104e+02
   2.4755885e+01
  -7.0806618e+01
  -2.7831092e+02
  -2.0204196e+02
   3.5242376e+01
  -7.2907756e+01
  -7.3352813e+01
  -1.7464217e+02
   1.5148042e+01
  -9.5281192e+01
   2.8287632e+01
  -9.6385188e+01
   8.3012883e+01
  -1.5818530e+01
   1.0097085e+02
   1.7643896e+01
  -1.8677279e+02
   2.1092869e+02
  -1.2819356e+02
  -1.4875108e+02
  -9.3185046e+01
  -1.4998413e+02
  -5.5190908e+01
  -2.4943772e+02
  -2.9201985e+02
  -3.3710776e+02
  -2.3299601e+02
  -3.2171708e+02
  -3.7567220e+02
  -3.4204496e+02
  -3.6018820e+02
  -5.1534331e+02
  -5.1626655e+02
  -5.6620674e+02
  -6.9823691e+02
  -8.4586299e+02
  -7.7317200e+02
  -9.4897945e+02
  -9.4150838e+02
  -1.2242647e+03
  -1.2155526e+03
  -1.2520010e+03
  -1.3524916e+03
  -1.4584066e+03
  -1.4259931e+03
  -1.5040345e+03
  -1.6077934e+03
  -1.6783477e+03
  -1.5838608e+03
  -1.6687659e+03
  -1.7553869e+03
  -1.8337870e+03
  -1.5166460e+03
  -1.6301820e+03
  -1.5927076e+03
  -1.6606362e+03
  -1.6384617e+03
  -1.6968478e+03
  -1.8297524e+03
  -1.6491285e+03
  -1.8732840e+03
  -1.7040841e+03
  -1.8933313e+03
  -1.7079043e+03
  -1.8258452e+03
  -1.6461050e+03
  -1.8357941e+03
  -1.7619804e+03
  -1.7275829e+03
  -1.8637293e+03
  -1.8708016e+03
  -1.8333715e+03
  -1.8971550e+03
  -1.8351682e+03
  -1.9127057e+03
  -1.8826225e+03
  -1.6876252e+03
  -1.9283264e+03
  -1.6463642e+03
  -1.9166475e+03
  -1.8557619e+03
  -1.8728290e+03
  -1.8247957e+03
  -1.8614891e+03
  -1.8338495e+03
  -1.8712697e+03
  -1.7878099e+03
  -2.0644908e+03
  -1.8700582e+03
  -1.7418391e+03
  -1.8657325e+03
  -1.6799247e+03
  -1.6194967e+03
  -1.7810975e+03
  -1.7677177e+03
  -1.7118699e+03
  -1.6816393e+03
  -1.9355403e+03
  -1.8023683e+03
  -1.8943727e+03
  -1.9868579e+03
  -1.8490757e+03
  -1.8882449e+03
  -1.9992339e+03
  -2.0078007e+03
  -1.7953649e+03
  -1.9519352e+03
  -1.8536353e+03
  -1.8505895e+03
  -1.8788310e+03
  -1.7937572e+03
  -1.7937862e+03
  -1.9068368e+03
  -1.8629378e+03
  -1.7717837e+03
  -1.7744725e+03
  -1.9950712e+03
  -1.8731460e+03
  -1.8092765e+03
  -2.0180156e+03
  -1.8496290e+03
  -1.9511644e+03
  -1.8776006e+03
  -1.9502939e+03
  -2.0352697e+03
  -1.9166483e+03
  -1.9065554e+03
  -1.8400563e+03
  -1.9206800e+03
  -1.8757886e+03
  -1.9462341e+03
  -1.9213998e+03
  -1.9853948e+03
  -1.8641756e+03
  -1.9833340e+03
  -1.9605927e+03
  -1.8644387e+03
  -1.9820379e+03
  -1.7392261e+03
  -1.7034933e+03
  -1.8987540e+03
  -1.9455407e+03
  -1.8296399e+03
  -1.8061578e+03
  -1.9003160e+03
  -1.7701176e+03
  -1.7598468e+03
  -1.9164569e+03
  -1.7551718e+03
  -1.8588419e+03
  -1.7032347e+03
  -1.7374227e+03
  -1.7744339e+03
  -1.5721733e+03
  -1.3359665e+03
  -1.4056474e+03
  -9.5994392e+02
  -8.1126792e+02
  -7.8481661e+02
  -6.2680019e+02
  -4.5544134e+02
  -4.7483146e+02
  -6.2376968e+02
  -4.1671886e+02
  -3.3458980e+02
  -4.2652414e+02
  -4.0938495e+02
  -1.8281395e+02
  -2.1638764e+02
  -2.2425806e+02
   1.1200550e+00
  -5.1397061e+01
   1.8454698e+02
   9.6455619e+01
   1.7648646e+02
   2.2093351e+02
   3.1309553e+02
   2.1160249e+02
   1.3147885e+02
   2.1999956e+02
   2.1063410e+02
   1.8495181e+02
   2.6764945e+02
   2.8899085e+02
   1.8135547e+02
   2.8039364e+02
   1.3645839e+02
   1.6039937e+02
   3.1388468e+02
   3.3489578e+02
   1.4309043e+02
   2.7425787e+02
   1.8209856e+02
   2.4866963e+02
   2.0893077e+02
   1.4612485e+02
   3.5311593e+02
   2.9676352e+02
   2.2546617e+02
   2.4911434e+02
   2.0370953e+02
   3.3111079e+02
   2.2734461e+02
   3.4394094e+02
   2.7776055e+02
   2.1116683e+02
   1.4008676e+02
   2.4663603e+02
   2.9895866e+02
   7.4039641e+01
   2.5754286e+02
   1.1087325e+02
   2.1382320e+02
   2.4583243e+02
   3.3342848e+02
   1.6579919e+02
   1.3003550e+02
   7.6123548e+01
   6.7561253e-01
   1.7145454e+02
   2.4655616e+01
   7.8676438e+01
   9.8349685e+01
   8.2245998e+01
   9.2027352e+01
   9.1984170e+01
   1.2850869e+02
   6.9970281e+01
  -5.6647884e+00
   5.4756042e+01
   1.3169534e+00
   1.8748181e+01
   4.9002110e+01
   6.6619906e+01
   4.9198108e+01
   8.5590982e+01
  -3.9659989e+01
   1.5955965e+01
   1.2906109e+02
   2.0343260e+02
   7.5370842e+01
   1.4651539e+02
  -1.5778570e+02
   2.1653337e+01
   1.0146001e+02
   9.5482947e+01
  -8.2208412e+01
   6.0788171e+00
   2.0410550e+01
   2.5873473e+01
  -9.6743395e+01
  -1.0482816e+02
  -2.3320068e+02
  -1.0016820e+02
  -1.0703728e+02
   5.9353773e+01
   6.3762789e+00
  -8.5687325e+01
  -1.9949092e+02
  -2.3671828e+02
  -1.9633347e+02
  -1.1243299e+02
  -1.8300509e+02
  -1.0620904e+02
  -1.7956207e+01
  -1.3390321e+02
  -2.1843556e+02
  -1.5766253e+02
  -2.1889566e+02
  -2.0464466e+02
  -2.2403821e+02
  -2.0827633e+02
  -3.8610827e+02
  -6.8121101e+01
  -3.0917046e+02
  -2.2381189e+02
  -2.7366268e+02
  -3.0920916e+02
  -1.7878839e+02
  -2.4754255e+02
  -2.0613694e+02
  -4.4820861e+02
  -4.8058516e+02
  -1.9890777e+02
  -3.2847380e+02
  -2.8981982e+02
  -3.2784325e+02
  -4.2940763e+02
  -3.2467726e+02
  -2.6082062e+02
  -3.2030142e+02
  -3.6789082e+02
  -4.3111378e+02
  -3.4980418e+02
  -3.5321720e+02
  -4.9896306e+02
  -3.0791333e+02
  -2.4444461e+02
  -2.4124557e+02
  -2.4452103e+02
  -1.8995562e+02
  -3.3693835e+02
  -3.2100633e+02
  -2.5320162e+02
  -1.1452877e+02
  -2.8459544e+02
  -2.5206892e+01
  -1.6443304e+02
  -2.0298795e+02
   7.5338704e+01
  -6.0380661e+01
   3.5049332e+01
  -1.1285283e+02
  -1.6203688e+02
  -1.0327700e+02
   2.7398047e+01
   1.7592057e+01
   1.1462698e+02
  -5.8925105e+01
  -1.5741884e+02
   8.5235708e+01
  -7.5997650e+01
   1.3774042e+01
  -1.7479169e+01
  -8.3852113e+01
  -9.4541750e+01
   6.1565228e+00
  -8.2635595e+01
  -6.1464329e+01
  -8.6849295e+00
  -8.4620307e+00
  -1.3487501e+02
   5.9266980e+01
  -1.7421556e+01
  -1.1226896e+02
   3.0727895e+01
   8.4046763e+00
  -1.7894770e+02
  -6.0953115e+01
  -1.5447775e+02
  -1.9730680e+02
  -4.8256548e+02
  -1.4123045e+02
  -3.2273234e+02
  -1.6493396e+02
  -4.0434390e+02
  -6.7042199e+02
  -4.9927818e+02
  -7.2170576e+02
  -6.5988828e+02
  -6.8210935e+02
  -7.8408466e+02
  -9.8092118e+02
  -9.8934396e+02
  -1.0238240e+03
  -1.2472621e+03
  -1.1657036e+03
  -1.4103708e+03
  -1.4541743e+03
  -1.3819780e+03
  -1.5299707e+03
  -1.6011954e+03
  -1.5521216e+03
  -1.5543625e+03
  -1.5548436e+03
  -1.5826823e+03
  -1.6797243e+03
  -1.7090871e+03
  -1.7725495e+03
  -1.8145047e+03
  -1.6992622e+03
  -1.7905513e+03
  -1.7236224e+03
  -1.7292537e+03
  -1.8309902e+03
  -1.8236927e+03
  -1.8819506e+03
  -1.9074211e+03
  -1.7264005e+03
  -1.9421773e+03
  -1.7388699e+03
  -1.8423008e+03
  -1.8131377e+03
  -1.8416210e+03
  -1.7254945e+03
  -1.8320301e+03
  -1.8320581e+03
  -1.8977887e+03
  -1.9302566e+03
  -1.9081953e+03
  -1.9477715e+03
  -1.7721271e+03
  -1.9753857e+03
  -1.8801335e+03
  -1.6802587e+03
  -1.6612780e+03
  -1.6875936e+03
  -1.9406969e+03
  -1.7414549e+03
  -1.8307199e+03
  -1.6272663e+03
  -1.8215895e+03
  -1.8717312e+03
  -1.6510919e+03
  -1.8534786e+03
  -1.9079213e+03
  -1.7500141e+03
  -1.7491207e+03
  -1.9282729e+03
  -1.8966403e+03
  -1.7980835e+03
  -1.7517905e+03
  -1.8016584e+03
  -1.8394358e+03
  -1.9297202e+03
  -1.7489129e+03
  -1.9655737e+03
  -1.8366324e+03
  -1.7178701e+03
  -1.8590491e+03
  -1.7867746e+03
  -1.7635808e+03
  -1.9171497e+03
  -1.9504868e+03
  -1.9162817e+03
  -1.9401332e+03
  -1.8867562e+03
  -1.9195019e+03
  -1.7053234e+03
  -1.9085520e+03
  -1.8488450e+03
  -2.0504568e+03
  -1.9522202e+03
  -1.9777626e+03
  -1.8290778e+03
  -1.8249851e+03
  -1.8420280e+03
  -1.9806908e+03
  -2.0109053e+03
  -1.8379885e+03
  -1.7891128e+03
  -1.7637745e+03
  -2.0091439e+03
  -1.8579861e+03
  -1.8479071e+03
  -1.8335954e+03
  -1.9442441e+03
  -1.9209997e+03
  -1.9048964e+03
  -1.9680798e+03
  -2.0070703e+03
  -1.6809614e+03
  -1.9157761e+03
  -1.9926063e+03
  -2.0601888e+03
  -1.8257269e+03
  -1.8515668e+03
  -1.8516620e+03
  -1.8509169e+03
  -1.9150618e+03
  -1.8887436e+03
  -2.0200143e+03
  -1.9085524e+03
  -1.9865661e+03
  -2.0461601e+03
  -1.8770532e+03
  -1.9878808e+03
  -1.9528943e+03
  -1.9752142e+03
  -1.8946829e+03
  -1.8275692e+03
  -2.0113055e+03
  -1.8087886e+03
  -1.7257188e+03
  -1.7901217e+03
  -1.8417552e+03
  -1.6244376e+03
  -1.5761042e+03
  -1.4673758e+03
  -1.2839658e+03
  -1.4454057e+03
  -1.1015945e+03
  -6.8293977e+02
  -6.7513736e+02
  -7.5158710e+02
  -8.0073247e+02
  -7.9415897e+02
  -6.1774010e+02
  -6.9133205e+02
  -6.4122019e+02
  -4.3429746e+02
  -2.5098825e+02
  -1.6267328e+02
  -1.7739076e+02
  -1.3725939e+02
  -7.1761687e+01
  -9.9109536e-01
   1.4923469e+01
   1.3636060e+02
   2.3482893e+01
   2.1871735e+02
   1.2056518e+02
   3.4146731e+02
   3.3804512e+02
   1.9686415e+02
   2.3515751e+02
   2.9554034e+02
   3.8335086e+02
   3.1885159e+02
   3.1222981e+02
   3.9624630e+02
   1.9088002e+02
   3.4555888e+02
   4.5671204e+02
   2.0366974e+02
   5.2496928e+02
   3.3964934e+02
   3.1878630e+02
   2.7986310e+02
   3.3724433e+02
   3.1425875e+02
   2.9256234e+02
   2.6723325e+02
   2.6399799e+02
   2.4173041e+02
   2.8783189e+02
   2.6226212e+02
   3.3975406e+02
   4.1669544e+02
   2.4910101e+02
   1.4204646e+02
   1.5936271e+02
   2.3256593e+02
   2.6346789e+02
   1.3394550e+02
   2.0374467e+02
   3.2579122e+02
   2.3062874e+02
   2.2368232e+02
   3.2006327e+02
   1.5205807e+02
   1.0559581e+02
   1.8422980e+02
   2.1259334e+02
   2.0037309e+02
   3.6289287e+01
  -4.3980698e+01
   9.7225699e+01
  -7.9421182e+00
   1.9244504e+02
   1.8004875e+02
  -1.2458392e+02
  -5.6962773e+01
  -1.3983993e+02
   3.3062397e+01
   4.9666951e+01
  -9.1344884e+01
  -1.7623626e+02
  -7.3048207e+01
  -2.2089100e+02
  -9.8109103e+01
  -1.1888274e+02
  -1.5462617e+02
  -1.3799481e+02
  -3.3318548e+02
  -2.6602486e+02
  -2.9533157e+02
  -2.7071276e+02
  -3.4243167e+02
  -3.3683576e+02
  -2.9049608e+02
  -3.4481833e+02
  -4.8515830e+02
  -4.7937396e+02
  -2.8761999e+02
  -5.4920450e+02
  -3.9757713e+02
  -4.9059339e+02
  -4.9961204e+02
  -3.7292998e+02
  -5.8287727e+02
  -6.4011718e+02
  -4.4940300e+02
  -4.7911913e+02
  -5.5186078e+02
  -5.9880618e+02
  -5.9242969e+02
  -5.5032229e+02
  -4.5614611e+02
  -4.5264883e+02
  -6.3171462e+02
  -6.1367545e+02
  -6.5473173e+02
  -5.5221661e+02
  -4.0929207e+02
  -5.4237495e+02
  -5.2888874e+02
  -3.7557936e+02
  -6.6765567e+02
  -6.4879676e+02
  -5.8286998e+02
  -5.8830903e+02
  -4.8074621e+02
  -4.9804268e+02
  -5.6429860e+02
  -5.9694936e+02
  -4.5735673e+02
  -4.8303651e+02
  -3.4010623e+02
  -4.1545924e+02
  -4.1978210e+02
  -5.1848531e+02
  -3.2309351e+02
  -3.7701548e+02
  -3.0548010e+02
  -3.0205531e+02
  -1.5303713e+02
  -3.1720228e+02
  -2.4876835e+02
  -3.3535464e+02
  -3.4390046e+02
  -2.8863882e+02
  -2.1781723e+02
  -4.4580868e+02
  -2.0825982e+02
  -3.1954656e+02
  -2.7217535e+02
  -1.7463414e+02
  -2.4947479e+02
  -8.5906645e+01
  -4.7615138e+01
  -1.5266659e+02
  -2.3546316e+02
  -2.4250340e+02
  -2.1682282e+02
  -1.3715022e+02
  -2.6864851e+02
  -1.4551837e+02
  -2.7403815e+02
  -1.6028338e+02
  -2.7119527e+02
  -1.6496320e+02
  -3.8211472e+02
  -3.8717537e+02
  -2.3196825e+02
  -3.0441309e+02
  -3.1298980e+02
  -3.1889433e+02
  -2.6367419e+02
  -4.2134964e+02
  -4.9285246e+02
  -4.5162221e+02
  -6.3857338e+02
  -6.8981031e+02
  -6.0392937e+02
  -7.8569344e+02
  -8.7891650e+02
  -1.0670593e+03
  -8.3076402e+02
  -1.0702436e+03
  -1.1974485e+03
  -1.3081977e+03
  -1.4666390e+03
  -1.3659334e+03
  -1.7291284e+03
  -1.6317640e+03
  -1.6640480e+03
  -1.6175554e+03
  -1.7559262e+03
  -1.8449278e+03
  -1.7216271e+03
  -1.7285420e+03
  -1.7404306e+03
  -1.7219480e+03
  -1.4406571e+03
  -1.7572841e+03
  -1.7798891e+03
  -1.8168119e+03
  -1.7639117e+03
  -1.7043910e+03
  -1.8924415e+03
  -1.8984806e+03
  -1.7410541e+03
  -1.7416911e+03
  -1.7087337e+03
  -1.7542554e+03
  -1.6298024e+03
  -1.9655450e+03
  -1.7892321e+03
  -1.9689894e+03
  -1.8165551e+03
  -1.8139276e+03
  -1.7987695e+03
  -1.8389063e+03
  -1.8455803e+03
  -1.7576368e+03
  -1.8903418e+03
  -1.9610805e+03
  -1.7435219e+03
  -1.7539397e+03
  -1.8948728e+03
  -1.9400103e+03
  -1.8468127e+03
  -1.7600105e+03
  -1.8158425e+03
  -2.0008176e+03
  -1.6792394e+03
  -1.8557296e+03
  -1.8737784e+03
  -1.9877133e+03
  -1.8765333e+03
  -1.8513655e+03
  -1.9166386e+03
  -1.7789537e+03
  -1.8555705e+03
  -1.8610496e+03
  -1.7458569e+03
  -1.7067013e+03
  -2.0762675e+03
  -1.9698570e+03
  -1.7901505e+03
  -1.8760256e+03
  -1.8071966e+03
  -1.8800789e+03
  -1.8296213e+03
  -1.8123572e+03
  -1.9193426e+03
  -1.8341448e+03
  -1.8780752e+03
  -1.8703311e+03
  -1.9007545e+03
  -1.7558691e+03
  -1.8869473e+03
  -1.7725057e+03
  -1.7674656e+03
  -1.8152121e+03
  -1.8923995e+03
  -1.9304027e+03
  -1.8393231e+03
  -1.7252301e+03
  -1.9253254e+03
  -1.8614549e+03
  -1.7505741e+03
  -2.0900120e+03
  -1.7508413e+03
  -1.9058414e+03
  -1.9524846e+03
  -2.0171906e+03
  -2.1700649e+03
  -1.7811441e+03
  -1.8125884e+03
  -1.8272769e+03
  -1.9511501e+03
  -1.9495067e+03
  -1.8805405e+03
  -2.0463978e+03
  -2.0561993e+03
  -1.9485748e+03
  -1.8643960e+03
  -1.6939622e+03
  -1.8231790e+03
  -1.8585632e+03
  -1.9016925e+03
  -1.9189261e+03
  -1.8591161e+03
  -2.1055758e+03
  -1.7971234e+03
  -1.9992335e+03
  -2.1281057e+03
  -1.9648117e+03
  -1.8996105e+03
  -1.8734732e+03
  -1.8573330e+03
  -1.9880325e+03
  -1.9813511e+03
  -1.8873973e+03
  -1.8256615e+03
  -1.8194835e+03
  -1.8859129e+03
  -1.8255105e+03
  -1.8622100e+03
  -1.7499762e+03
  -1.8220814e+03
  -1.3487469e+03
  -1.0006003e+03
  -9.9655240e+02
  -8.7849480e+02
  -8.0674270e+02
  -6.3487453e+02
  -6.8022680e+02
  -5.7610884e+02
  -5.8582276e+02
  -2.3848831e+02
  -4.4081194e+02
   4.2012789e+01
  -7.9577757e+01
  -3.7804855e+01
  -8.7206711e+01
  -7.0502472e+01
   1.1286516e+02
   1.1042343e+02
   1.5493941e+02
   2.6653227e+02
   3.0599434e+02
   3.1057202e+02
   3.5229248e+02
   1.9248932e+02
   3.2164473e+02
   3.1146673e+02
   1.1350828e+02
   1.3253319e+02
   3.4973761e+02
   2.2625303e+02
   2.4863143e+02
   1.8008622e+02
   2.9376100e+02
   2.7307161e+02
   3.1876360e+02
   3.5037990e+02
   2.1293443e+02
   3.0594269e+02
   2.6233271e+02
   3.3504296e+02
   3.1234220e+02
   3.2820604e+02
   1.9320139e+02
   1.3637415e+02
   1.1999703e+02
   2.6161080e+02
   4.2725022e+02
   2.7415512e+02
   2.3486809e+02
   1.8147586e+02
   1.9594908e+02
   2.8508812e+02
   6.6395149e+01
   1.6813197e+02
   4.6232972e+01
   6.2151427e+01
   3.8192841e+02
   8.7718664e+01
   5.8805452e+01
   6.7500691e+01
   8.0269770e+01
   1.2971125e+01
  -3.2341879e+01
  -1.9238841e+02
   5.4097799e+01
  -1.3302319e+01
  -2.1909331e+02
   3.5346911e+01
  -4.4245006e+02
  -2.7369016e+02
  -1.3934195e+02
  -2.9028177e+02
  -2.1088979e+02
  -2.9722366e+02
  -1.6293041e+02
  -2.8859353e+02
  -3.3348275e+02
  -4.6842682e+02
  -4.5792544e+02
  -6.5819520e+02
  -4.5920400e+02
  -4.9203607e+02
  -4.5457715e+02
  -3.5306510e+02
  -5.4586182e+02
  -5.5029312e+02
  -5.7083982e+02
  -4.4533863e+02
  -6.6283030e+02
  -7.0982949e+02
  -7.5879213e+02
  -5.3161407e+02
  -6.4353848e+02
  -6.8440229e+02
  -6.2922817e+02
  -7.0102473e+02
  -6.4110981e+02
  -6.3703475e+02
  -5.6814403e+02
  -5.7176362e+02
  -4.8369920e+02
  -7.3516143e+02
  -7.2911332e+02
  -6.9689187e+02
  -5.1524957e+02
  -6.8014112e+02
  -6.9110242e+02
  -7.4605295e+02
  -6.0240271e+02
  -5.9738793e+02
  -7.0899554e+02
  -7.9550299e+02
  -5.4948269e+02
  -4.5019338e+02
  -5.5877171e+02
  -5.6178508e+02
  -6.7482838e+02
  -5.5328685e+02
  -6.9933471e+02
  -4.8992680e+02
  -4.8792394e+02
  -6.0015172e+02
  -4.7625884e+02
  -5.3095674e+02
  -5.4625805e+02
  -4.8562793e+02
  -6.1648585e+02
  -5.5379863e+02
  -5.7243887e+02
  -5.0254023e+02
  -4.1525750e+02
  -5.0534787e+02
  -4.5985799e+02
  -5.2922042e+02
  -3.2359052e+02
  -4.8647679e+02
  -3.4342281e+02
  -4.7848968e+02
  -3.6847837e+02
  -1.6347829e+02
  -3.4647130e+02
  -2.2828415e+02
  -2.9298382e+02
  -3.5181857e+02
  -1.3403857e+02
  -2.7363284e+02
  -2.0323005e+02
  -2.8287683e+02
  -2.1440154e+02
  -1.1559302e+02
  -3.2851178e+02
  -1.9894042e+02
  -1.7143523e+02
  -1.7598050e+02
  -8.8155364e+01
  -1.5563252e+02
  -1.3831854e+02
  -1.8969342e+02
  -3.8629685e+01
  -2.1344405e+02
  -1.6550124e+02
  -1.3473847e+02
   9.0078750e+00
  -3.8317248e+01
  -5.4634026e+01
  -1.6240645e+01
  -1.8920149e+02
  -3.7990481e+01
  -5.9534793e+01
  -7.9673105e+01
   6.7293208e+00
   3.1524140e+01
  -1.4404720e+02
  -7.1363057e+01
  -1.6211498e+02
  -1.9868085e+01
  -1.1939738e+02
  -1.9228540e+02
  -2.9824211e+02
  -2.8486429e+02
  -3.1352765e+02
  -1.7010976e+02
  -5.6475554e+02
  -3.9585935e+02
  -6.2311221e+02
  -6.1547630e+02
  -7.7094099e+02
  -9.4177786e+02
  -7.6283765e+02
  -9.6457038e+02
  -1.0184552e+03
  -1.1652268e+03
  -1.1923895e+03
  -1.1139565e+03
  -1.1641296e+03
  -1.3738702e+03
  -1.3873082e+03
  -1.6696556e+03
  -1.5084766e+03
  -1.6855741e+03
  -1.5161363e+03
  -1.8854571e+03
  -1.6782935e+03
  -1.6655202e+03
  -1.6027048e+03
  -1.7237853e+03
  -1.8316830e+03
  -1.8923440e+03
  -1.7570157e+03
  -1.7778704e+03
  -1.6703645e+03
  -1.9216946e+03
  -1.7479912e+03
  -1.6592711e+03
  -1.9707489e+03
  -1.8268310e+03
  -1.8479894e+03
  -1.7780130e+03
  -1.8337835e+03
  -1.9039464e+03
  -1.8045607e+03
  -1.8404413e+03
  -1.7971658e+03
  -1.7680140e+03
  -1.8581713e+03
  -1.8996080e+03
  -1.6745600e+03
  -1.7489249e+03
  -1.9280805e+03
  -1.8955581e+03
  -1.8888421e+03
  -1.8445072e+03
  -1.9020280e+03
  -1.9146012e+03
  -1.8822665e+03
  -1.8317080e+03
  -1.8359511e+03
  -1.9036111e+03
  -1.7605448e+03
  -1.9366984e+03
  -1.9222807e+03
  -1.8776182e+03
  -1.8129557e+03
  -1.7767492e+03
  -1.8905748e+03
  -1.7575292e+03
  -1.7837936e+03
  -1.9539501e+03
  -1.9786692e+03
  -1.8471545e+03
  -1.9485522e+03
  -2.0675799e+03
  -1.8500075e+03
  -1.8256699e+03
  -1.9076720e+03
  -1.7408105e+03
  -1.8237935e+03
  -1.9628103e+03
  -1.9984680e+03
  -1.6899849e+03
  -1.9652563e+03
  -1.9230412e+03
  -1.8338745e+03
  -2.0400026e+03
  -2.0170553e+03
  -1.9487722e+03
  -1.7986257e+03
  -1.9864900e+03
  -1.9015839e+03
  -1.9569150e+03
  -1.8625098e+03
  -1.9291010e+03
  -2.0783483e+03
  -1.8721643e+03
  -1.8797150e+03
  -1.8946539e+03
  -1.9989085e+03
  -2.0617866e+03
  -1.9094843e+03
  -1.8722108e+03
  -1.9583398e+03
  -1.8536329e+03
  -2.0010266e+03
  -1.9895175e+03
  -1.8361965e+03
  -1.9972027e+03
  -1.8266141e+03
  -1.7758715e+03
  -1.9223924e+03
  -1.8812742e+03
  -1.7900070e+03
  -2.0486532e+03
  -1.8361955e+03
  -1.9789180e+03
  -1.9889472e+03
  -1.8979619e+03
  -1.9176666e+03
  -2.1327366e+03
  -1.9918943e+03
  -2.0112750e+03
  -1.8618897e+03
  -2.0134423e+03
  -1.9321469e+03
  -1.9739918e+03
  -1.8444556e+03
  -2.0099639e+03
  -1.8598423e+03
  -1.8720599e+03
  -1.7566798e+03
  -1.8297089e+03
  -1.8976895e+03
  -1.8400530e+03
  -1.8853902e+03
  -1.8052093e+03
  -1.8544516e+03
  -1.7496795e+03
  -1.7185287e+03
  -1.7691589e+03
  -1.8749486e+03
  -1.5888390e+03
  -1.5600325e+03
  -1.0716428e+03
  -9.5835877e+02
  -7.6496977e+02
  -9.3441413e+02
  -8.5201212e+02
  -9.1896707e+02
  -7.9883958e+02
  -7.4236677e+02
  -6.3214910e+02
  -7.2091406e+02
  -5.7428074e+02
  -4.3387401e+02
  -4.3526319e+02
  -3.5431978e+02
  -1.3465823e+02
  -2.2874120e+02
  -1.9848010e+01
  -1.2218786e+02
   3.0707926e+01
   1.6412655e+01
   4.8439188e+01
   1.3402734e+02
  -1.2484007e+01
   1.3893744e+02
   2.1900748e+02
   3.4614499e+01
   1.0550221e+02
   1.4202406e+02
   1.6800571e+02
   1.2062365e+02
   3.5004546e+02
   3.1813851e+02
   1.3436298e+02
   1.8457044e+02
   1.5252820e+02
   1.0965370e+02
   2.6442399e+02
   1.1675860e+02
   1.9077516e+02
   1.9899716e+02
   3.2159017e+02
   2.2601935e+02
   2.7271181e+02
   1.3383500e+02
   1.9021684e+02
   3.6693122e+02
   1.5528800e+02
   2.7781900e+02
   3.6890878e+02
   2.9377219e+02
   3.0916315e+02
   1.5759152e+02
   2.4928750e+02
   2.4912437e+02
   3.7163567e+02
   1.9588325e+02
   2.9877275e+02
   1.7048797e+02
   2.7934925e+02
   2.3497739e+02
   1.7743735e+02
   6.6621450e+01
   1.1427851e+02
   1.4697170e+02
   9.7826247e+01
   1.8730561e+02
   2.6511503e+01
  -6.9587407e+01
  -1.5327450e+01
  -2.3712741e+01
  -1.2460151e+01
   8.5220719e+01
  -1.5833901e+00
   1.2537100e+02
  -7.0172746e+01
  -7.4802206e+00
   2.9218357e+01
  -3.8923336e+01
  -3.1029650e+01
   7.0036777e+01
  -1.7924958e+02
  -3.8088033e+01
  -7.0672616e+01
  -5.8758352e+01
   6.4077597e+00
   6.2639027e+01
  -2.2906635e+02
  -1.2820853e+02
  -1.0286965e+02
  -2.5125933e+02
   3.4905221e+01
  -8.9052792e+01
  -2.6489451e+02
  -2.2875003e+02
  -2.1362593e+02
  -1.0410638e+02
  -1.9877810e+02
  -2.9769435e+01
  -1.3740210e+02
  -2.4722857e+01
  -1.3473558e+02
  -1.6526007e+02
  -1.7597719e+02
  -1.2861780e+02
  -2.0978840e+02
  -2.3141248e+02
  -1.4214998e+02
  -2.6769667e+01
  -1.6131863e+02
  -8.8615427e+01
  -4.6066342e+01
   3.9673926e+01
  -1.4923881e+02
   2.9869233e+01
  -3.0040713e+02
  -4.3567922e+01
  -1.6806703e+02
  -5.2908882e+00
  -2.5458345e+01
  -1.7047101e+02
  -1.0468642e+02
  -8.1988225e+01
  -1.2434797e+02
  -9.1388166e+01
  -5.7515828e+01
  -1.4809690e+01
  -1.1509071e+02
  -1.0467401e+02
  -1.9024979e+02
  -2.0334676e+02
  -7.2433666e+01
  -2.8929714e+02
  -3.2344965e+02
  -2.2965308e+02
  -1.9505924e+02
  -1.8289205e+02
  -3.2417459e+02
  -1.5912461e+02
  -5.3482440e+02
  -3.6219658e+02
  -2.5784979e+02
  -5.7520270e+02
  -2.4858643e+02
  -1.2095146e+02
  -4.5527864e+02
  -6.0645555e+02
  -3.8087802e+02
  -5.1521292e+02
  -3.2397733e+02
  -3.1800827e+02
  -1.6185598e+02
  -4.1091554e+02
  -1.6306166e+02
  -3.2301181e+02
  -3.1936428e+02
  -2.9049641e+02
  -2.8657731e+02
  -1.6717357e+02
  -2.7715464e+02
  -4.6144166e+02
  -1.4529824e+02
  -2.7743051e+02
  -2.9994808e+02
  -2.8864387e+02
  -5.9156818e+01
  -2.0274783e+02
  -2.1411683e+02
  -2.2744992e+02
  -3.2620471e+02
  -1.6864946e+02
  -1.3202709e+02
  -1.7682838e+02
  -1.6433357e+02
  -4.5123436e+02
  -2.5564052e+02
  -3.9900076e+01
  -9.4859042e+01
  -2.7731534e+02
  -1.6211262e+02
  -2.9877670e+02
  -2.4768467e+02
  -2.3699004e+02
  -2.2210628e+02
  -3.3031265e+02
  -2.9540758e+02
  -4.6262060e+02
  -5.2222754e+02
  -5.1351498e+02
  -7.0343581e+02
  -7.4706658e+02
  -7.0794130e+02
  -8.3185907e+02
  -9.5250797e+02
  -9.3072934e+02
  -1.1152931e+03
  -1.1885760e+03
  -1.3312773e+03
  -1.2237598e+03
  -1.3846344e+03
  -1.3305674e+03
  -1.5801744e+03
  -1.5415757e+03
  -1.7061832e+03
  -1.5914716e+03
  -1.8974773e+03
  -1.7469860e+03
  -1.8700918e+03
  -1.5760407e+03
  -1.8134778e+03
  -1.6482319e+03
  -1.5630094e+03
  -1.6792697e+03
  -1.8269399e+03
  -1.7778246e+03
  -1.8776235e+03
  -1.7420613e+03
  -1.7398378e+03
  -1.8722424e+03
  -1.8045595e+03
  -1.8412428e+03
  -1.8039958e+03
  -1.7497506e+03
  -1.9389592e+03
  -1.8381375e+03
  -1.6579397e+03
  -1.9284335e+03
  -1.8239703e+03
  -1.8257233e+03
  -1.8165475e+03
  -1.8854634e+03
  -1.7560116e+03
  -1.8701309e+03
  -1.7618057e+03
  -1.8166604e+03
  -1.8828339e+03
  -1.8922588e+03
  -1.8833075e+03
  -1.9546217e+03
  -1.8035441e+03
  -1.8648517e+03
  -1.6863563e+03
  -1.8071321e+03
  -1.8433391e+03
  -1.8331402e+03
  -1.9591627e+03
  -1.9927367e+03
  -1.9497711e+03
  -1.7757272e+03
  -1.7003692e+03
  -1.9883596e+03
  -1.8718904e+03
  -1.7761871e+03
  -1.7045546e+03
  -1.9131230e+03
  -1.9580281e+03
  -1.8441183e+03
  -1.8025986e+03
  -1.9136206e+03
  -1.8689993e+03
  -1.9306670e+03
  -1.8682439e+03
  -1.8487222e+03
  -1.9253796e+03
  -1.9275762e+03
  -1.8268487e+03
  -1.8213262e+03
  -1.8909451e+03
  -1.7793976e+03
  -1.8885064e+03
  -1.8896827e+03
  -1.8257449e+03
  -1.9015529e+03
  -1.8085403e+03
  -1.7444085e+03
  -1.8434088e+03
  -1.9332865e+03
  -2.0331124e+03
  -2.0270690e+03
  -2.0100874e+03
  -2.0852374e+03
  -1.9884930e+03
  -1.8373954e+03
  -1.8052375e+03
  -2.0367732e+03
  -1.9877996e+03
  -2.0403145e+03
  -1.8469778e+03
  -1.9580657e+03
  -1.8694141e+03
  -1.8639376e+03
  -1.8785591e+03
  -1.8626051e+03
  -1.8804321e+03
  -1.9460667e+03
  -1.7722434e+03
  -2.0705851e+03
  -2.0809465e+03
  -2.0331016e+03
  -1.9306471e+03
  -1.8811927e+03
  -2.0076239e+03
  -1.8608845e+03
  -1.9178121e+03
  -1.9889649e+03
  -1.8817451e+03
  -1.9644041e+03
  -1.9004236e+03
  -2.0002712e+03
  -2.0207997e+03
  -1.9840022e+03
  -2.0327500e+03
  -1.7873974e+03
  -1.9565639e+03
  -1.9788378e+03
  -1.9772273e+03
  -1.8532638e+03
  -1.9391350e+03
  -1.8808194e+03
  -1.9752986e+03
  -1.8275502e+03
  -1.7523219e+03
  -1.7227029e+03
  -1.5443992e+03
  -1.7956447e+03
  -1.3650879e+03
  -1.2080398e+03
  -1.0369227e+03
  -9.9528120e+02
  -8.7790245e+02
  -9.8774047e+02
  -7.9723117e+02
  -8.7507221e+02
  -7.4741281e+02
  -6.1832946e+02
  -5.8703966e+02
  -5.1668683e+02
  -4.5828255e+02
  -4.9893090e+02
  -2.7689220e+02
  -2.0809232e+02
  -2.7630045e+02
   4.9577595e+01
  -2.4006035e+01
  -3.4043293e+01
  -2.7417158e+01
   1.7631464e+02
   1.1617769e+02
   7.8501533e+01
   2.0075759e+02
   1.7980783e+02
   3.0313539e+02
   2.3380927e+02
   2.2640217e+02
   2.8262050e+02
   3.1798368e+02
   3.2337811e+02
   2.8861237e+02
   2.8756679e+02
   3.1234376e+02
   2.6893951e+02
   2.6060489e+02
   4.1253763e+02
   2.0631001e+02
   3.2659218e+02
   2.2000382e+02
   3.9434572e+02
   3.9036900e+02
   3.4943955e+02
   4.3308665e+02
   3.9068383e+02
   4.0929726e+02
   2.5370059e+02
   2.8928855e+02
   4.4890550e+02
   4.2491351e+02
   3.4544541e+02
   4.2222974e+02
   3.7013478e+02
   3.0446243e+02
   4.3523674e+02
   4.4259908e+02
   3.4249238e+02
   4.4329682e+02
   2.5929141e+02
   3.2461929e+02
   1.0206758e+02
   7.6401387e+01
   2.7240195e+02
   2.2470597e+02
   3.5669844e+02
   2.8229025e+02
   3.2486522e+02
   2.4658862e+02
   3.7460315e+02
   1.7506811e+02
   4.6762583e+01
   1.6447179e+02
   2.5843139e+02
   6.3613455e+01
   1.4173880e+02
   2.7787447e+02
   2.2628490e+02
   2.0589320e+02
   4.3997189e+01
   3.0654811e+01
   4.0243905e+01
   3.3715312e+02
  -4.6314104e+01
   2.3822664e+02
   2.1442415e+02
   9.8060961e+01
   1.6656777e+02
  -9.9613996e+00
  -4.9025091e+01
   1.6790573e+02
   1.2192585e+02
   1.5764518e+02
   8.2114243e+01
   2.4503099e+02
   6.9707694e+00
   9.8101065e+01
   4.5329471e+00
   2.1934687e+02
   7.6909713e+01
   9.5725062e+01
   3.9219245e+01
   1.4422326e+02
   1.1889890e+02
   1.6115291e+01
   1.1266463e+02
  -5.5114129e+01
   1.5739265e+02
   4.8541996e+01
   6.9988338e+01
  -1.5687978e+01
   6.6404488e+01
   1.4941246e+02
   2.5879621e+01
   7.0538000e+01
   1.1510951e+02
   8.2852286e+01
   2.0909617e+02
   4.1021156e+01
   9.6167218e+01
   1.3809944e+02
   5.2844513e+01
   4.0085382e+01
   3.9268753e+01
  -9.2313222e+00
   1.7941176e+01
   3.4049554e+01
   7.3078779e+01
   8.4712106e+01
   6.7567400e+00
  -1.5174202e+00
  -8.7573492e+01
   4.1698757e+01
  -1.1347654e+02
  -4.8247287e+01
  -6.2385152e+00
   2.3923154e+01
  -2.0042221e+02
  -1.1464556e+02
  -5.8562011e+01
  -4.4499329e+01
  -1.2681225e+02
  -2.3044977e+02
  -1.5865212e+02
  -1.7681288e+02
  -3.6239775e+02
  -1.3700792e+02
  -2.8051538e+02
  -1.5778432e+02
  -1.4887500e+02
  -1.4157726e+02
  -1.0185981e+02
  -6.0627055e+01
  -8.9509537e+01
  -8.4637539e+01
  -9.4957376e+01
  -1.6420203e+01
  -1.0740146e+01
  -7.0044076e+01
   1.6285126e+01
  -1.1515526e+02
   5.2946999e+01
   7.0263363e+01
   4.9684696e+01
  -9.9009340e+00
  -2.0166195e+02
  -7.4101887e+01
   2.6061061e+01
   4.9404579e+01
   7.4415411e+01
  -1.8998036e+02
   9.3801469e+01
   1.1427714e+01
  -8.4618632e+01
   1.0472192e+02
  -1.9061470e+00
  -2.2221004e+02
   8.9418432e+01
  -1.0788559e+02
  -1.3255990e+02
  -1.1908832e+02
  -1.3221962e+02
  -1.9681775e+02
  -1.1493632e+02
  -2.7911588e+02
  -1.8297261e+02
  -4.0755093e+02
  -2.0991540e+02
  -3.3614602e+02
  -2.6290171e+02
  -5.7925951e+02
  -3.1215197e+02
  -6.4383913e+02
  -7.4278952e+02
  -7.8612005e+02
  -7.0088907e+02
  -8.8947241e+02
  -9.3170065e+02
  -9.4426207e+02
  -1.1382140e+03
  -1.3199645e+03
  -1.2372017e+03
  -1.4221520e+03
  -1.3509939e+03
  -1.5407631e+03
  -1.5533651e+03
  -1.6069455e+03
  -1.5390538e+03
  -1.5279473e+03
  -1.6559830e+03
  -1.7816815e+03
  -1.7183273e+03
  -1.6598067e+03
  -1.5372748e+03
  -1.5348964e+03
  -1.8904459e+03
  -1.5840916e+03
  -1.7219208e+03
  -1.7724799e+03
  -1.8105694e+03
  -1.8122496e+03
  -1.8371498e+03
  -1.9375626e+03
  -1.8103094e+03
  -1.7742053e+03
  -1.8859036e+03
  -1.8304760e+03
  -1.8322159e+03
  -1.7992295e+03
  -1.8569911e+03
  -1.7105660e+03
  -1.7697335e+03
  -1.8715488e+03
  -1.6985152e+03
  -1.7513137e+03
  -1.9639584e+03
  -1.8558703e+03
  -1.6843505e+03
  -1.7679166e+03
  -1.8698480e+03
  -1.8826160e+03
  -1.8954669e+03
  -1.7431668e+03
  -1.8025866e+03
  -1.8019879e+03
  -1.9305287e+03
  -1.9788221e+03
  -1.8505663e+03
  -1.9666412e+03
  -1.7303137e+03
  -1.7435458e+03
  -1.8333388e+03
  -1.8449072e+03
  -1.8450659e+03
  -1.8325626e+03
  -1.9768257e+03
  -1.6978009e+03
  -1.9031872e+03
  -1.8879985e+03
  -1.9388082e+03
  -1.8387939e+03
  -1.5903501e+03
  -1.8827770e+03
  -1.7367140e+03
  -1.6534499e+03
  -1.8531597e+03
  -2.0172487e+03
  -1.9580326e+03
  -1.8191005e+03
  -1.8375777e+03
  -1.7104955e+03
  -1.7087485e+03
  -1.8057409e+03
  -1.9133089e+03
  -1.8682140e+03
  -2.0014684e+03
  -2.0849132e+03
  -1.9939813e+03
  -1.8897129e+03
  -1.9070156e+03
  -1.8736546e+03
  -1.7905324e+03
  -1.9628020e+03
  -1.9358036e+03
  -1.7905677e+03
  -1.9139668e+03
  -1.9675235e+03
  -1.9589772e+03
  -1.9451963e+03
  -1.8500678e+03
  -1.9272856e+03
  -1.8340858e+03
  -1.9840185e+03
  -1.9474967e+03
  -1.8848867e+03
  -1.8630637e+03
  -1.8974562e+03
  -1.9626728e+03
  -2.0441359e+03
  -1.9683730e+03
  -1.9222061e+03
  -1.9162277e+03
  -1.8409907e+03
  -1.8757222e+03
  -1.8871871e+03
  -1.9098625e+03
  -1.9329265e+03
  -1.7578153e+03
  -2.0813793e+03
  -1.9230262e+03
  -1.8900604e+03
  -1.7898479e+03
  -1.9994489e+03
  -1.8700590e+03
  -2.0072594e+03
  -1.7821780e+03
  -1.7256599e+03
  -1.6753446e+03
  -1.4475723e+03
  -1.4175572e+03
  -1.1176496e+03
  -1.0338729e+03
  -7.9669607e+02
  -6.8125152e+02
  -6.5463254e+02
  -7.6525420e+02
  -6.7305524e+02
  -5.6876172e+02
  -3.8375072e+02
  -5.5176017e+02
  -3.7451806e+02
  -3.4466818e+02
  -1.3792318e+02
  -1.8134445e+02
  -1.4504382e+02
  -1.1792709e+02
  -8.6364100e+01
  -6.7491162e+01
   1.4932876e+02
   9.1026991e+01
   3.2128177e+01
   3.4144976e+01
   1.2132828e+02
   1.7344523e+02
   1.3478321e+02
   1.8064460e+02
   2.3518229e+02
   1.5162276e+02
   1.0718290e+02
   3.1454099e+02
   2.3233929e+02
   1.6054079e+02
   3.2644744e+02
   2.9320832e+02
   3.6740042e+02
   4.9592082e+02
   2.6047607e+02
   1.6223902e+02
   2.4793029e+02
   1.6400236e+02
   1.7065897e+02
   3.1112471e+02
   3.3588436e+02
   1.7864963e+02
   3.7448468e+02
   2.4764775e+02
   2.9604083e+02
   3.4979389e+02
   3.5491072e+02
   2.2573509e+02
   2.2057308e+02
   3.4208321e+02
   2.2317012e+02
   8.0175994e+01
   2.7262708e+02
   2.6227223e+02
   1.7066252e+02
   2.4485089e+02
   1.7405165e+02
   2.8161040e+02
   1.4317850e+02
   8.2021406e+01
   1.5449306e+02
   2.3574158e+02
   2.8601678e+02
   2.4324189e+02
   3.5298219e+02
   2.0209972e+02
   1.8493791e+02
  -3.0854164e+01
   1.3656648e+02
   9.5390152e+01
   2.0378171e+02
   1.0851202e+02
   7.8013532e+01
  -4.3263257e+00
   1.8135779e+02
  -1.1168499e+02
  -1.1194989e+02
   8.8210401e+01
   1.9293318e+02
   1.2830591e+02
   9.1172696e+01
   1.8956464e+02
  -6.8352024e+01
   1.2560381e+02
  -7.7927535e+01
   1.6860146e+02
  -1.9567808e+02
   1.5992491e+02
   1.0231084e+02
   2.0378573e+01
   1.4033154e+01
   8.0298579e+01
   5.9005913e+00
   2.2075372e+02
  -3.8135871e+01
   1.4030317e+01
  -4.5543615e+01
   4.8913266e+01
  -9.7118284e+00
  -1.6588309e+02
  -1.2534441e+02
  -1.4440656e+01
  -2.2804132e+01
  -7.0357719e+01
   1.2124245e+02
  -3.0141957e+01
   1.1379636e+02
  -6.3893927e+00
  -1.5671307e+02
   6.1050221e+00
   3.8929329e+01
  -2.0302409e+01
  -5.9856014e+01
  -2.9990405e+01
   1.0369373e+02
  -6.7147607e+01
  -1.3881404e+02
  -1.2409054e+02
  -7.0856109e+01
  -2.5476507e+02
  -1.9865860e+02
  -1.2914647e+02
  -9.8510242e+01
   4.7450310e+01
  -2.7625809e+01
  -7.7328060e+01
  -2.0580594e+02
  -4.7157904e+01
  -1.7042405e+02
  -3.5839089e+02
  -2.8210622e+02
  -1.9709919e+02
  -2.4825403e+02
  -2.4152239e+02
  -2.6607321e+02
  -1.9697839e+02
   6.9920585e+01
  -2.2200399e+02
  -1.8169364e+02
  -3.3158836e+02
  -2.4403874e+02
  -1.7031145e+02
  -1.6682193e+02
  -2.4902520e+02
  -5.0199369e+01
  -2.4850870e+02
  -1.9464519e+02
  -1.8138083e+02
  -2.4499207e+02
  -1.7317430e+02
   7.5394339e+01
  -7.8448906e+00
   4.3646466e+01
  -1.5394579e+02
  -1.5041411e+01
  -1.5660542e+02
  -6.0578342e+01
  -1.7031136e+01
  -9.3206210e+01
  -1.0604606e+02
   8.5625012e+01
   2.3999002e+01
  -1.8630111e+02
  -1.7532590e+02
  -1.9059494e+02
  -5.3683630e+01
  -5.7613131e+01
  -1.3586187e+02
   2.2699630e+01
  -2.3044958e+02
   7.0077773e+00
  -2.9250092e+01
  -1.4525740e+02
  -1.6801412e+02
  -2.9382872e+02
  -1.2958242e+02
  -9.0465880e+01
  -2.1311644e+02
  -1.1062286e+02
  -3.5210412e+02
  -3.2123891e+02
  -3.0289581e+02
  -5.2842979e+02
  -5.8566246e+02
  -4.7410629e+02
  -5.9811941e+02
  -8.8832513e+02
  -9.0724045e+02
  -8.9754039e+02
  -1.0065104e+03
  -1.1292566e+03
  -1.1745368e+03
  -1.3174907e+03
  -1.3593223e+03
  -1.3679790e+03
  -1.3857121e+03
  -1.6325285e+03
  -1.5423259e+03
  -1.6905387e+03
  -1.4975880e+03
  -1.7146017e+03
  -1.8468266e+03
  -1.6965010e+03
  -1.7139181e+03
  -1.6054888e+03
  -1.7382640e+03
  -1.5871797e+03
  -1.6267741e+03
  -1.7569958e+03
  -1.6193900e+03
  -1.8508639e+03
  -1.6781813e+03
  -1.6892081e+03
  -1.7254332e+03
  -1.9103755e+03
  -1.8675950e+03
  -2.0302744e+03
  -1.8561265e+03
  -1.8239279e+03
  -1.7422968e+03
  -1.7799555e+03
  -1.7509524e+03
  -1.7601771e+03
  -1.8423906e+03
  -1.7548655e+03
  -1.8129064e+03
  -1.8697534e+03
  -2.1144266e+03
  -1.7879669e+03
  -1.9864714e+03
  -1.6939990e+03
  -1.7128362e+03
  -1.7698422e+03
  -1.9944253e+03
  -1.8364349e+03
  -1.9173850e+03
  -1.7416016e+03
  -1.8751805e+03
  -1.8935016e+03
  -1.7839103e+03
  -1.8380676e+03
  -1.8071605e+03
  -1.9757393e+03
  -1.9427099e+03
  -1.8394489e+03
  -1.8886111e+03
  -1.7754888e+03
  -1.9684618e+03
  -1.7755928e+03
  -1.8298463e+03
  -1.7137222e+03
  -1.8732197e+03
  -1.6764836e+03
  -1.9072944e+03
  -1.8379430e+03
  -1.8085970e+03
  -1.7151439e+03
  -1.7777425e+03
  -1.9157613e+03
  -1.7779830e+03
  -1.9073900e+03
  -1.7261752e+03
  -1.8946889e+03
  -1.7917847e+03
  -1.8457653e+03
  -1.7810689e+03
  -1.9415426e+03
  -1.9500749e+03
  -1.9613603e+03
  -1.7067288e+03
  -1.7407769e+03
  -1.7867912e+03
  -2.0814171e+03
  -1.7971843e+03
  -1.7915892e+03
  -1.8652546e+03
  -1.8325919e+03
  -1.8439993e+03
  -1.8250388e+03
  -2.0251854e+03
  -1.8485368e+03
  -1.9299433e+03
  -1.8178780e+03
  -1.8673029e+03
  -1.8881051e+03
  -1.7741696e+03
  -1.8893902e+03
  -2.0415477e+03
  -1.8750967e+03
  -1.8621286e+03
  -2.0450867e+03
  -1.9029478e+03
  -1.7921733e+03
  -1.9453837e+03
  -1.8906580e+03
  -1.8104930e+03
  -1.9034316e+03
  -1.8664720e+03
  -1.9976422e+03
  -2.0417250e+03
  -1.8561481e+03
  -1.9491205e+03
  -1.7828457e+03
  -2.0045125e+03
  -1.9677651e+03
  -1.8405173e+03
  -1.9913125e+03
  -1.9827098e+03
  -1.8768095e+03
  -1.8100083e+03
  -1.9154372e+03
  -1.7425137e+03
  -1.7758091e+03
  -1.6047949e+03
  -1.2386721e+03
  -9.7854346e+02
  -7.7380992e+02
  -7.6146564e+02
  -4.2232334e+02
  -7.1164708e+02
  -6.3921189e+02
  -5.5927393e+02
  -3.7009575e+02
  -4.2840426e+02
  -4.8208794e+02
  -1.5034002e+02
  -1.4212063e+02
  -7.4162211e+00
   8.6942693e+01
   1.3834740e+02
   9.1814672e+00
   3.5979751e+01
   1.5352979e+02
   1.0052700e+02
   2.1601538e+02
   1.9804865e+02
   2.3326676e+02
   5.8320602e+01
   1.4546875e+02
   1.9312741e+02
   3.4181004e+02
   1.6291431e+02
   2.6491935e+02
   1.6832636e+02
   2.4899175e+02
   3.2618100e+02
   3.3637937e+02
   1.5062447e+02
   2.3101126e+02
   2.1930555e+02
   2.8678605e+02
   2.8542023e+02
   3.7376158e+02
   4.2778342e+02
   2.3703112e+02
   2.2542760e+02
   2.2538119e+02
   3.8021004e+02
   4.3734463e+02
   3.4922167e+02
   3.2270133e+02
   2.7525265e+02
   3.9778009e+02
   2.7356324e+02
   3.1628571e+02
   3.5492425e+02
   2.0353601e+02
   2.9074529e+02
   2.2342986e+02
   2.8176242e+02
   2.3331171e+02
   2.5199676e+02
   1.9461065e+02
   9.8972936e+01
   2.6865659e+02
   2.1125880e+02
   1.7977750e+02
   1.5089023e+02
   2.0248909e+02
   7.5385827e+01
   1.5082474e+02
   1.4719533e+02
   1.5843326e+02
  -7.6353322e+01
  -5.0101379e+01
  -1.1712719e+01
   6.5609887e+01
   5.7626047e-01
   4.8505150e+00
   6.8379710e+01
  -1.9892465e+02
   3.0473019e+01
  -9.3433286e+01
  -1.2737130e+02
  -1.6949882e+02
  -1.3323208e+02
  -7.8702924e+01
  -1.1368896e+02
  -1.0414433e+02
  -1.8179139e+02
  -7.1695963e+01
  -2.1625349e+02
  -2.3119283e+02
  -2.1276341e+02
  -2.8663119e+02
  -2.3504028e+02
  -9.5350901e+01
  -1.5395420e+02
  -2.9865101e+02
  -1.4992780e+02
  -2.2758174e+02
  -1.4421410e+02
  -6.9979160e+01
  -1.7716530e+02
  -2.8662374e+02
  -2.9040003e+01
  -2.1342246e+02
  -2.0569226e+02
  -1.7676924e+02
  -2.3296675e+02
  -3.9898321e+02
   8.2885758e+00
  -2.0851026e+02
  -2.3802642e+02
  -1.1354297e+02
  -2.8355534e+02
  -1.0910160e+02
  -2.5842778e+02
  -3.4601307e+02
  -1.8665998e+02
  -2.4339464e+02
  -2.3470531e+02
  -3.8324313e+02
  -3.1591810e+02
  -2.5741014e+02
  -1.9540570e+02
  -2.1608063e+02
  -2.5348068e+02
  -2.3189686e+02
  -1.1681691e+02
  -2.5250158e+02
  -2.0515124e+02
  -1.3895480e+02
  -2.3234240e+02
  -7.1806145e+01
  -2.6098254e+02
  -7.9565610e+01
  -1.3719267e+02
  -1.4243088e+02
  -6.7833726e+01
  -1.7522008e+02
  -2.2512494e+02
  -1.6067567e+02
  -1.1245854e+02
  -1.3391769e+02
  -1.5836543e+02
   3.5596269e+01
  -2.1962699e+01
  -2.1270610e+02
  -1.2088648e+01
   7.7459901e+01
  -1.4038670e+02
  -1.1979495e+02
  -1.6404286e+02
  -5.0622381e+01
  -1.0012546e+02
   3.2462547e+01
  -3.0445232e+01
   1.1468221e+02
  -1.0782680e+02
   6.7578354e+00
   6.4085666e+01
   2.0708522e+02
   3.6585686e+01
  -2.5153407e+02
  -4.2698115e+01
  -5.6642469e+01
   9.5203844e+01
  -6.6294822e+01
   4.0881631e+01
  -1.1665626e+02
  -6.1664487e+01
   3.4939218e+01
  -5.1564122e+01
  -1.4285192e+02
  -1.7449574e+02
  -1.7144687e+02
  -2.5151760e+02
  -2.3438465e+02
  -1.6914304e+02
  -1.2646191e+02
  -1.7443401e+02
  -3.5863514e+02
  -6.3709849e+02
  -4.7364683e+02
  -5.9572745e+02
  -5.5251590e+02
  -7.2074746e+02
  -7.1273279e+02
  -8.1417483e+02
  -9.9636787e+02
  -1.0382969e+03
  -1.0022911e+03
  -1.1916675e+03
  -1.3418155e+03
  -1.4397341e+03
  -1.2683295e+03
  -1.4366171e+03
  -1.6267918e+03
  -1.7244615e+03
  -1.6653987e+03
  -1.5508401e+03
  -1.7271928e+03
  -1.7457455e+03
  -1.8530565e+03
  -1.8165555e+03
  -1.7187104e+03
  -1.5612314e+03
  -1.6325403e+03
  -1.4605739e+03
  -1.8379510e+03
  -1.6577091e+03
  -1.5892493e+03
  -1.5590424e+03
  -1.8450056e+03
  -1.7072981e+03
  -1.7318034e+03
  -1.7460052e+03
  -1.8499441e+03
  -1.7804332e+03
  -1.8014524e+03
  -1.7551097e+03
  -1.8312997e+03
  -1.6485902e+03
  -1.7548071e+03
  -1.7807704e+03
  -1.7796727e+03
  -1.7365996e+03
  -2.0473951e+03
  -1.9798582e+03
  -1.8185704e+03
  -1.9031146e+03
  -1.9570641e+03
  -1.7904040e+03
  -1.8678034e+03
  -1.7488650e+03
  -1.7968627e+03
  -1.8389879e+03
  -1.7919913e+03
  -1.8495673e+03
  -1.7510222e+03
  -1.6694527e+03
  -1.6470894e+03
  -1.9659868e+03
  -1.8558613e+03
  -1.7474910e+03
  -1.9282969e+03
  -1.8782679e+03
  -1.8578432e+03
  -1.7811698e+03
  -1.8359197e+03
  -1.8010860e+03
  -1.9638766e+03
  -1.7916078e+03
  -1.8000590e+03
  -1.9256414e+03
  -1.9200590e+03
  -1.8448210e+03
  -1.9780654e+03
  -1.7726866e+03
  -1.9587151e+03
  -1.8783499e+03
  -1.9110667e+03
  -1.9350746e+03
  -1.8328542e+03
  -1.9227247e+03
  -1.7844796e+03
  -1.8086947e+03
  -1.8290834e+03
  -1.8594111e+03
  -1.6645499e+03
  -1.8930168e+03
  -1.8026081e+03
  -1.8536599e+03
  -1.7997169e+03
  -2.0019636e+03
  -1.9711063e+03
  -1.9643718e+03
  -1.6514422e+03
  -2.0121832e+03
  -1.9625303e+03
  -1.6607372e+03
  -2.0669353e+03
  -2.1096708e+03
  -1.9798396e+03
  -2.0092268e+03
  -1.9884854e+03
  -1.9620482e+03
  -1.9927994e+03
  -1.9111384e+03
  -1.8957221e+03
  -1.9119573e+03
  -1.7569017e+03
  -1.8893825e+03
  -1.8759847e+03
  -1.9590555e+03
  -1.9399628e+03
  -1.9927838e+03
  -1.8452368e+03
  -1.9323108e+03
  -2.0583714e+03
  -1.8653342e+03
  -2.0408228e+03
  -2.0702047e+03
  -1.9764176e+03
  -1.9970583e+03
  -2.0903363e+03
  -1.8808852e+03
  -1.9441595e+03
  -1.9181690e+03
  -1.9908928e+03
  -1.8668695e+03
  -1.7779501e+03
  -1.8196105e+03
  -1.7737165e+03
  -1.7821506e+03
  -1.4581930e+03
  -1.3986121e+03
  -1.3046724e+03
  -1.1364188e+03
  -1.0224684e+03
  -9.0411610e+02
  -6.3988112e+02
  -7.7419252e+02
  -7.9527653e+02
  -6.4578865e+02
  -5.3596186e+02
  -6.1777639e+02
  -5.8705620e+02
  -2.5869086e+02
  -1.7605344e+02
  -2.9371272e+02
  -3.0393825e+02
  -3.2305170e+00
  -1.1974539e+02
   1.5775696e+02
   1.1305076e+00
   2.1281257e+02
   2.2029497e+02
   2.8846778e+02
   1.9041059e+02
   7.6346267e+01
   2.1095445e+02
   1.8821405e+02
   1.1532119e+02
   1.7403068e+02
   1.4032417e+02
   2.6550266e+02
   2.6631780e+02
   2.7020430e+02
   2.9583079e+02
   3.5160156e+02
   2.2767737e+02
   1.6666688e+02
   1.2323062e+02
   4.0371398e+02
   2.4408018e+02
   2.9757406e+02
   2.5421163e+02
   4.2794460e+02
   2.6136546e+02
   2.6536011e+02
   2.3418963e+02
   4.0812431e+02
   1.5598669e+02
   4.7376531e+02
   2.0649517e+02
   1.9849156e+02
   2.3872770e+02
   3.1701279e+02
   3.2937566e+02
   1.4477695e+02
   2.3440580e+02
   2.5078241e+02
   2.1104546e+02
   1.1812416e+02
   1.6459325e+02
   1.8635337e+02
   3.5397102e+02
   1.5951272e+02
   2.0103872e+01
   1.5469584e+02
   1.1671755e+02
   2.3326395e+01
   5.3416919e+01
   1.8239492e+02
   5.4769447e+01
  -4.2689210e+01
  -9.0713993e+01
  -4.7305267e+01
   2.0710545e+01
   4.3145127e+01
  -6.0137657e+01
  -1.5601711e+02
  -2.0935741e+02
  -2.8679010e+02
  -2.7787503e+02
  -1.5448634e+02
  -1.0414053e+02
  -2.4979423e+02
  -3.8788560e+02
  -1.2282927e+02
  -2.9391025e+02
  -3.4721924e+02
   1.6794818e+01
  -1.4840321e+02
  -7.1829312e+01
  -4.1122339e+02
  -2.3164087e+02
  -3.0771988e+02
  -2.5453807e+02
  -4.3839329e+02
  -3.1781439e+02
  -1.9966899e+02
  -2.6128410e+02
  -2.0059028e+02
  -3.0192214e+02
  -2.9644609e+02
  -4.4514491e+02
  -4.4523844e+02
  -3.6159470e+02
  -3.4844184e+02
  -3.7820205e+02
  -4.2941308e+02
  -4.4818154e+02
  -4.1342271e+02
  -5.4700059e+02
  -3.6711790e+02
  -4.1247629e+02
  -4.7248475e+02
  -6.1324691e+02
  -4.1222366e+02
  -4.0385392e+02
  -3.6745383e+02
  -4.2910602e+02
  -4.8679948e+02
  -4.1355192e+02
  -4.7081506e+02
  -6.2450293e+02
  -5.8728456e+02
  -3.7518327e+02
  -4.5820134e+02
  -2.5559098e+02
  -4.4054144e+02
  -3.1671308e+02
  -4.2984882e+02
  -6.2187849e+02
  -4.3606138e+02
  -4.3642752e+02
  -4.2445985e+02
  -4.7779615e+02
  -4.6193912e+02
  -3.0600088e+02
  -6.0517827e+02
  -4.7707990e+02
  -3.2420734e+02
  -4.8075502e+02
  -3.4667697e+02
  -3.3388902e+02
  -4.4876016e+02
  -4.1456444e+02
  -4.4405918e+02
  -4.1496078e+02
  -3.2292720e+02
  -1.5031801e+02
  -3.0238614e+02
  -2.8828809e+02
  -4.0672295e+01
  -1.3363445e+02
  -3.9641199e+02
  -2.0166734e+02
  -1.9235629e+02
  -5.6443324e+01
  -9.9898003e+01
  -8.4671202e+01
  -1.3008617e+02
  -1.0060807e+02
  -4.5919384e+01
  -1.1901633e+02
  -9.2396844e+01
  -1.1536023e+02
  -1.4101805e+02
   4.2662266e+01
   4.7387953e+01
  -4.3104760e+01
  -2.8439256e+02
  -1.8403236e+02
   1.1597763e+01
  -2.8785507e+01
   1.1738342e+02
  -6.6279369e+01
  -1.5153805e+02
  -1.1976658e+02
  -1.1916982e+02
  -3.3756114e+02
  -1.2186622e+02
  -1.5196678e+02
  -1.7258816e+02
  -3.3571954e+02
  -3.5044069e+02
  -3.3362186e+02
  -3.6824820e+02
  -5.5492758e+02
  -4.4400908e+02
  -5.8284464e+02
  -7.2741768e+02
  -9.0968566e+02
  -1.0036919e+03
  -1.0636137e+03
  -1.2225798e+03
  -1.2604291e+03
  -1.3820372e+03
  -1.4207016e+03
  -1.4101814e+03
  -1.2279420e+03
  -1.3371367e+03
  -1.6425416e+03
  -1.5611648e+03
  -1.6258039e+03
  -1.6888456e+03
  -1.7228914e+03
  -1.7446850e+03
  -1.7886778e+03
  -1.7161697e+03
  -1.7537554e+03
  -1.7642845e+03
  -1.7903641e+03
  -1.7555960e+03
  -1.8016628e+03
  -1.7921805e+03
  -1.7333072e+03
  -1.7980392e+03
  -1.8246741e+03
  -1.9683690e+03
  -1.6905214e+03
  -1.7815156e+03
  -1.9212195e+03
  -1.9381596e+03
  -1.7854561e+03
  -1.9049434e+03
  -1.7552635e+03
  -1.7293892e+03
  -1.6671530e+03
  -1.8437299e+03
  -1.8386940e+03
  -1.8705386e+03
  -1.8176610e+03
  -1.8387277e+03
  -1.9024229e+03
  -1.9205894e+03
  -1.7652618e+03
  -1.8574972e+03
  -1.7639699e+03
  -2.0102551e+03
  -1.9676251e+03
  -2.0678671e+03
  -1.9094185e+03
  -1.8476612e+03
  -1.9503499e+03
  -1.8806635e+03
  -1.9025204e+03
  -1.6550321e+03
  -1.8703773e+03
  -1.9648562e+03
  -1.7870601e+03
  -1.9215222e+03
  -1.6438649e+03
  -1.8415039e+03
  -1.8114984e+03
  -1.8204750e+03
  -1.7638035e+03
  -1.9040170e+03
  -1.9163599e+03
  -1.7972020e+03
  -1.7054045e+03
  -1.8554773e+03
  -1.8542855e+03
  -1.8296234e+03
  -1.9503039e+03
  -1.6354871e+03
  -1.8930787e+03
  -2.0684073e+03
  -1.9023042e+03
  -1.8797280e+03
  -1.9570757e+03
  -1.7388358e+03
  -1.8400322e+03
  -1.6668517e+03
  -2.0166468e+03
  -1.8332347e+03
  -1.8812398e+03
  -1.9630817e+03
  -1.8573640e+03
  -1.9223814e+03
  -2.0481749e+03
  -1.8309641e+03
  -1.8852144e+03
  -1.9209481e+03
  -2.0753424e+03
  -2.2003504e+03
  -1.8289635e+03
  -1.8337341e+03
  -2.0774156e+03
  -1.7627264e+03
  -1.9108276e+03
  -1.9734036e+03
  -1.7606965e+03
  -1.8235712e+03
  -1.8278108e+03
  -1.9390824e+03
  -1.9728470e+03
  -1.9140378e+03
  -1.9731751e+03
  -1.9183546e+03
  -1.8853106e+03
  -1.9547809e+03
  -1.7325775e+03
  -2.0103869e+03
  -2.0659363e+03
  -1.8607669e+03
  -2.0102381e+03
  -1.8971475e+03
  -1.8985312e+03
  -1.9769779e+03
  -1.9027430e+03
  -1.8134436e+03
  -1.8519636e+03
  -1.8296800e+03
  -1.8511257e+03
  -1.7920839e+03
  -1.8387193e+03
  -1.9358029e+03
  -1.8726787e+03
  -1.7957036e+03
  -1.6631153e+03
  -1.8184240e+03
  -1.6274408e+03
  -1.4038486e+03
  -1.1705037e+03
  -1.1392656e+03
  -9.3375181e+02
  -9.2281050e+02
  -9.1613690e+02
  -9.1086376e+02
  -1.0113567e+03
  -8.6606579e+02
  -8.5758633e+02
  -6.5605129e+02
  -7.1905976e+02
  -5.5720982e+02
  -5.1997301e+02
  -4.5229725e+02
  -2.1996649e+02
  -3.0584191e+02
  -2.0813255e+02
  -1.6707455e+02
   3.0348052e+01
  -7.4686060e+01
  -7.9017100e+01
   9.2264618e+01
  -3.1153117e+01
   1.7798776e+02
   1.2477837e+02
   1.3627376e+02
   1.1225929e+02
   1.9018057e+01
   8.9863210e+01
   2.2170136e+02
   2.2181591e+02
   1.3496685e+02
   1.5212721e+02
   1.3498820e+02
   7.2859174e+01
   1.3007316e+02
   2.2978312e+02
   2.4721306e+02
   2.9517251e+02
   2.1751138e+02
   2.6451885e+02
   2.9673850e+02
   9.6006243e+01
   2.6999797e+02
   2.3151948e+02
   3.4395849e+02
   3.7875520e+02
   3.2369853e+02
   3.5473218e+02
   3.3408861e+02
   3.9807631e+02
   3.0770640e+02
   2.7093411e+02
   2.9489915e+02
   3.1007524e+02
   2.0455596e+02
   2.8552380e+02
   3.1855741e+02
   1.8379728e+02
   3.1725123e+02
   2.9410852e+02
   1.9495276e+02
   1.4915767e+02
   3.3194600e+02
   1.3673303e+02
   2.4476125e+02
   2.3494274e+02
   2.3433462e+02
   1.0324992e+02
   1.3693326e+02
   1.8932099e+02
   2.6817360e+02
   1.3706284e+02
   2.5280429e+01
   3.0699459e+02
   2.5759763e+02
   1.2773157e+02
   1.1353714e+02
   2.5183640e+02
   2.5965777e+02
   3.1758179e+01
  -7.9597538e+01
  -3.2764827e+01
  -1.7712894e+00
   1.0283823e+02
  -1.0576776e+02
  -1.0691474e+02
   4.0721301e+00
   2.4483219e+02
   3.3768996e+01
   1.3198448e+02
   1.7258034e+02
   1.3058757e+01
  -3.6996526e+01
   3.9620364e+01
  -4.0819513e+01
   4.4035518e+01
  -2.5878014e+01
   4.7340603e+01
   1.0687085e+02
  -6.2185927e+01
  -2.9872139e+01
  -1.0197425e+02
  -9.9103478e+01
  -1.2743917e+02
  -1.3160621e+02
  -1.2246049e+02
  -1.3701041e+02
  -2.1360795e+02
  -6.9218228e+01
  -1.4399142e+02
  -1.4692376e+02
  -2.1524602e+02
  -1.9368487e+02
  -5.2479301e+01
  -1.4299574e+02
  -9.3549977e+01
  -2.0152224e+02
  -2.1615537e+02
  -1.7281847e+02
  -2.0473498e+02
  -3.4230300e+02
  -2.3639411e+02
  -1.0639497e+02
  -2.6834635e+02
  -2.9636883e+02
  -1.7836234e+02
  -2.2340627e+02
  -1.7001696e+02
  -3.4710951e+02
  -2.2504313e+02
  -1.7751683e+02
  -2.6014558e+02
  -1.4811599e+02
  -2.7034754e+02
  -1.8489021e+02
  -1.4033676e+02
  -1.9040373e+02
  -1.3438122e+02
  -2.0667497e+02
  -1.2469473e+02
  -9.5220808e+00
  -6.4598756e+01
  -2.8085832e+02
  -6.5019311e+01
  -2.1072746e+02
   9.3957580e+00
  -1.7488314e+02
  -2.1626814e+02
   5.7299372e+01
  -1.1101465e+02
  -1.7058202e+01
  -1.8784297e+02
  -9.0066757e+01
  -1.2862899e+02
   3.4676144e+01
   7.2788207e+01
  -1.5292180e+02
  -3.8625075e+01
   6.4011934e+00
   1.5428226e+01
  -1.3427121e+02
   6.5426222e+01
   6.1186368e+01
  -7.3684284e+01
  -7.0906513e+01
  -4.1431434e+01
  -2.0591982e+01
  -1.6709177e+01
   3.5594327e+01
  -1.2811397e+02
  -1.6631404e+02
  -3.0500261e+02
   4.9930803e+01
  -2.5744875e+02
  -3.3552943e+02
  -4.3373660e+02
  -3.2845038e+02
  -3.8727653e+02
  -2.9182690e+02
  -5.8438359e+02
  -5.7477955e+02
  -5.2129597e+02
  -5.3803808e+02
  -6.6671876e+02
  -7.5139674e+02
  -7.8923896e+02
  -7.8202159e+02
  -9.5429594e+02
  -1.1890227e+03
  -1.3546812e+03
  -1.2425817e+03
  -1.3536918e+03
  -1.4155687e+03
  -1.3844437e+03
  -1.5545946e+03
  -1.4914852e+03
  -1.6810450e+03
  -1.8522434e+03
  -1.6360196e+03
  -1.7541807e+03
  -1.6777982e+03
  -1.7481374e+03
  -1.5352823e+03
  -1.7524041e+03
  -1.7232546e+03
  -1.7878924e+03
  -1.8229433e+03
  -1.7025197e+03
  -1.7369022e+03
  -1.6895647e+03
  -1.7984714e+03
  -1.8139759e+03
  -1.7014717e+03
  -1.8656965e+03
  -1.9287170e+03
  -1.7383353e+03
  -1.8060661e+03
  -1.8201764e+03
  -1.7679812e+03
  -1.7512406e+03
  -1.8785440e+03
  -1.9400317e+03
  -1.9060160e+03
  -1.8036500e+03
  -1.9167145e+03
  -1.9038141e+03
  -1.8069197e+03
  -1.7096515e+03
  -1.9621464e+03
  -1.6978396e+03
  -1.7405010e+03
  -1.7970908e+03
  -1.8152063e+03
  -1.7901988e+03
  -1.8224145e+03
  -1.9281689e+03
  -1.9035241e+03
  -1.7712254e+03
  -2.0507980e+03
  -1.8011774e+03
  -1.8146572e+03
  -2.0078518e+03
  -1.9465799e+03
  -1.7490763e+03
  -1.7749887e+03
  -1.8584246e+03
  -1.7553993e+03
  -1.8771941e+03
  -1.9745806e+03
  -1.8072547e+03
  -1.9684101e+03
  -1.7817583e+03
  -1.9109882e+03
  -1.9518672e+03
  -1.9461717e+03
  -1.9038283e+03
  -1.7664409e+03
  -1.8507814e+03
  -1.8211488e+03
  -1.8867659e+03
  -1.9619549e+03
  -1.8749137e+03
  -1.8320439e+03
  -1.8078730e+03
  -1.7050527e+03
  -1.8811187e+03
  -1.9155991e+03
  -1.9172295e+03
  -1.9216960e+03
  -2.0638412e+03
  -1.9239772e+03
  -1.8737647e+03
  -1.9808775e+03
  -1.9579025e+03
  -2.0231962e+03
  -2.1647974e+03
  -2.0224857e+03
  -1.8846758e+03
  -1.9321168e+03
  -1.7693443e+03
  -1.9334411e+03
  -1.8628842e+03
  -1.9763531e+03
  -1.9028642e+03
  -1.8846264e+03
  -1.8974914e+03
  -1.9737561e+03
  -1.8566566e+03
  -1.9513665e+03
  -1.9392047e+03
  -1.8328815e+03
  -1.9745220e+03
  -1.9927235e+03
  -2.0339881e+03
  -1.8838947e+03
  -1.8904413e+03
  -1.9087781e+03
  -1.9170389e+03
  -1.8260613e+03
  -1.9268985e+03
  -1.9921025e+03
  -1.9913192e+03
  -1.9044564e+03
  -1.8918523e+03
  -1.7821915e+03
  -1.7834842e+03
  -1.8146330e+03
  -1.7901279e+03
  -1.7455705e+03
  -1.4717082e+03
  -1.1972945e+03
  -1.0595174e+03
  -7.1239100e+02
  -7.7853119e+02
  -6.8569677e+02
  -7.0000709e+02
  -5.2345838e+02
  -4.3729740e+02
  -5.1625609e+02
  -4.7268665e+02
  -4.3066134e+02
  -1.4074239e+02
  -6.7869281e+01
  -8.2415534e+01
  -1.1090209e+00
   1.3586122e+02
  -7.9564944e+01
   7.6557937e+01
   5.5140469e+01
   1.5058807e+02
   1.6897692e+02
   2.4123951e+02
   1.6227444e+02
   3.9302635e+02
   1.0377272e+02
   2.4402915e+02
   3.6609232e+02
   3.1461000e+02
   6.1345957e+02
   3.0869110e+02
   1.2769639e+02
   2.4992571e+02
   4.1029841e+02
   3.2316060e+02
   2.7976073e+02
   2.8765066e+02
   3.8560179e+02
   3.1424761e+02
   4.9401443e+02
   2.2566020e+02
   1.7040872e+02
   1.9566253e+02
   3.0199288e+02
   1.9343006e+02
   4.0873672e+02
   3.1238774e+02
   2.7483885e+02
   5.2421298e+02
   4.2351980e+02
   2.6617012e+02
   3.9756032e+02
   4.0780592e+02
   4.0368486e+02
   5.8817410e+02
   3.1553856e+02
   3.7567813e+02
   1.3661889e+02
   3.3648710e+02
   4.0234775e+02
   3.7862984e+02
   3.5709586e+02
   1.8776037e+02
   1.5117595e+02
   8.1799695e+01
   1.8358686e+02
   1.8161250e+02
   2.6304041e+02
   1.6994480e+02
   2.1768429e+02
  -1.6777942e+01
   1.3858853e+02
   1.8889585e+02
   4.9054917e+01
   1.6441854e+02
   2.7356222e+01
   1.1306460e+02
   1.2908781e+01
   3.6079185e+01
   1.3098672e+02
   2.2075364e+02
   1.2815938e+02
   2.6296768e+02
   7.0343266e+01
  -2.6413754e-01
   1.8442549e+02
  -4.7386148e+01
   1.1352659e+02
   4.6329112e+01
   8.4551774e+01
  -4.3853716e+01
   1.8210977e+02
   2.3506882e+01
   2.0544389e+02
   1.3087411e+02
   1.4669409e+02
   1.9910425e+02
   1.0312356e+02
   1.6314095e+02
  -7.3696720e+01
  -5.7835805e+01
   1.2879540e+02
   3.8593977e+01
   1.4661116e+02
   6.0444389e+01
  -1.6730588e+02
   1.6108662e+02
   6.7150204e+01
   1.2305965e+02
  -6.6954495e+01
   4.5382148e+01
   1.4320003e+02
  -1.2481475e+02
   8.7528485e+01
  -3.6848193e+00
   9.6215224e+01
   1.1969973e+02
  -1.7384710e+02
   6.8942606e+01
  -6.8515010e+01
  -9.2154162e+01
  -1.7963966e+02
   3.0216305e+00
   2.8789115e+00
   4.6611580e+01
  -1.0824077e+02
  -3.5179328e+01
  -1.1583910e+02
  -5.5324776e+01
  -6.5827955e+01
  -7.8512114e+01
  -1.7784965e+02
   6.0918638e+01
  -1.2484007e+02
   1.5045464e+01
  -3.6195016e+01
  -5.8168902e+01
  -2.0401206e+02
  -2.0741393e+02
  -2.4653861e+02
  -1.2595145e+02
  -7.9783395e+01
  -1.5785047e+02
  -1.2023695e+02
  -1.8853364e+01
  -2.6793508e+02
  -7.1146645e+00
   5.8214951e+01
  -3.9270223e+01
   1.1140355e+02
   6.2898439e+00
  -1.8302130e+02
  -5.3035046e+01
   4.7917306e+01
  -1.1733839e+02
  -9.0673799e+01
  -3.4498067e+01
   7.0273544e+01
   1.2509283e+02
  -8.6080122e-01
   1.5458294e+02
   8.1550047e+01
   5.6371975e-01
   8.9208391e+01
   1.4793612e+02
  -3.9456507e+01
   2.6234783e+01
  -1.9472101e+00
   1.2674589e+02
   1.3638052e+02
   8.4498100e+01
   7.5322730e+01
  -1.5325036e+02
  -4.6805816e+01
   6.9250155e+01
  -5.4768843e+00
  -2.2829872e+01
   4.9675680e+01
   7.3185338e+00
  -4.5519416e+01
  -8.5348316e+01
  -1.3496765e+02
   1.1626724e+02
  -1.4834955e+02
  -4.3058215e+01
  -1.4437060e+02
  -2.3852890e+02
  -3.1927966e+02
  -3.2018240e+02
  -3.5740770e+02
  -4.1848398e+02
  -5.8125701e+02
  -6.6635261e+02
  -5.5515910e+02
  -7.9708366e+02
  -6.1037033e+02
  -8.2908885e+02
  -9.1772088e+02
  -1.1379737e+03
  -1.0211759e+03
  -1.0698048e+03
  -1.0086637e+03
  -1.1952761e+03
  -1.3311355e+03
  -1.4413157e+03
  -1.4937504e+03
  -1.4458818e+03
  -1.6520460e+03
  -1.7431516e+03
  -1.6101668e+03
  -1.6299742e+03
  -1.6837860e+03
  -1.6840131e+03
  -1.7500295e+03
  -1.8354940e+03
  -1.5664626e+03
  -1.7619613e+03
  -1.6381597e+03
  -1.8803544e+03
  -1.7114859e+03
  -1.7979007e+03
  -1.7674250e+03
  -1.7030761e+03
  -1.9466841e+03
  -1.6989239e+03
  -1.4771763e+03
  -1.7823946e+03
  -1.7242496e+03
  -1.7860749e+03
  -1.7114001e+03
  -1.7394658e+03
  -1.7570682e+03
  -1.7233818e+03
  -1.7507208e+03
  -1.5773407e+03
  -1.7896746e+03
  -1.8432884e+03
  -1.8150362e+03
  -1.8562012e+03
  -1.6858212e+03
  -1.9154350e+03
  -1.8658595e+03
  -1.7855942e+03
  -2.0880293e+03
  -2.0171876e+03
  -1.9044197e+03
  -1.8089949e+03
  -1.9466132e+03
  -1.8280434e+03
  -1.7509316e+03
  -1.7992654e+03
  -1.6689111e+03
  -1.8088096e+03
  -1.9012714e+03
  -1.9218440e+03
  -1.8146204e+03
  -1.7973082e+03
  -1.8601409e+03
  -1.8515551e+03
  -1.8717787e+03
  -1.8943064e+03
  -1.8757664e+03
  -1.7911205e+03
  -1.8009743e+03
  -1.7236480e+03
  -1.8857065e+03
  -2.0080730e+03
  -1.7956807e+03
  -1.9315334e+03
  -1.7917734e+03
  -1.8459080e+03
  -1.8616698e+03
  -1.7878625e+03
  -1.8770092e+03
  -1.8774520e+03
  -1.8906709e+03
  -1.7909656e+03
  -1.8257106e+03
  -1.9616607e+03
  -1.9394138e+03
  -2.0620633e+03
  -1.9076864e+03
  -1.7757720e+03
  -2.0503204e+03
  -1.9800104e+03
  -1.8381135e+03
  -1.7474963e+03
  -1.8819600e+03
  -1.9274369e+03
  -1.9906133e+03
  -1.8993636e+03
  -1.9774490e+03
  -2.0156022e+03
  -1.9767948e+03
  -2.0521991e+03
  -2.0278019e+03
  -2.0370711e+03
  -1.9838961e+03
  -1.8214803e+03
  -2.0107525e+03
  -1.9874323e+03
  -1.7870667e+03
  -1.8801828e+03
  -1.8267372e+03
  -1.7445050e+03
  -1.8212808e+03
  -1.8086768e+03
  -1.9701490e+03
  -1.8814549e+03
  -1.8629184e+03
  -1.9863798e+03
  -1.9157687e+03
  -1.8455311e+03
  -1.9822146e+03
  -1.6691440e+03
  -1.5364025e+03
  -1.3904412e+03
  -1.3332066e+03
  -1.1815351e+03
  -8.7162582e+02
  -5.0835735e+02
  -5.3324177e+02
  -6.4714680e+02
  -4.3249003e+02
  -3.4678064e+02
  -5.2755773e+02
  -3.8100960e+02
  -4.0489269e+02
  -2.3587786e+02
  -2.6513753e+02
  -1.0748995e+02
   9.4847953e+01
   1.9275608e+01
  -6.0999315e+01
   5.3866878e+01
   1.0772766e+02
   1.8409753e+02
   1.0758694e+02
   2.1719449e+02
   1.5415785e+02
   1.1670619e+02
   2.2052458e+02
   3.2902722e+02
   2.4293450e+02
   2.1555063e+02
   6.6089757e+01
   3.0922015e+02
   2.0382732e+02
   2.4024769e+02
   3.1711476e+02
   1.7263576e+02
   4.1810390e+02
   2.4606904e+02
   2.3856765e+01
   3.6582699e+02
   3.9026443e+02
   2.6129882e+02
   2.8331954e+02
   2.7789406e+02
   5.2008829e+02
   2.3465516e+02
   3.6629393e+02
   2.3023587e+02
   3.7182860e+02
   2.3536291e+02
   2.9090609e+02
   4.5915068e+02
   2.4958044e+02
   3.8530996e+02
   1.1884886e+02
   3.7224308e+02
   3.2983441e+02
   3.8474916e+02
   4.6122262e+02
   3.5084418e+02
   1.2790494e+02
   2.4520808e+02
   3.2760096e+02
   3.2686305e+02
   3.5744534e+02
   2.2446766e+02
   2.3437118e+02
   2.9988614e+02
   1.3275332e+02
   1.1562352e+02
   1.1483186e+01
   7.5945155e+01
   1.5308352e+02
   3.8317283e+01
   1.0937109e+02
   6.0375328e+01
  -1.2549810e+01
   2.7726437e+01
   9.6824993e+01
   9.6556150e+01
   4.8961008e-01
   2.9615068e+01
  -1.0797458e+01
  -1.3940507e+02
  -6.7607131e+01
  -6.2459476e+01
  -3.0532974e+02
  -1.4863850e+02
  -8.6117887e+00
  -1.5758232e+02
  -2.1698255e+02
  -1.2746953e+02
  -1.4550906e+02
  -2.4260591e+02
  -1.3300201e+02
  -2.1322278e+02
  -2.3619435e+02
  -2.2030563e+01
  -3.1264079e+02
  -1.7075027e+02
  -2.6485942e+02
  -2.5892584e+02
  -3.0033659e+02
  -3.3722069e+02
  -2.2051823e+02
  -2.8857582e+02
  -3.5891266e+02
  -2.7797350e+02
  -4.1845505e+02
  -2.7733572e+02
  -2.8088518e+02
  -3.8624778e+02
  -4.1927679e+02
  -1.4589433e+02
  -1.0511906e+02
  -2.9509333e+02
  -2.7827160e+02
  -2.2049019e+02
  -3.3685187e+02
  -3.6582823e+02
  -2.7948428e+02
  -3.3354403e+02
  -3.0141107e+02
  -2.2559786e+02
  -1.8952537e+02
  -2.5306627e+02
  -1.9999580e+02
  -3.4821222e+02
  -1.3439415e+02
  -2.6040296e+02
  -1.9609142e+02
  -3.2556066e+02
  -2.5414108e+02
  -3.2903318e+02
  -2.6658840e+02
  -2.2925379e+02
  -3.1659046e+02
  -3.3004771e+02
  -2.6371340e+02
  -3.1121205e+02
  -1.4807588e+02
  -1.6931259e+02
  -3.4363197e+02
  -5.3628697e+01
  -7.3241739e+01
  -2.1446982e+02
  -7.8994799e+01
  -8.6900807e+01
  -6.4123741e+01
  -9.9410821e+01
  -1.7363665e+02
  -7.6707523e+01
  -8.7417223e+01
  -1.9795480e+01
   1.4815281e+02
   7.6083590e+00
  -4.8572145e-01
   2.5629102e+01
   5.5452625e+01
   1.3422652e+02
  -5.9653733e+01
   1.1755428e+02
  -2.0659122e+01
  -1.6905465e+01
  -1.0446887e+02
  -1.0950380e+02
   1.0022282e+02
  -4.7985304e+01
   1.1149572e+02
   6.6115975e+01
   4.0150118e+00
   3.8072734e+01
   1.6096432e+02
  -3.8516574e+01
  -1.0120429e+02
   2.1221872e+01
  -5.6607391e+01
  -9.2515634e+01
  -5.3712350e+01
  -3.9459221e+01
  -1.4259846e+02
  -1.2059277e+02
  -1.6474183e+02
  -1.5398369e+02
  -2.1213851e+02
  -4.1231885e+02
  -2.5907103e+02
  -4.3409708e+02
  -3.8274174e+02
  -4.1401254e+02
  -6.4936573e+02
  -5.8774804e+02
  -6.6975411e+02
  -6.4935331e+02
  -9.1711310e+02
  -1.1160382e+03
  -1.2072632e+03
  -1.1777480e+03
  -1.4289020e+03
  -1.3291664e+03
  -1.2043993e+03
  -1.4684505e+03
  -1.4954206e+03
  -1.5211882e+03
  -1.6196764e+03
  -1.5679588e+03
  -1.7011325e+03
  -1.7254518e+03
  -1.7270730e+03
  -1.7846849e+03
  -1.7293177e+03
  -1.5745975e+03
  -1.7295302e+03
  -1.7443905e+03
  -1.7619697e+03
  -1.7630883e+03
  -1.7238415e+03
  -1.7374596e+03
  -1.8283191e+03
  -1.8623357e+03
  -1.5483787e+03
  -1.8473355e+03
  -1.6636915e+03
  -1.8504029e+03
  -1.8377978e+03
  -1.7909284e+03
  -1.6670381e+03
  -1.8877238e+03
  -1.7890638e+03
  -1.8188371e+03
  -1.8793831e+03
  -1.8203195e+03
  -1.8283160e+03
  -1.6340894e+03
  -1.8045346e+03
  -1.8136862e+03
  -1.7887624e+03
  -1.8184477e+03
  -1.7515212e+03
  -1.7029431e+03
  -1.8288565e+03
  -1.8164036e+03
  -1.7902282e+03
  -1.7028881e+03
  -1.9212866e+03
  -1.8211426e+03
  -1.7843447e+03
  -1.9524603e+03
  -1.8785963e+03
  -1.9430550e+03
  -1.7721481e+03
  -1.7367165e+03
  -1.7546352e+03
  -1.9331369e+03
  -1.8322775e+03
  -1.7974308e+03
  -1.9804288e+03
  -1.8030278e+03
  -1.7238012e+03
  -1.8427453e+03
  -1.8440301e+03
  -1.8002247e+03
  -1.8912395e+03
  -1.8279819e+03
  -1.9176559e+03
  -1.9969855e+03
  -1.8826018e+03
  -1.9220098e+03
  -1.9252636e+03
  -2.0450419e+03
  -1.9672996e+03
  -1.9885871e+03
  -1.9467141e+03
  -1.8512211e+03
  -2.0440812e+03
  -1.8539706e+03
  -1.9019205e+03
  -1.7520199e+03
  -2.0641098e+03
  -1.8204163e+03
  -1.8810923e+03
  -2.0014068e+03
  -1.9320573e+03
  -1.8446611e+03
  -2.0002300e+03
  -1.8134690e+03
  -1.8736351e+03
  -1.9936041e+03
  -1.9248004e+03
  -1.8812352e+03
  -1.8802430e+03
  -1.9936989e+03
  -1.7608638e+03
  -1.8413012e+03
  -1.8000811e+03
  -1.9957526e+03
  -1.9530524e+03
  -1.9283524e+03
  -1.9181233e+03
  -2.0577745e+03
  -1.9849603e+03
  -1.9399136e+03
  -1.9773933e+03
  -1.9830383e+03
  -1.9733613e+03
  -1.9803208e+03
  -1.8688790e+03
  -1.7491037e+03
  -1.8024971e+03
  -1.9765481e+03
  -1.8358442e+03
  -1.6838677e+03
  -1.7380300e+03
  -1.8275114e+03
  -1.9938214e+03
  -1.8760412e+03
  -2.1367596e+03
  -1.9007209e+03
  -1.8838426e+03
  -1.8654346e+03
  -1.8096647e+03
  -1.5618834e+03
  -1.5637518e+03
  -1.2014532e+03
  -1.3105760e+03
  -9.9762130e+02
  -8.9106998e+02
  -7.9509091e+02
  -1.0508122e+03
  -9.1285899e+02
  -9.8732310e+02
  -7.4176810e+02
  -8.8853750e+02
  -6.4584708e+02
  -7.7084013e+02
  -5.1169905e+02
  -5.2129309e+02
  -4.7908626e+02
  -3.0905017e+02
  -2.5267639e+02
  -2.0508127e+02
  -1.1852675e+02
  -1.2953452e+02
  -2.4148117e+02
  -9.4655261e+01
  -4.0485319e+00
   4.5993055e+01
  -1.0164026e+02
   1.9227082e+02
   6.1301701e+01
   2.8023396e+00
   1.9165700e+02
   1.0187012e+02
   1.9809580e+02
   1.7054934e+02
   7.0594165e+01
   1.2953569e+02
   9.7721256e+01
   1.3417757e+02
   2.1956359e+02
   1.5191215e+02
   1.7350894e+02
   3.6773090e+02
   3.2409038e+02
   4.7653913e+02
   1.9852534e+02
   3.4154166e+02
   2.2603593e+02
   3.2059704e+02
   3.4012988e+02
   4.7246444e+02
   4.4922291e+02
   3.1936164e+02
   3.3926792e+02
   2.2192420e+02
   3.6068018e+02
   2.9924826e+02
   3.8906999e+02
   2.3954177e+02
   3.5095724e+02
   3.9817402e+02
   3.8115303e+02
   2.7269225e+02
   3.1940910e+02
   1.8952197e+02
   4.1239223e+02
   2.9263790e+02
   2.7329719e+02
   1.2346652e+02
   3.4680773e+02
   2.9653686e+02
   2.5423905e+02
   2.5456906e+02
   1.3209239e+02
   1.1729275e+02
   2.6443723e+02
   2.2080241e+02
   1.2714762e+02
   1.9881728e+02
   2.3381763e+02
   1.3222643e+02
   1.8557961e+02
   3.4268502e+02
   1.5870146e+02
   1.6262207e+02
   1.8732280e+02
   1.5976706e+02
   2.3201168e+02
   7.3241147e+01
   2.8563558e+02
   3.3053394e+02
   1.6086256e+02
   3.7739271e+02
   1.8341681e+02
   2.8414206e+02
   1.4339001e+02
   2.3976940e+02
   3.1998033e+02
   1.3874200e+02
   1.1276419e+02
   2.2868818e+02
   1.6248335e+02
   2.6814677e+01
   1.1171321e+02
   2.3605546e+02
   3.0693887e+02
   2.3455476e+02
   1.9658142e+02
  -7.0066310e+00
   2.4343594e+02
   1.3330500e+02
   1.9366720e+02
   1.7655684e+02
   1.9321632e+02
   1.8251112e+02
   1.2491485e+02
   1.4324094e+02
   1.0638392e+02
   3.0762664e+01
   7.6976173e+01
   2.0641473e+02
   1.8449294e+02
   1.7799888e+02
   2.5168862e+02
   5.7854331e+01
   1.1027910e+02
   3.8175227e+01
   7.1429725e+01
   1.2010323e+02
   1.0636607e+02
   8.8722090e+01
   3.7984414e+00
   1.0541695e+02
  -2.3890894e+01
  -1.4060893e+02
   5.1547181e+01
  -2.9949073e+01
   1.2135785e+02
   1.8291779e+02
   9.2066898e+00
  -6.3862209e+01
  -8.6569684e+00
  -4.8858535e+01
   8.5042928e+01
   2.0136633e+01
   3.7408560e+01
  -2.2759852e+01
  -8.8504994e+01
  -2.0113425e+02
   5.6157293e+01
   1.7695058e+02
  -2.3684000e+02
  -5.3546228e+01
  -1.7462068e+02
  -1.3163956e+02
   4.8134003e+01
  -1.4566735e+02
  -1.4854770e+02
  -1.6330463e+02
  -1.2288212e+02
  -1.5923611e+02
  -1.6751021e+02
  -2.6523076e+02
  -2.5398165e+02
  -7.9556643e+00
  -1.4135990e+02
  -4.4069884e+01
  -5.0182282e+01
  -7.0412730e+01
  -1.1866705e+02
  -9.8696531e+01
  -1.1121036e+02
  -2.6092767e+00
  -5.1951981e+01
  -6.6513484e+01
  -1.7658672e+02
   2.8312073e+01
  -4.6624384e+01
   3.2427424e+01
  -8.4198262e+01
  -8.1875004e+01
  -1.0354685e+02
  -1.0328597e+02
  -2.2085463e+02
  -1.4002829e+02
  -2.5234921e+02
  -2.4468488e+02
  -2.0095488e+02
  -4.1438114e+02
  -2.7372148e+02
  -4.0117341e+02
  -4.3977650e+02
  -4.3297280e+02
  -4.3239170e+02
  -6.6618085e+02
  -6.5117968e+02
  -7.6210574e+02
  -8.5574806e+02
  -8.2541698e+02
  -1.0245281e+03
  -1.1486454e+03
  -1.1233142e+03
  -1.3504934e+03
  -1.2586517e+03
  -1.2235980e+03
  -1.3968688e+03
  -1.4927432e+03
  -1.4338776e+03
  -1.6393509e+03
  -1.5539862e+03
  -1.5215955e+03
  -1.5705452e+03
  -1.6073470e+03
  -1.8489150e+03
  -1.6493841e+03
  -1.8150761e+03
  -1.7794360e+03
  -1.7846086e+03
  -1.5965116e+03
  -1.7130069e+03
  -1.8013700e+03
  -1.6201266e+03
  -1.6750770e+03
  -1.7925149e+03
  -1.7225899e+03
  -1.6649884e+03
  -1.7403087e+03
  -1.7608699e+03
  -1.7327984e+03
  -1.7973961e+03
  -1.7189553e+03
  -1.7618719e+03
  -1.7923355e+03
  -1.7275627e+03
  -1.7885459e+03
  -1.8487547e+03
  -1.8572952e+03
  -1.7577094e+03
  -1.6943084e+03
  -1.6292517e+03
  -1.9809648e+03
  -1.8447991e+03
  -1.7336552e+03
  -1.7914060e+03
  -1.8748158e+03
  -1.7519108e+03
  -2.0366487e+03
  -1.7968726e+03
  -1.7414796e+03
  -1.8995732e+03
  -1.7825946e+03
  -1.7367216e+03
  -1.7713773e+03
  -1.8680495e+03
  -1.7702554e+03
  -1.7780531e+03
  -1.8034512e+03
  -1.7602765e+03
  -1.9686818e+03
  -1.8115604e+03
  -1.8221150e+03
  -1.6245160e+03
  -1.9728051e+03
  -1.8597644e+03
  -1.9192736e+03
  -1.7011275e+03
  -1.9383103e+03
  -1.8374843e+03
  -1.9003806e+03
  -1.8615332e+03
  -1.6917406e+03
  -1.8898745e+03
  -1.7558283e+03
  -1.9665248e+03
  -1.7998834e+03
  -2.0012239e+03
  -1.9726011e+03
  -1.8628946e+03
  -1.8308819e+03
  -1.8390897e+03
  -1.7286195e+03
  -1.8361019e+03
  -1.8311204e+03
  -1.8604230e+03
  -2.0062677e+03
  -2.0844303e+03
  -1.7238933e+03
  -1.8147577e+03
  -2.0610994e+03
  -1.8657230e+03
  -1.8558575e+03
  -1.9520288e+03
  -1.9463101e+03
  -1.9122377e+03
  -1.7884226e+03
  -1.9609065e+03
  -1.9695951e+03
  -1.7684212e+03
  -1.9587891e+03
  -1.9632373e+03
  -1.9124947e+03
  -1.9313567e+03
  -1.9267780e+03
  -1.9353582e+03
  -2.0225992e+03
  -1.9510775e+03
  -1.7525273e+03
  -1.9687270e+03
  -1.9579262e+03
  -1.9120352e+03
  -1.9227933e+03
  -1.8905875e+03
  -1.7192682e+03
  -1.8023983e+03
  -2.0121411e+03
  -2.0034109e+03
  -1.9584174e+03
  -1.9695262e+03
  -2.0083185e+03
  -1.8388250e+03
  -1.7855497e+03
  -1.8412596e+03
  -1.9698292e+03
  -1.8246467e+03
  -1.7589633e+03
  -2.0574181e+03
  -1.8826969e+03
  -1.8280212e+03
  -2.0049749e+03
  -1.7259927e+03
  -1.7145788e+03
  -1.7185751e+03
  -1.4794809e+03
  -1.1795904e+03
  -1.0081229e+03
  -8.2762293e+02
  -9.1458676e+02
  -7.1149530e+02
  -8.2325514e+02
  -7.0752648e+02
  -8.9558616e+02
  -7.7050250e+02
  -7.6084635e+02
  -7.0532247e+02
  -6.0591252e+02
  -5.6093065e+02
  -3.9587325e+02
  -3.2392506e+02
  -1.5962582e+02
  -2.0684170e+02
  -1.7556771e+02
   3.6923321e+01
  -2.8120053e+00
   1.0768283e+02
   1.4288906e+02
   2.0002633e+01
  -4.6006598e+00
   7.1256457e+01
   3.0377651e+02
   1.5330242e+02
   1.9079347e+02
   7.8968904e+01
   1.8461861e+02
   2.2568889e+02
   2.4590894e+02
   2.9230837e+02
   1.7295365e+02
   1.0816412e+02
   2.0347614e+02
   2.0777659e+02
   2.8909317e+02
   3.1929622e+02
   1.1550527e+02
   2.5274460e+02
   2.8901491e+01
   1.3626863e+02
   3.0730588e+02
   2.3101024e+02
   1.5763707e+02
   2.5362673e+02
   3.4602486e+02
   2.8059522e+02
   2.9694344e+02
   3.0797470e+02
   3.1420875e+02
   1.0975608e+02
   3.3783792e+02
   1.8988910e+02
   1.6511418e+02
   4.8507542e+02
   4.3160868e+02
   3.6210253e+02
   2.8861481e+02
   2.8538241e+02
   4.1432462e+02
   2.9283784e+02
   2.6130196e+02
   9.2567853e+01
   3.6261313e+02
   3.7669769e+02
   3.0920743e+02
   2.3235961e+02
   3.5591313e+02
   1.6665051e+02
   2.5813941e+02
   1.5910392e+02
   1.4171668e+02
   3.1335852e+02
   2.5759446e+02
   2.3907091e+02
   2.0184770e+02
   7.0863023e+01
   3.5927851e+02
   2.4103065e+02
   2.3018617e+02
   2.8234345e+02
   2.8738816e+02
   1.1751578e+02
   2.4393731e+02
   3.0476636e+02
   1.4311494e+02
   2.5967783e+02
   1.5125117e+02
   2.6448152e+02
   3.6060546e+01
   1.7672593e+02
   9.6966431e+01
   2.0878414e+02
   1.1797147e+02
   1.9066931e+02
   1.7348479e+02
   5.0781471e+01
   2.2395397e+02
   2.7574727e+02
   2.5111497e+02
   3.7357221e+02
   2.2385548e+02
   1.4146877e+02
   2.6916284e+02
   7.5828269e+01
   2.4688801e+02
   1.6039066e+02
   5.6657026e+00
   2.9019464e+02
   1.6630761e+02
   2.0870922e+02
   1.3837105e+02
   5.1518669e+01
   2.7029954e+02
   1.6330836e+02
   3.1862491e+02
   7.8813822e+01
   2.4560372e+02
   3.1012573e+02
  -5.8452732e+01
   5.3041984e+01
   1.3084644e+02
   5.8709067e+01
   2.4626408e+01
   7.2068133e+01
   1.8461466e+02
   1.7044313e+00
   3.7766360e+01
   7.7968022e+01
   9.9873857e+01
   7.0970047e+01
  -4.0425986e+01
   1.7341967e+02
   1.0838868e+02
   1.4877592e+02
   3.7554283e+01
   1.6352583e+01
   1.8245327e+02
   1.5576812e+01
  -5.4780535e+01
   6.3931764e+01
  -9.3550622e+01
   1.0192239e+02
  -7.9161879e+00
   4.2412509e+01
  -8.5289609e+01
  -1.6843968e+02
  -8.3053472e+01
  -7.6368372e+01
  -3.6196176e+02
  -1.6936452e+02
  -6.1549524e+01
  -1.1850753e+02
  -7.1572034e+01
  -2.3751743e+02
  -1.9160428e+02
  -5.1116061e+01
  -1.0580762e+02
  -1.3446822e+02
  -8.8432912e+01
  -4.7299000e+01
  -9.2064285e+01
  -7.1586424e+01
   6.7567258e+00
   1.4850012e+02
  -2.9619641e+00
   6.7679461e+01
   5.2806665e+00
  -3.2811201e+01
   5.7983953e+01
   2.6277976e+01
  -4.2748364e+01
  -3.7769940e+01
  -5.1527344e+01
  -1.5757222e+02
  -7.4916898e+01
  -1.4056699e+02
  -1.2010426e+02
  -1.6392850e+02
  -9.4077665e+01
  -2.6610528e+02
  -2.2189202e+02
  -1.4521343e+02
  -7.0957207e+01
  -2.8857382e+02
  -4.5841542e+02
  -4.0946435e+02
  -4.0981589e+02
  -5.9199304e+02
  -6.3316368e+02
  -4.2973762e+02
  -5.5284789e+02
  -7.7855786e+02
  -1.0013534e+03
  -6.8101567e+02
  -8.3068434e+02
  -9.7908299e+02
  -1.1627651e+03
  -1.2741644e+03
  -1.3455512e+03
  -1.4818856e+03
  -1.3183330e+03
  -1.3084018e+03
  -1.2737245e+03
  -1.4860545e+03
  -1.4474128e+03
  -1.5838950e+03
  -1.6803194e+03
  -1.6045002e+03
  -1.7560211e+03
  -1.6812034e+03
  -1.6573413e+03
  -1.6992816e+03
  -1.6834508e+03
  -1.6258340e+03
  -1.7235558e+03
  -1.7379110e+03
  -1.7124044e+03
  -1.6776837e+03
  -1.7771086e+03
  -1.7350921e+03
  -1.7525861e+03
  -1.8358708e+03
  -1.8569678e+03
  -1.7974719e+03
  -1.6272826e+03
  -1.7797643e+03
  -1.7901410e+03
  -1.7509168e+03
  -1.8449063e+03
  -1.8883259e+03
  -1.7556838e+03
  -1.9016689e+03
  -1.9228193e+03
  -1.8885848e+03
  -1.7923531e+03
  -1.9195069e+03
  -1.8855242e+03
  -1.9044037e+03
  -1.8972232e+03
  -1.6857729e+03
  -1.8359519e+03
  -1.9037955e+03
  -1.7891889e+03
  -1.8971271e+03
  -1.8424487e+03
  -1.8613232e+03
  -1.9739884e+03
  -1.9194452e+03
  -1.8220282e+03
  -1.8739411e+03
  -1.8841237e+03
  -1.6873039e+03
  -1.7842092e+03
  -1.7199718e+03
  -1.7367821e+03
  -1.9027534e+03
  -2.0419566e+03
  -1.6876413e+03
  -1.8305284e+03
  -1.7820531e+03
  -1.8246893e+03
  -1.8937862e+03
  -1.8709670e+03
  -1.7777552e+03
  -1.8059169e+03
  -1.8096004e+03
  -1.7160898e+03
  -1.8633518e+03
  -1.9570207e+03
  -1.8609085e+03
  -1.9456757e+03
  -1.8849962e+03
  -1.9248822e+03
  -1.8214997e+03
  -1.7821806e+03
  -1.8297180e+03
  -1.8077335e+03
  -1.7883322e+03
  -1.9461882e+03
  -1.8868967e+03
  -1.9577300e+03
  -1.8826246e+03
  -1.8766911e+03
  -1.8596814e+03
  -1.9032469e+03
  -1.8601160e+03
  -1.8791528e+03
  -1.9115893e+03
  -1.8249889e+03
  -1.7904019e+03
  -1.7580668e+03
  -1.7286503e+03
  -2.0162419e+03
  -1.9876262e+03
  -1.9096299e+03
  -1.8314968e+03
  -1.9614536e+03
  -1.9635496e+03
  -1.8906983e+03
  -1.9835306e+03
  -1.9770216e+03
  -2.0555364e+03
  -1.8323334e+03
  -1.7734094e+03
  -1.8247217e+03
  -1.8249434e+03
  -1.8740705e+03
  -1.8002698e+03
  -1.7826807e+03
  -1.9883985e+03
  -1.8259011e+03
  -1.8614604e+03
  -2.1051798e+03
  -1.8115950e+03
  -1.8109406e+03
  -1.9184568e+03
  -1.8443167e+03
  -1.8458054e+03
  -1.8100790e+03
  -1.8672521e+03
  -1.5859192e+03
  -1.4670660e+03
  -1.2305177e+03
  -1.1222266e+03
  -8.1763949e+02
  -8.4158933e+02
  -6.5379342e+02
  -6.0224280e+02
  -6.0011453e+02
  -6.2929686e+02
  -4.3741638e+02
  -4.8524722e+02
  -3.9089427e+02
  -2.9574567e+02
  -5.1626008e+02
  -8.0644656e+01
  -1.1230698e+02
  -9.3670663e+01
  -3.6460699e+01
   2.0110052e+01
  -1.2921564e+02
  -2.3195176e+01
   1.7388301e+02
   6.9651203e+01
   2.0188271e+02
   8.7924959e+01
   1.2590833e+02
   8.3289996e+01
   1.5169564e+02
   1.6284543e+02
   2.5002016e+02
   2.1978123e+02
   2.1984499e+02
   2.4196725e+02
   1.2847621e+02
   2.7266387e+02
   1.5742248e+02
   6.8092353e+01
   2.9737501e+02
   3.0528139e+02
   2.0626102e+02
   2.6401820e+02
   3.9826880e+02
   3.1832462e+02
   2.7422207e+02
   1.6249689e+02
   2.3309371e+02
   4.5663307e+02
   4.2328068e+02
   3.5816405e+02
   2.8982038e+02
   3.1502093e+02
   2.7457494e+02
   3.4899434e+02
   3.4376643e+02
   3.0213169e+02
   3.3764117e+02
   2.8098906e+02
   1.9522581e+02
   3.0042964e+02
   1.4519294e+02
   2.1187194e+02
   3.1596173e+02
   3.1587122e+02
   2.2288456e+02
   2.5042088e+02
   3.6611188e+02
   2.9264897e+02
   8.3120768e+01
   3.0462076e+02
   1.4398697e+02
   1.8596629e+02
   1.0444415e+02
   1.8774769e+02
   2.7312549e+02
   4.2362746e+01
   1.7592348e+02
   1.9524950e+02
  -4.4118329e+01
   9.8242259e+01
   1.0148630e+02
   2.4083435e+01
   9.9927104e+01
   1.4586045e+02
  -7.6232990e+00
   1.2738312e+02
   1.0111768e+02
  -1.5531577e+01
   1.0017353e+02
  -6.8651020e+01
  -1.0765779e+02
  -8.5491350e+00
   1.3783359e+02
   2.8168465e+01
   1.4764940e+01
  -8.6037308e+00
  -7.9771935e+01
   6.0832254e+01
   2.9720432e+01
   2.5928897e+02
  -2.4248405e+01
  -1.5911674e+01
  -9.8055551e+01
  -4.1489823e+01
   2.8141679e+01
   3.3608192e+01
  -8.4112223e+01
  -8.9045809e+01
  -5.4869584e+01
  -1.7755103e+02
   1.1810784e+02
  -1.7550762e+02
   6.7869395e+00
  -1.0662625e+02
  -1.4287313e+02
  -1.9495245e+02
  -2.4699039e+02
   1.2278854e+02
   7.1835321e+01
  -2.3130741e+02
  -9.4816073e+01
  -1.2444573e+02
  -1.3934142e+02
  -4.6907247e+01
   3.8846338e+01
  -2.2083618e+02
  -1.7606107e+02
  -1.5145255e+02
  -2.6697158e+00
  -2.4833137e+02
  -1.4510613e+02
  -8.6716064e+01
  -1.8595484e+02
  -9.6821084e+01
  -2.6437309e+02
  -8.5447268e+01
  -9.1810369e+01
  -3.3481055e+01
  -1.4950344e+02
  -7.9869802e+01
  -2.9591889e+02
  -4.0218443e+01
  -3.7151395e+02
  -2.3813197e+02
  -2.7399075e+02
  -6.6141763e+01
  -1.4804262e+02
  -6.8238179e+01
  -1.0132666e+02
  -1.0851515e+02
  -1.2768296e+02
  -7.9440477e+01
  -1.0294731e+02
  -8.6350783e+01
   5.6320491e+01
  -1.6719600e+02
  -1.0809741e+02
  -1.3734626e+02
  -5.7310485e+01
  -7.3462963e+01
  -2.4957476e+01
   3.3177525e+01
   7.7270586e+01
  -3.5066318e+01
  -4.0854088e+01
   5.7819157e+01
  -9.1674867e+01
  -1.8129077e+01
  -1.1239564e+01
  -1.1234064e+02
   3.8514196e+00
   4.5361126e+01
   3.0403886e+01
  -3.0636870e+02
  -3.8372655e+01
  -1.9880599e+01
   6.4948793e+01
  -7.9751269e+01
  -8.1856649e+01
  -6.6167495e+01
   1.2147364e+02
  -8.1496434e+01
  -5.4029888e+01
  -3.4551477e+01
  -1.8486649e+02
   1.4838043e+00
  -1.3604780e+02
  -1.6968474e+02
  -1.7570459e+02
  -1.2033404e+02
  -2.9001693e+02
  -1.8642987e+02
  -3.0617381e+02
  -2.4307582e+02
  -4.5397869e+02
  -4.5226232e+02
  -2.9071062e+02
  -4.9382898e+02
  -2.1934719e+02
  -4.8391692e+02
  -2.7343690e+02
  -6.7883665e+02
  -7.0017964e+02
  -8.4012416e+02
  -6.7770558e+02
  -7.7129371e+02
  -9.3941040e+02
  -9.8949875e+02
  -1.1624282e+03
  -9.1137637e+02
  -1.1380076e+03
  -1.1570580e+03
  -1.3127177e+03
  -1.2725717e+03
  -1.2940178e+03
  -1.4647911e+03
  -1.4246943e+03
  -1.5062240e+03
  -1.5849469e+03
  -1.4202507e+03
  -1.6753132e+03
  -1.6946668e+03
  -1.6816690e+03
  -1.7091478e+03
  -1.6489547e+03
  -1.7408769e+03
  -1.5350103e+03
  -1.6994922e+03
  -1.6262523e+03
  -1.6320564e+03
  -1.7195718e+03
  -1.7288103e+03
  -1.7273635e+03
  -1.6774527e+03
  -1.8511154e+03
  -1.7717919e+03
  -1.6935764e+03
  -1.6884837e+03
  -1.8118452e+03
  -1.8725672e+03
  -1.6729848e+03
  -1.8359285e+03
  -1.8658390e+03
  -1.8187534e+03
  -1.7626201e+03
  -1.8784148e+03
  -1.8103047e+03
  -1.7316517e+03
  -1.8231140e+03
  -1.8854538e+03
  -1.6851472e+03
  -1.8688648e+03
  -1.8609856e+03
  -1.9311236e+03
  -1.8113867e+03
  -1.7038576e+03
  -1.9377339e+03
  -1.6943559e+03
  -1.8301499e+03
  -1.8204915e+03
  -1.8587907e+03
  -1.7605446e+03
  -1.9726051e+03
  -1.7994458e+03
  -1.8804267e+03
  -1.9835545e+03
  -1.8065916e+03
  -1.8237469e+03
  -1.8445957e+03
  -1.8245586e+03
  -1.8431330e+03
  -1.6756773e+03
  -1.9272186e+03
  -1.9964278e+03
  -1.8424540e+03
  -1.7712621e+03
  -1.7509849e+03
  -1.8212837e+03
  -2.0002063e+03
  -1.8877382e+03
  -1.9112644e+03
  -1.8895365e+03
  -1.8310885e+03
  -1.8169588e+03
  -2.0149521e+03
  -1.9289978e+03
  -1.8686129e+03
  -1.7602644e+03
  -1.8378322e+03
  -1.8816657e+03
  -1.6947912e+03
  -1.8017205e+03
  -1.7947118e+03
  -1.6961638e+03
  -1.8038058e+03
  -1.8422473e+03
  -1.9470587e+03
  -1.9348313e+03
  -1.8538385e+03
  -2.0118211e+03
  -1.8787215e+03
  -1.8068705e+03
  -1.8185111e+03
  -2.0556696e+03
  -1.9200215e+03
  -1.9290973e+03
  -1.8127157e+03
  -1.8786478e+03
  -2.0533703e+03
  -1.9457412e+03
  -2.0783988e+03
  -2.0606648e+03
  -1.8841634e+03
  -1.8286953e+03
  -1.9412521e+03
  -1.8421057e+03
  -1.7571886e+03
  -1.6875958e+03
  -1.9954548e+03
  -1.9147771e+03
  -1.9244323e+03
  -1.7337224e+03
  -1.8621726e+03
  -1.9266061e+03
  -2.0568441e+03
  -1.8819255e+03
  -1.9212577e+03
  -1.9215453e+03
  -1.8279980e+03
  -1.8687609e+03
  -1.8375757e+03
  -1.8162959e+03
  -1.9472744e+03
  -1.9216250e+03
  -1.8366309e+03
  -1.8737364e+03
  -1.6697028e+03
  -1.8062470e+03
  -1.7209554e+03
  -1.4550966e+03
  -1.6105749e+03
  -1.1734913e+03
  -1.2035148e+03
  -9.2618205e+02
  -9.0296656e+02
  -8.4528018e+02
  -9.6433037e+02
  -7.5710983e+02
  -7.3226072e+02
  -9.1805518e+02
  -5.6657358e+02
  -4.7361964e+02
  -3.6502900e+02
  -4.7904242e+02
  -3.9278158e+02
  -4.0301163e+02
  -4.3827365e+02
  -2.3746709e+02
  -1.5297702e+02
  -1.8674630e+02
  -8.5006203e+01
  -3.1818205e+02
  -3.0187786e+01
   2.1808036e+02
   4.8214780e+01
  -8.1857545e+01
  -3.2473265e+01
   7.9910387e+01
   1.1784403e+02
   5.7392036e+01
  -6.9399591e+00
   1.7979366e+02
  -1.1913729e+02
   4.6269997e+01
   2.5512853e+00
   1.2240434e+02
   3.7359818e+01
   4.0413007e+01
   8.4792731e+01
   2.8689248e+02
   2.0126396e+02
   4.5570770e+01
   7.4095946e+01
   3.4290542e+01
   9.5211447e+01
   4.1078976e+02
   2.7357574e+02
   1.9924204e+02
   2.4930222e+01
   7.4268141e+01
   5.3713147e+01
   1.6340016e+02
   2.7549015e+02
   8.3963561e+01
   6.9488598e+01
   1.7978962e+02
   2.2229018e+02
   2.6024953e+02
   2.5247609e+02
   3.1675429e+02
   2.0969417e+02
   1.7612682e+02
   2.6741369e+02
   3.0879372e+02
   2.8675756e+02
   2.3354920e+02
   3.5783495e+02
   3.1187677e+02
   2.7569348e+02
   2.3084435e+02
   3.7878478e+02
   3.1479196e+02
   1.4252375e+02
   3.6919863e+02
   3.3546222e+02
   3.5229392e+02
   2.7301522e+02
   3.7432620e+02
   3.6343237e+02
   3.0780528e+02
   3.7736314e+02
   2.1813090e+02
   9.7253672e+01
   3.2991434e+02
   3.8495272e+02
   3.3904079e+02
   5.4660829e+01
   1.1579397e+02
   2.9085287e+02
   2.2816963e+02
   7.8391723e+01
   1.1598446e+02
   1.3283755e+02
   2.6527998e+02
   1.8779667e+02
   3.1396746e+02
   1.1695751e+02
   1.5670126e+02
   1.1366926e+02
   2.2986621e+02
   1.1215996e+02
   2.0375960e+02
   1.9993419e+02
   1.1549737e+02
   2.0254320e+02
   1.0606793e+02
   2.2699201e+02
   1.0588242e+02
   1.1741225e+02
   1.3767443e+02
   4.5132459e+01
   1.3915780e+02
   1.1118371e+02
  -1.1285579e+02
   8.5234686e+00
   2.1924261e+01
   1.0501302e+02
   2.1991827e+02
   2.5308889e+02
  -4.4176080e+01
   4.4743730e+01
   5.3390701e+01
  -7.4495552e+01
   1.1944841e+02
   1.6881096e+02
   1.7660400e+02
   4.0944246e+01
   2.5805750e+02
   1.2302233e+01
   1.6680857e+02
   4.2888554e+01
   1.3503816e+02
   1.0680865e+02
  -8.5458363e+01
   7.6602608e+01
   8.4441513e+01
  -9.0030640e+01
   2.0469895e+02
   8.1676199e+01
   8.9467679e+01
   6.9542170e+01
   8.0640131e+00
   1.5441415e+02
  -2.9750925e+01
   1.4572865e+02
   1.9769570e+01
   2.7262549e+01
   1.9377674e+02
   1.3500466e+02
   1.6264008e+02
   3.7422809e+01
  -1.0592812e+02
   2.5523867e+01
  -8.1992513e+01
   6.4741564e+01
  -8.7182131e+01
  -2.9067275e+02
   3.7107488e+01
   8.8002627e+01
  -2.4752490e+01
  -7.3518489e+00
   1.1734978e+02
   1.0577386e+02
   6.5401956e+00
  -1.1885996e+02
  -4.6917975e+01
  -9.9063082e+01
  -9.9796574e+01
  -7.6941116e+01
  -5.6856522e+01
  -4.9636266e+01
  -1.4372625e+02
  -8.9003955e+01
  -1.7071818e+02
   5.0368254e+01
  -1.1146632e+02
  -2.1058138e+02
  -8.9598121e+01
  -1.3430031e+01
  -2.3807565e+02
  -6.6052130e+01
  -1.8689409e+02
  -2.0331980e+02
  -3.8572348e+02
  -2.6609658e+02
  -3.7204188e+02
  -1.2218649e+02
  -3.7526464e+02
  -2.4934155e+02
  -2.8453866e+02
  -2.8660856e+02
  -3.2068275e+02
  -4.3745960e+02
  -2.4213737e+02
  -3.9433421e+02
  -3.7037704e+02
  -6.4055122e+02
  -5.0335065e+02
  -3.4657845e+02
  -4.5384096e+02
  -5.2244004e+02
  -4.6723792e+02
  -5.1559781e+02
  -7.3745984e+02
  -5.9531369e+02
  -7.6756694e+02
  -7.9150465e+02
  -6.6655453e+02
  -7.3418862e+02
  -7.2680332e+02
  -9.3667726e+02
  -9.2193651e+02
  -1.1838761e+03
  -8.2691413e+02
  -1.0464482e+03
  -1.0710896e+03
  -1.0504691e+03
  -9.2392336e+02
  -1.2831883e+03
  -9.9066139e+02
  -1.0607000e+03
  -1.1160181e+03
  -1.1109012e+03
  -1.1517083e+03
  -1.1025726e+03
  -1.3997020e+03
  -1.1772420e+03
  -1.2116575e+03
  -1.1943808e+03
  -1.2693221e+03
  -1.2287431e+03
  -1.2751621e+03
  -1.1837511e+03
  -1.1587747e+03
  -1.2380693e+03
  -1.2870878e+03
  -1.5119045e+03
  -1.2336947e+03
  -1.4155911e+03
  -1.4050820e+03
  -1.3212702e+03
  -1.6221974e+03
  -1.5309389e+03
  -1.5707496e+03
  -1.6098227e+03
  -1.5288116e+03
  -1.5603493e+03
  -1.5909360e+03
  -1.5776341e+03
  -1.6338624e+03
  -1.4246599e+03
  -1.6765993e+03
  -1.6454153e+03
  -1.7670929e+03
  -1.5817647e+03
  -1.7611210e+03
  -1.8131940e+03
  -1.8022117e+03
  -1.6691609e+03
  -1.8473146e+03
  -1.7211142e+03
  -1.7747848e+03
  -1.8791865e+03
  -1.9507564e+03
  -1.8144419e+03
  -1.7709489e+03
  -1.7899723e+03
  -1.5603163e+03
  -1.6891889e+03
  -1.7615278e+03
  -2.0141571e+03
  -2.0979168e+03
  -1.9174275e+03
  -1.7106007e+03
  -1.7703090e+03
  -1.7730866e+03
  -1.6262477e+03
  -1.7558777e+03
  -1.8200954e+03
  -1.8135908e+03
  -1.8895905e+03
  -1.9335820e+03
  -1.7798429e+03
  -1.8578844e+03
  -1.7135965e+03
  -1.7307513e+03
  -1.9863321e+03
  -1.8656565e+03
  -1.8015853e+03
  -1.7762251e+03
  -1.9142026e+03
  -1.9318546e+03
  -1.9115451e+03
  -1.8830316e+03
  -1.7936756e+03
  -1.8022627e+03
  -2.0021813e+03
  -1.9803046e+03
  -1.8300113e+03
  -1.9905406e+03
  -2.0323283e+03
  -1.9062056e+03
  -1.8164663e+03
  -1.7974915e+03
  -1.8163227e+03
  -1.7692476e+03
  -1.7463171e+03
  -1.8108880e+03
  -1.8937619e+03
  -1.8027621e+03
  -1.8034102e+03
  -1.7591678e+03
  -1.8123483e+03
  -1.8032360e+03
  -1.8186896e+03
  -1.7443164e+03
  -1.9124363e+03
  -1.8148127e+03
  -1.9459430e+03
  -1.8699362e+03
  -1.8062882e+03
  -1.7800905e+03
  -1.9327647e+03
  -1.8109078e+03
  -1.7696240e+03
  -1.8364943e+03
  -1.9687296e+03
  -1.9881992e+03
  -1.8733314e+03
  -1.8770966e+03
  -2.0312082e+03
  -1.9266874e+03
  -1.8501890e+03
  -1.8834264e+03
  -1.8556365e+03
  -1.8120316e+03
  -1.9163521e+03
  -1.9207298e+03
  -1.8822845e+03
  -1.7183234e+03
  -1.9300791e+03
  -2.0011519e+03
  -1.9868499e+03
  -2.0103507e+03
  -1.9746228e+03
  -1.9096959e+03
  -1.9027341e+03
  -1.8782202e+03
  -1.7953610e+03
  -1.9727940e+03
  -1.8251566e+03
  -2.0031373e+03
  -1.7506353e+03
  -1.9144667e+03
  -1.8495275e+03
  -2.0179326e+03
  -1.8621439e+03
  -1.7507272e+03
  -1.7492210e+03
  -1.9171589e+03
  -1.9010866e+03
  -1.7393388e+03
  -1.7572603e+03
  -1.8994486e+03
  -1.8625592e+03
  -1.9044351e+03
  -1.9479083e+03
  -1.6662534e+03
  -1.9039592e+03
  -1.9073992e+03
  -1.9806494e+03
  -1.8509800e+03
  -1.8010821e+03
  -1.9397446e+03
  -1.8719562e+03
  -1.8948684e+03
  -1.9250042e+03
  -1.8644074e+03
  -1.5872256e+03
  -1.7861662e+03
  -1.9660593e+03
  -1.9366598e+03
  -1.9008624e+03
  -1.8157549e+03
  -1.9233866e+03
  -1.8021226e+03
  -1.9058289e+03
  -1.8455696e+03
  -1.8669933e+03
  -1.8569749e+03
  -1.8223693e+03
  -1.6816121e+03
  -1.7328675e+03
  -1.7593684e+03
  -1.5464605e+03
  -1.5241111e+03
  -1.4482522e+03
  -1.5910688e+03
  -1.5501149e+03
  -1.3156493e+03
  -1.3873661e+03
  -1.1681820e+03
  -1.1917734e+03
  -1.2476716e+03
  -1.1153499e+03
  -9.6482748e+02
  -9.8404664e+02
  -7.8134888e+02
  -7.9924452e+02
  -7.4412980e+02
  -6.6175545e+02
  -5.9623730e+02
  -6.3126975e+02
  -5.0852562e+02
  -6.0158480e+02
  -6.5404745e+02
  -6.2436282e+02
  -5.9971605e+02
  -6.1191233e+02
  -6.4309231e+02
  -5.8533497e+02
  -5.3357121e+02
  -5.8480262e+02
  -6.3235912e+02
  -6.3362759e+02
  -7.1664099e+02
  -4.9568153e+02
  -6.9115389e+02
  -4.9345321e+02
  -6.5745741e+02
  -4.1134234e+02
  -4.1702812e+02
  -6.0596666e+02
  -4.1070049e+02
  -3.1993201e+02
  -3.3408879e+02
  -5.2584031e+02
  -3.9468659e+02
  -3.3296885e+02
  -3.2747059e+02
  -2.2033189e+02
  -2.3394840e+02
  -3.8063466e+02
  -1.6528939e+02
  -2.9285547e+02
  -1.6544323e+02
  -2.4024249e+02
  -5.7599134e+01
  -1.4198913e+02
  -3.9651425e+01
   1.0656708e+02
  -1.2391159e+02
   1.6650858e+01
  -7.9356183e+01
  -6.6425939e+01
  -6.3039168e+01
  -4.4675157e+00
   8.9475711e+01
   1.1897881e+02
   1.6670926e+02
  -1.4829159e+00
   1.0719398e+02
   3.9891027e+02
   1.3822737e+02
   2.8106684e+02
   2.7776059e+02
   2.1706675e+02
   3.3626958e+02
   3.0356995e+02
   3.0916899e+02
   2.1919468e+02
   2.6040213e+02
   3.4997903e+02
   3.1067378e+02
   2.0653889e+02
   3.6980804e+02
   3.5558062e+02
   4.6211518e+02
   2.8046082e+02
   4.7563963e+02
   2.7748164e+02
   4.4540121e+02
   3.6680703e+02
   4.3859141e+02
   3.7842115e+02
   2.0835659e+02
   5.4785684e+02
   3.4799876e+02
   4.8169511e+02
   2.8477014e+02
   4.3519348e+02
   2.8051154e+02
   4.1378403e+02
   3.7173056e+02
   3.6340694e+02
   2.5479424e+02
   2.4242190e+02
   3.0418247e+02
   2.9372317e+02
   2.4488901e+02
   3.4481212e+02
   3.0479389e+02
   2.5331401e+02
   3.8981907e+02
   2.3577227e+02
   1.7782631e+02
   4.3584116e+01
   2.6582547e+02
   3.2128775e+02
   1.2406104e+02
   2.0289052e+02
   3.1926154e+02
   3.1145834e+02
   2.3447325e+02
   3.5079357e+02
   2.4212323e+02
   1.1373489e+02
   3.0481288e+02
   2.9599347e+02
   3.1814034e+02
   2.9508204e+02
   1.9708049e+02
   5.7340065e+01
   8.3599560e+01
  -4.4681812e+01
   2.6194746e+02
   1.0450020e+02
   1.1317837e+02
   1.3793919e+02
   1.0715160e+02
   1.7780227e+02
  -3.2780683e+01
   1.5598633e+02
   1.4541778e+02
   1.9741239e+02
   1.3456011e+02
   1.6145059e+02
   2.9134243e+02
   5.0008800e+01
   1.7415529e+02
   2.4295326e+02
   1.4521786e+02
   1.0956602e+02
   1.3461979e+02
   1.7020845e+02
  -3.7892579e+00
   7.4884234e+00
   7.7852638e+01
   6.7562538e+01
   6.5951087e+01
   2.3568349e+01
   3.9922634e+01
   1.7039767e+02
   6.5074666e+00
   1.1276096e+02
  -9.5921788e+00
   9.5231248e+01
   9.5013594e+01
   2.3019096e+02
   2.6193390e+01
  -1.3950189e+02
   3.6134259e+01
  -5.9658718e+01
  -4.7392456e+01
   1.5228594e+02
   3.2057401e+01
   2.9143275e+01
  -1.3741922e+02
  -1.5531095e+02
  -1.0988893e+02
  -1.3275141e+02
  -1.3043611e+02
  -1.6182866e+02
  -1.1564095e+01
  -6.4382970e+01
  -4.9298218e+01
   1.6315187e+02
   5.4402110e+00
  -1.4606749e+02
  -8.9122934e+01
  -1.3629852e+01
   5.2618169e+01
  -1.2279436e+02
  -4.0309109e+00
  -7.8434909e+00
   8.3181184e+01
  -3.6391769e+01
  -1.7094543e+02
  -9.7987051e+01
  -7.1542191e+00
  -8.0971027e+01
  -4.7649891e+01
   2.8511805e+01
  -1.9427260e+02
  -7.7291105e+01
  -1.9752314e+01
  -1.4000207e+02
  -5.8218935e+01
  -2.4654319e+01
  -6.6755052e+01
  -1.1122489e+02
  -9.2719757e+01
   1.2974979e+02
  -1.0864124e+02
   2.1097478e+01
  -1.8169220e+02
  -1.3180627e+02
  -1.7730061e+02
  -1.2950576e+02
  -1.0986073e+02
  -1.4504020e+02
  -1.2433290e+02
  -3.8305785e+00
  -2.3842382e+02
  -3.0387047e+02
  -2.6332247e+02
  -3.3415599e+02
  -2.9265444e+02
  -5.2287483e+02
  -3.8281051e+02
  -4.2241174e+02
  -4.8380531e+02
  -6.3554972e+02
  -6.6385733e+02
  -6.1918568e+02
  -7.4653088e+02
  -8.6931970e+02
  -9.6629683e+02
  -7.6191607e+02
  -1.1067613e+03
  -1.1413391e+03
  -1.2125836e+03
  -1.2045024e+03
  -1.2260109e+03
  -1.3132219e+03
  -1.3226355e+03
  -1.4791188e+03
  -1.2865888e+03
  -1.4275513e+03
  -1.4389861e+03
  -1.6259586e+03
  -1.5496859e+03
  -1.6206509e+03
  -1.5874279e+03
  -1.5769724e+03
  -1.6776982e+03
  -1.5550206e+03
  -1.6048152e+03
  -1.6277788e+03
  -1.5704128e+03
  -1.5105327e+03
  -1.5697381e+03
  -1.7706879e+03
  -1.7181728e+03
  -1.6969945e+03
  -1.8376357e+03
  -1.5648746e+03
  -1.8149218e+03
  -1.8138508e+03
  -1.7902157e+03
  -1.6999713e+03
  -1.7797489e+03
  -1.7868563e+03
  -1.8318670e+03
  -1.8694288e+03
  -1.7605005e+03
  -1.7141840e+03
  -1.7169369e+03
  -1.8330616e+03
  -1.8347336e+03
  -1.8483170e+03
  -1.7834490e+03
  -1.6481521e+03
  -1.7895624e+03
  -1.6957646e+03
  -1.8076851e+03
  -1.8085452e+03
  -1.8472591e+03
  -1.8522498e+03
  -1.7503808e+03
  -1.7667654e+03
  -1.8300360e+03
  -1.9171404e+03
  -1.9241231e+03
  -1.8426946e+03
  -1.8324656e+03
  -1.8575258e+03
  -1.9909567e+03
  -1.7419879e+03
  -1.7992627e+03
  -1.8643470e+03
  -1.7968419e+03
  -1.7877969e+03
  -1.7088849e+03
  -1.6547167e+03
  -1.9097993e+03
  -1.7748496e+03
  -1.6730013e+03
  -1.7615587e+03
  -1.8516289e+03
  -1.8319852e+03
  -1.7772652e+03
  -1.6421793e+03
  -1.7388162e+03
  -1.8343540e+03
  -1.8466892e+03
  -1.7298537e+03
  -1.8552603e+03
  -1.7523420e+03
  -1.6715332e+03
  -1.8596507e+03
  -1.6968502e+03
  -1.6266448e+03
  -1.8419338e+03
  -1.8220178e+03
  -1.8204656e+03
  -1.6178063e+03
  -1.8378953e+03
  -1.7393283e+03
  -1.7883133e+03
  -1.8535712e+03
  -1.8969947e+03
  -1.9081368e+03
  -1.7120979e+03
  -1.7789040e+03
  -1.8255830e+03
  -1.9446758e+03
  -1.7944272e+03
  -1.7600347e+03
  -1.8657352e+03
  -1.8554008e+03
  -1.8627919e+03
  -1.8332161e+03
  -1.9881546e+03
  -1.9381651e+03
  -1.9352808e+03
  -1.8590800e+03
  -1.9048389e+03
  -1.7995721e+03
  -1.9117802e+03
  -1.7834334e+03
  -1.9740301e+03
  -1.9373436e+03
  -1.9134620e+03
  -1.8140126e+03
  -2.0047145e+03
  -1.8582749e+03
  -1.8583425e+03
  -1.8081464e+03
  -1.8438273e+03
  -1.9929820e+03
  -1.9794556e+03
  -1.9529583e+03
  -1.7087698e+03
  -1.8769106e+03
  -2.0382640e+03
  -1.8235779e+03
  -1.9471881e+03
  -1.7920820e+03
  -1.8880230e+03
  -1.9105537e+03
  -1.7969464e+03
  -1.9391080e+03
  -1.9521123e+03
  -1.9573950e+03
  -1.8347386e+03
  -1.8600206e+03
  -1.8659744e+03
  -1.8457570e+03
  -1.9882183e+03
  -1.9944969e+03
  -1.8845140e+03
  -1.8404836e+03
  -1.9987429e+03
  -1.9400905e+03
  -1.8346593e+03
  -1.8764570e+03
  -2.0091815e+03
  -1.6830807e+03
  -1.8315365e+03
  -1.9330598e+03
  -1.8634924e+03
  -1.7494980e+03
  -1.7838337e+03
  -1.7555106e+03
  -1.8477628e+03
  -1.5286582e+03
  -1.4768340e+03
  -1.1398971e+03
  -9.5653622e+02
  -9.3388837e+02
  -9.5478523e+02
  -1.0154788e+03
  -9.9275991e+02
  -6.8084446e+02
  -7.1865367e+02
  -5.6962468e+02
  -5.7992136e+02
  -4.9286796e+02
  -5.3470600e+02
  -2.8112322e+02
  -2.6413512e+02
  -3.0622145e+02
  -2.3865361e+02
  -3.0986921e+02
  -1.4305135e+02
  -1.2583716e+02
  -6.0987037e+01
  -2.9138252e+01
  -1.1811954e+02
  -1.2666220e+02
  -2.5244511e+01
   5.2451651e+01
   1.4556197e+02
   1.2534835e+02
   3.8820698e+01
   1.2276181e+02
   8.8686147e+01
   1.9620627e+02
   1.8907118e+01
   1.2868532e+02
   9.4254938e+01
   4.2247461e+01
   5.6066313e+01
   1.7297916e+02
   3.7750176e+01
   2.0984990e+02
   1.2492699e+02
  -7.7254782e+00
   1.1523821e+02
   1.5303621e+02
   2.0737893e+02
   8.6296191e+01
   1.4237846e+02
   9.4030500e+01
   2.2565815e+02
   2.0449942e+02
   8.6649148e+01
   1.3025750e+02
   6.6891736e+01
   1.3864033e+02
   5.1770291e+01
   1.2001953e+02
   2.2910708e+02
   4.0580753e+01
   6.1877136e+01
   1.4888598e+02
   1.7357633e+02
   2.6876282e+02
   1.4863667e+02
   4.5346543e+01
   1.6214351e+02
   4.1280790e+01
   1.0469554e+02
   2.0104203e+02
   2.0014629e+02
   3.5898155e+01
   1.3633340e+02
  -3.3774609e+01
   2.1447592e+02
   2.1483448e+02
   1.2789557e+02
   2.5589010e+02
   7.0936317e+01
   1.0220065e+02
   1.5723842e+02
   2.9006802e+02
   1.3354256e+02
   2.0537979e+02
   1.9908948e+02
   1.6892984e+02
   1.9640347e+02
   2.2525371e+02
   3.4929250e+01
   1.5085850e+02
   1.4245530e+02
   1.1365921e+02
  -1.6837790e+01
   6.6599466e+01
   8.4885074e+01
  -2.7149544e+00
   6.3289781e+01
   3.9974270e+01
   1.1501474e+02
  -1.1108226e+02
  -1.3014455e+01
   1.7006928e+02
   3.6476402e+01
   9.6882069e+01
   1.6937665e+02
   7.7345711e+01
   4.2005809e+01
  -6.6633438e+01
  -1.9763567e+01
  -1.1066356e+02
   3.5457975e+01
   1.0273340e+02
   1.4887041e+02
  -7.6979100e+01
  -6.4037831e+00
  -1.2194762e+02
   5.4000528e+01
  -1.8129086e+02
  -7.5519454e+01
   1.0714110e+02
   9.3129777e+01
  -5.0072503e+01
  -5.9270026e+01
  -1.9016969e+02
   2.1507484e+01
  -1.0552820e+02
  -1.1178643e+02
  -5.3491702e+01
  -1.9860106e+01
  -7.5541222e+01
  -2.0351873e+02
  -3.2060013e+01
   5.6921402e-01
  -7.6345902e+01
  -1.8415654e+02
  -8.9678516e+01
  -1.4830810e+02
  -1.0053762e+02
  -1.4901440e+02
  -1.0268463e+02
  -2.0451169e+02
  -1.0492785e+02
  -1.3952967e+02
  -2.5139800e+02
   1.4016964e+01
  -2.6907330e+02
  -1.0994183e+02
  -1.7823391e+02
  -2.3250785e+02
  -2.1219662e+02
  -1.8147941e+02
  -2.0994772e+02
  -2.8705420e+02
  -1.6964300e+02
  -1.8893585e+02
  -1.7187575e+02
  -2.7243098e+02
  -2.5402828e+02
  -2.9007322e+02
  -1.8987523e+02
  -3.8084715e+02
  -2.7213875e+02
  -3.3589354e+02
  -1.3494220e+02
  -3.3756861e+02
  -2.1702480e+02
  -2.3524310e+02
  -1.6273098e+02
  -2.1907993e+02
  -2.6017696e+02
  -3.5313749e+02
  -3.0470076e+02
  -3.6434367e+02
  -1.8830538e+02
  -3.6376898e+01
  -2.3872264e+02
  -1.2532714e+02
  -1.2539459e+02
  -3.1696200e+02
  -1.4433686e+02
  -2.4296845e+02
  -3.1017629e+01
   5.9712873e+01
  -2.2545151e+02
  -1.0410351e+02
  -4.4500421e+01
  -1.8027220e+02
  -1.8742675e+02
  -1.8163245e+02
  -1.4783935e+02
   3.1533034e+01
   6.8390874e+00
  -1.5555393e+01
  -8.6937449e+01
   1.1394458e+02
  -2.7572027e+01
  -6.4666074e+01
   5.1971281e+01
  -9.3069239e+01
  -1.7889978e+02
  -1.7948791e+02
  -1.8441294e+01
  -1.9459005e+02
  -1.5174604e+02
   8.3679678e+01
   9.2172095e+01
  -1.0560823e+02
  -1.5949026e+02
  -2.2117903e+02
  -5.2208232e+01
  -1.6624527e+02
  -2.5684006e+02
  -2.0142043e+01
  -3.6167518e+02
  -4.9248375e+02
  -3.2295744e+02
  -5.7216247e+02
  -3.4785119e+02
  -6.3085984e+02
  -6.2630373e+02
  -6.6130553e+02
  -8.0400212e+02
  -6.6660574e+02
  -9.5167136e+02
  -9.7826135e+02
  -1.0973429e+03
  -1.2286621e+03
  -1.2746024e+03
  -1.3386685e+03
  -1.4036047e+03
  -1.5872700e+03
  -1.4277639e+03
  -1.4674419e+03
  -1.6131614e+03
  -1.7691108e+03
  -1.5153209e+03
  -1.7758973e+03
  -1.6034735e+03
  -1.6704545e+03
  -1.7250751e+03
  -1.8518447e+03
  -1.8036970e+03
  -1.7260515e+03
  -1.6989056e+03
  -1.8574604e+03
  -1.9956218e+03
  -1.8215881e+03
  -1.6909839e+03
  -1.8609589e+03
  -1.7838624e+03
  -1.7933498e+03
  -1.7830024e+03
  -1.8394631e+03
  -1.8605806e+03
  -1.8836858e+03
  -1.7780880e+03
  -1.8971220e+03
  -1.9131704e+03
  -1.7133267e+03
  -1.6587863e+03
  -1.8204012e+03
  -1.6737330e+03
  -1.7682251e+03
  -1.9077034e+03
  -1.8390262e+03
  -1.8043196e+03
  -1.6757133e+03
  -1.9019531e+03
  -1.7263305e+03
  -1.8776632e+03
  -1.8791046e+03
  -1.6437580e+03
  -1.9348343e+03
  -1.7488266e+03
  -1.8339281e+03
  -1.8564121e+03
  -1.8666996e+03
  -1.8362018e+03
  -1.9790728e+03
  -1.8403218e+03
  -1.9434240e+03
  -1.6359260e+03
  -1.9258563e+03
  -1.8551450e+03
  -1.8379226e+03
  -1.8742355e+03
  -1.8440856e+03
  -1.8755814e+03
  -1.9358141e+03
  -1.7780744e+03
  -1.7516384e+03
  -1.9767968e+03
  -1.7657646e+03
  -2.0016314e+03
  -1.9920543e+03
  -1.7472990e+03
  -1.6631979e+03
  -1.6956536e+03
  -1.7978925e+03
  -1.6551318e+03
  -1.8776801e+03
  -1.8879660e+03
  -1.7846999e+03
  -1.7883152e+03
  -1.8571806e+03
  -1.9335112e+03
  -1.9004767e+03
  -1.9772406e+03
  -1.9667683e+03
  -1.8524582e+03
  -1.8884479e+03
  -1.8025643e+03
  -1.8919843e+03
  -1.9681744e+03
  -1.8196084e+03
  -1.7949290e+03
  -1.9443131e+03
  -1.7579381e+03
  -1.9497047e+03
  -1.9175543e+03
  -1.9631956e+03
  -1.8719099e+03
  -2.1587287e+03
  -1.8597927e+03
  -1.9747608e+03
  -1.9356689e+03
  -1.9913372e+03
  -1.9275324e+03
  -1.9451550e+03
  -1.9345662e+03
  -1.8721489e+03
  -1.9681801e+03
  -1.9520989e+03
  -1.8964947e+03
  -1.9659952e+03
  -1.7673510e+03
  -1.9845800e+03
  -1.7984866e+03
  -1.8657238e+03
  -1.9615989e+03
  -1.9119653e+03
  -1.8624969e+03
  -1.8792230e+03
  -1.9598447e+03
  -1.9636899e+03
  -1.9311151e+03
  -1.7574404e+03
  -1.8571055e+03
  -1.8188160e+03
  -1.9271164e+03
  -1.9165948e+03
  -1.7784565e+03
  -1.9037245e+03
  -1.7017424e+03
  -1.5249658e+03
  -1.1269545e+03
  -1.0140945e+03
  -8.0287417e+02
  -1.0350327e+03
  -6.9626041e+02
  -8.4665415e+02
  -9.1000104e+02
  -8.5476306e+02
  -6.9173142e+02
  -6.4885754e+02
  -7.2673051e+02
  -6.7112329e+02
  -5.1750589e+02
  -6.3887210e+02
  -5.0056038e+02
  -3.6651896e+02
  -2.3028337e+02
  -3.8790313e+02
  -2.0363589e+02
  -2.7530230e+02
  -2.4131856e+02
  -3.5893649e+02
  -1.5696962e+02
  -8.4940138e+01
   5.4822701e-01
  -2.1188541e+01
  -3.7399966e+01
  -5.1908522e+01
  -1.0427763e+02
   7.2022165e+00
   2.3072020e+01
  -9.0105710e+01
  -1.1016649e+02
  -7.1896092e+01
   7.8354562e+01
   7.9894057e+01
  -1.0509680e+02
   8.2120573e+01
   1.6321738e+02
   7.6261317e+01
   1.4655810e+01
   5.5199623e+01
   1.0593224e+02
   2.7641392e+02
   1.1867665e+02
   1.2660821e+02
   1.2705561e+02
   1.8482171e+02
   1.1322648e+02
   2.2584398e+02
   4.7653977e+02
   4.2974643e+02
   3.7065554e+02
   2.1793367e+02
   2.2819373e+02
   2.8133290e+02
   2.3174330e+02
   2.0063737e+02
   1.6843023e+02
   4.4090193e+02
   3.2513809e+02
   1.9299749e+02
   3.3297410e+02
   3.1088056e+02
   3.0844902e+02
   3.5451832e+02
   2.0303858e+02
   2.7193744e+02
   2.3158557e+02
   4.6564561e+02
   5.0707658e+02
   3.0779967e+02
   2.8437401e+02
   2.6641014e+02
   4.6792025e+02
   3.2873645e+02
   3.8886426e+02
   3.4045032e+02
   4.4185288e+02
   3.8267574e+02
   1.2299899e+02
   3.8583143e+02
   4.0050657e+02
   3.3737689e+02
   4.6699053e+02
   5.0901825e+02
   2.8597008e+02
   3.6023670e+02
   2.2504570e+02
   2.8147700e+02
   1.2240243e+02
   2.4375045e+02
   3.2646097e+02
   2.2697238e+02
   1.8192013e+02
   1.5999190e+02
   2.8842950e+02
   2.3278824e+02
   3.9454414e+02
   2.6147136e+02
   8.4989279e+01
   2.1964634e+02
   4.3319897e+02
   1.2218226e+02
   2.6279480e+02
   2.0721210e+02
   2.2016467e+02
   2.0288588e+02
   1.3076759e+02
   1.2165259e+02
   3.4665778e+02
   2.5970120e+02
   1.7256426e+02
   2.0284174e+02
   3.4993199e+02
   1.4704218e+02
   2.4545799e+02
   3.0031619e+02
   3.4990667e+00
   3.5761376e+02
   1.8472053e+02
   2.4156881e+02
   1.2385512e+02
   4.7557486e+01
   2.7201363e+02
   2.9880272e+02
   1.9502930e+02
   1.2939792e+02
  -1.1420734e+01
   1.6905204e+02
   2.1622243e+02
   3.3058125e+02
   2.1957218e+02
   1.0749019e+02
   1.1697177e+02
   1.2244762e+02
   2.4113756e+02
   2.4901670e+02
   1.5408241e+02
  -1.5325065e+00
  -1.2803461e+01
   1.0788469e+02
   3.3196033e+00
   2.8231394e+01
   8.9733984e+01
  -1.0387854e+02
   4.7731211e+01
   9.2915146e+00
  -2.1323668e+02
  -1.1661180e+02
  -9.5089175e+01
  -8.6894244e+01
  -5.4248051e+01
  -8.0994000e+01
   3.5665586e+00
  -1.0979941e+02
  -1.2341609e+02
  -5.1306260e+01
  -2.2525680e+02
  -4.7851091e+01
  -2.1094458e+02
  -1.4330978e+02
  -1.5999777e+02
  -1.7377795e+02
  -1.4902864e+02
  -1.6125597e+02
  -1.5693004e+02
  -1.3381187e+02
  -2.1305869e+02
  -8.2584523e+01
  -1.5168567e+02
   1.1207619e+02
  -2.4910904e+02
  -1.2124550e+02
  -1.2329318e+02
  -1.5846673e+02
  -2.9942409e+02
  -2.2058423e+02
  -7.6549700e+01
  -3.5867456e+02
  -1.0154398e+02
  -1.9838353e+02
  -2.3393645e+02
  -3.0011882e+02
  -1.8584642e+02
  -2.1695887e+02
  -1.2486494e+02
  -1.7628516e+02
  -2.7124820e+02
  -2.9708630e+02
  -2.2177856e+02
  -2.4108736e+02
  -2.1874335e+02
  -3.2553994e+02
  -3.3750027e+02
  -3.4178585e+02
  -3.5290264e+02
  -4.1681400e+02
  -4.7445725e+02
  -5.7082899e+02
  -5.2444244e+02
  -6.3396038e+02
  -8.2023179e+02
  -8.2653690e+02
  -7.4349343e+02
  -1.0941927e+03
  -9.4694410e+02
  -1.1634448e+03
  -1.0636212e+03
  -1.1074391e+03
  -1.2720999e+03
  -1.2999801e+03
  -1.3484179e+03
  -1.2967678e+03
  -1.5381818e+03
  -1.4573521e+03
  -1.6462478e+03
  -1.7253093e+03
  -1.5846420e+03
  -1.3592343e+03
  -1.5102166e+03
  -1.6216721e+03
  -1.7107948e+03
  -1.6938994e+03
  -1.8847688e+03
  -1.7044634e+03
  -1.5828120e+03
  -1.6791400e+03
  -1.8257489e+03
  -1.6912264e+03
  -1.7557002e+03
  -1.6742298e+03
  -1.6584797e+03
  -1.5810498e+03
  -1.8876999e+03
  -1.7905987e+03
  -1.7932690e+03
  -1.9489560e+03
  -1.9420877e+03
  -1.8994811e+03
  -2.0473736e+03
  -1.7707188e+03
  -1.8909430e+03
  -1.6951290e+03
  -1.7682686e+03
  -1.8202933e+03
  -1.7148779e+03
  -1.8382531e+03
  -1.7285632e+03
  -1.7573043e+03
  -1.7560449e+03
  -1.9135258e+03
  -1.8856912e+03
  -1.8015249e+03
  -1.9090703e+03
  -1.7434697e+03
  -1.9269585e+03
  -1.7924482e+03
  -1.7624423e+03
  -1.7499578e+03
  -1.8529281e+03
  -1.9819281e+03
  -1.7974493e+03
  -1.7106471e+03
  -1.8293772e+03
  -1.6470071e+03
  -1.8645589e+03
  -1.9124985e+03
  -1.7229440e+03
  -1.8859857e+03
  -1.8891695e+03
  -1.6997577e+03
  -1.9828445e+03
  -1.8756710e+03
  -1.7147466e+03
  -2.0430345e+03
  -1.8975653e+03
  -1.9200814e+03
  -1.9050111e+03
  -1.8572169e+03
  -1.8558201e+03
  -1.7589946e+03
  -1.8427110e+03
  -2.0540595e+03
  -1.8869519e+03
  -1.8539965e+03
  -1.7457448e+03
  -1.9769524e+03
  -1.8397115e+03
  -1.8539266e+03
  -1.7103446e+03
  -1.8415356e+03
  -2.0015993e+03
  -1.7604242e+03
  -1.9476287e+03
  -1.8765256e+03
  -2.0673251e+03
  -1.8110704e+03
  -1.8467617e+03
  -1.9737244e+03
  -1.8966417e+03
  -1.6849319e+03
  -1.8880486e+03
  -1.8397569e+03
  -1.9616047e+03
  -1.9263081e+03
  -1.9340831e+03
  -1.8625607e+03
  -1.8242444e+03
  -1.7993113e+03
  -1.9241252e+03
  -1.8423073e+03
  -1.8131773e+03
  -1.8352838e+03
  -1.9436340e+03
  -1.8654488e+03
  -1.9225551e+03
  -2.0494080e+03
  -1.9621138e+03
  -1.8748837e+03
  -2.0301052e+03
  -2.0365493e+03
  -1.9715583e+03
  -1.8505453e+03
  -1.8268979e+03
  -1.8729889e+03
  -1.9844341e+03
  -1.9673740e+03
  -1.7314146e+03
  -2.0012822e+03
  -1.8036652e+03
  -1.8372560e+03
  -1.8157982e+03
  -1.7444555e+03
  -1.7968757e+03
  -1.7512654e+03
  -1.9445835e+03
  -1.8872459e+03
  -1.7376477e+03
  -1.7798549e+03
  -1.6682814e+03
  -1.3117023e+03
  -1.2195529e+03
  -1.0162325e+03
  -8.8350459e+02
  -9.9102047e+02
  -8.2810982e+02
  -4.8927760e+02
  -6.8139898e+02
  -6.3635703e+02
  -5.7288247e+02
  -4.6260610e+02
  -3.8237923e+02
  -5.0825596e+02
  -4.8454147e+02
  -2.9220518e+02
  -1.4764740e+02
  -1.5842027e+02
  -2.9617248e+02
  -1.6065994e+02
  -1.2772979e+02
   1.8515419e+00
  -9.0814603e+01
  -2.0603979e+02
   5.0115482e+01
   1.9108138e+02
   1.4164764e+02
   3.8305490e+01
   7.8473317e+01
   1.9995014e+02
   6.3113841e+01
   9.6020127e+01
   1.0014616e+02
   1.7540100e+02
   1.7146357e+02
   1.9390244e+02
   2.2929857e+02
   1.1089330e+02
   4.2259688e+01
   1.3662591e+02
   2.2513651e+02
   2.2473976e+02
   2.6510894e+02
   8.7208840e+01
   1.6737589e+02
   1.5596129e+02
   1.9480239e+02
   5.0745623e+01
   2.7197210e+02
   1.5614702e+02
   2.0987482e+02
   2.4471624e+02
   9.7545872e+01
   9.7100513e+01
   3.9086975e+01
   1.7951849e+02
   1.8867385e+02
   1.1746501e+02
   1.0216700e+02
   1.3099229e+02
   2.1003209e+02
   1.8322265e+02
   2.3044357e+02
   2.8745409e+02
   1.7585945e+02
   1.4172987e+02
   2.2827644e+02
   1.6233760e+02
   1.1075445e+02
   1.8587368e+02
   2.4524904e+02
  -2.7271653e+01
   1.2424299e+02
   2.3491885e+02
   1.6729366e+02
   2.0280162e+02
   2.0771012e+02
   2.0383241e+02
  -1.6746011e+02
   2.5829454e+02
   1.2918940e+02
   1.0928557e+02
   5.8146452e+01
   1.3359620e+02
   3.2849983e+02
   2.0364321e+02
   2.6473810e+02
   1.8239476e+01
   2.6117063e+02
   2.1280112e+02
   2.6832016e+02
   9.4628543e+01
   8.9774145e+01
   6.2492573e+01
   2.1597121e+02
   2.0865014e+02
   3.1205387e+02
   6.8105818e+01
   1.7269953e+02
   1.8989741e+02
   1.4298235e+02
   1.3554341e+02
   1.9186468e+02
   1.7615274e+02
   2.5246238e+02
   9.9513197e+01
   1.0513083e+02
   1.2661844e+02
   2.2392173e+02
   2.9038873e+02
   1.1229092e+02
   6.4736046e+01
   1.1293834e+02
   3.5262326e+01
  -6.8242022e+01
   1.4103615e+02
  -1.9509566e+01
  -7.9653246e+01
  -3.0793331e+01
  -1.0322568e+01
   1.7749487e+02
  -1.4426561e+02
   4.5272527e+01
   3.5426866e+01
  -3.3749059e+01
  -1.1784482e+01
  -9.6659605e+01
  -2.0895372e+02
  -1.0298954e+02
  -1.2133575e+01
   3.9896683e+01
   2.2083390e+02
   6.9238085e+01
  -1.8595056e+02
  -4.0447651e+00
   1.0533477e+02
  -7.2798375e+01
  -1.8158149e+02
  -2.1614973e+02
  -1.9146563e+02
   1.9274118e+01
  -1.4252697e+00
  -1.4703876e+02
  -1.5250085e+02
  -1.2475515e+02
  -1.5241638e+02
  -7.2853620e+01
  -9.1571164e+01
  -1.6481621e+02
  -2.7517918e+02
  -2.1853640e+02
  -8.4119329e+01
  -1.4035074e+02
  -1.4261887e+02
  -2.5051673e+02
  -1.0809214e+02
  -3.2298973e+02
  -3.8818501e+02
  -1.9040481e+02
  -3.3785588e+02
  -2.2996694e+02
  -1.3527824e+02
  -1.5194392e+02
  -3.1314549e+02
  -3.5435226e+02
  -2.4524980e+02
  -2.2299809e+02
  -2.0426108e+02
  -9.2931374e+01
  -2.4952125e+02
  -6.6654337e+01
  -1.0307253e+02
  -1.7696756e+02
  -2.0194171e+02
  -1.9881302e+02
  -3.1698743e+02
  -4.2150215e+01
  -1.2776411e+02
  -3.4560833e+01
  -1.6345282e+02
  -1.4735590e+02
  -1.5435618e+02
  -6.5150979e+01
  -2.1107358e+01
  -1.9758425e+02
  -9.7006152e+01
  -1.0806164e+02
  -4.1294410e+02
  -1.9817144e+02
  -1.9225659e+02
  -1.0231663e+02
  -2.3038093e+02
  -1.9548051e+02
  -2.3692278e+02
  -1.9631545e+02
  -7.8607869e+01
   1.1265474e+02
  -2.7192566e+02
   7.0491390e+01
  -9.0183676e+01
  -1.1606739e+02
  -1.1910014e+02
  -2.7090602e+02
  -1.6598244e+02
  -2.8350842e+02
  -2.1289637e+02
  -2.4918134e+02
  -2.0326101e+02
  -2.3131722e+02
  -4.7479477e+02
  -5.5419341e+02
  -3.3699273e+02
  -3.7906863e+02
  -4.5620787e+02
  -5.8017135e+02
  -7.5527541e+02
  -5.5399480e+02
  -8.4515228e+02
  -9.3464108e+02
  -9.2270711e+02
  -9.9393401e+02
  -9.9728225e+02
  -1.0426771e+03
  -1.1271013e+03
  -1.4132307e+03
  -1.1785699e+03
  -1.4773889e+03
  -1.5094035e+03
  -1.3295208e+03
  -1.6184244e+03
  -1.5267337e+03
  -1.4844985e+03
  -1.6642370e+03
  -1.7831537e+03
  -1.7456800e+03
  -1.7986234e+03
  -1.6872761e+03
  -1.5794513e+03
  -1.7370893e+03
  -1.7993956e+03
  -1.8637107e+03
  -1.8872938e+03
  -1.7686544e+03
  -1.7248008e+03
  -1.9192502e+03
  -1.8754365e+03
  -1.7659174e+03
  -1.7470784e+03
  -1.8537801e+03
  -1.9257410e+03
  -1.7880671e+03
  -1.8943826e+03
  -1.7975838e+03
  -1.9271985e+03
  -1.8704376e+03
  -1.8856895e+03
  -1.8173475e+03
  -1.8153756e+03
  -1.8887215e+03
  -1.7207117e+03
  -1.8302563e+03
  -1.8329406e+03
  -1.8679652e+03
  -1.8321128e+03
  -1.8345557e+03
  -1.7185888e+03
  -1.6239999e+03
  -1.8769620e+03
  -2.0009443e+03
  -1.8084122e+03
  -1.9895517e+03
  -1.9471967e+03
  -1.9031111e+03
  -1.8628138e+03
  -1.7338112e+03
  -1.9010178e+03
  -1.7510480e+03
  -1.8342458e+03
  -1.8320707e+03
  -1.9695156e+03
  -1.7626237e+03
  -1.9446475e+03
  -1.8289096e+03
  -1.8671384e+03
  -1.9465838e+03
  -1.8722549e+03
  -1.9819781e+03
  -1.8002267e+03
  -1.8453738e+03
  -1.6955720e+03
  -1.8119318e+03
  -1.8165770e+03
  -1.8064431e+03
  -1.8573254e+03
  -1.8395713e+03
  -1.7747464e+03
  -1.7238565e+03
  -1.7959066e+03
  -1.7309448e+03
  -1.9419867e+03
  -1.9397867e+03
  -1.9060761e+03
  -1.9827718e+03
  -1.8063061e+03
  -2.0520498e+03
  -1.8961094e+03
  -1.9751244e+03
  -1.8756380e+03
  -1.7216785e+03
  -1.8801166e+03
  -1.9580255e+03
  -1.9055175e+03
  -1.7138323e+03
  -1.7162185e+03
  -1.8593376e+03
  -1.8180733e+03
  -1.8761667e+03
  -1.7055273e+03
  -2.0063852e+03
  -1.7164503e+03
  -1.9881409e+03
  -1.8442644e+03
  -1.8753224e+03
  -1.9004025e+03
  -2.0230646e+03
  -1.8567604e+03
  -1.7665085e+03
  -1.8585804e+03
  -1.9856672e+03
  -1.9500394e+03
  -1.9224200e+03
  -1.9892184e+03
  -1.8728747e+03
  -1.9739149e+03
  -1.8835090e+03
  -1.9914016e+03
  -1.7842122e+03
  -1.8813086e+03
  -1.9153633e+03
  -1.8491057e+03
  -1.8547403e+03
  -1.9410319e+03
  -1.9099199e+03
  -2.0176515e+03
  -1.8094384e+03
  -1.7883213e+03
  -1.7853942e+03
  -1.8613911e+03
  -1.7005366e+03
  -1.5211807e+03
  -1.2065102e+03
  -1.1917600e+03
  -9.7686266e+02
  -7.6058383e+02
  -7.8696080e+02
  -7.8557913e+02
  -6.8951464e+02
  -8.2753361e+02
  -8.1124387e+02
  -7.1689507e+02
  -6.2850853e+02
  -6.8336959e+02
  -5.2500733e+02
  -4.4934664e+02
  -2.3417985e+02
  -3.0413298e+02
  -3.8560864e+02
  -1.9917768e+02
  -2.7075413e+02
  -6.6519959e+01
  -1.0034321e+02
  -1.1861725e+02
  -3.2396385e+00
  -7.4098762e+01
  -3.6201145e+01
  -1.9430799e+01
   1.7811072e+02
   5.2178810e+01
   7.4338644e+01
   5.2979759e+01
   1.9502873e+02
   5.9177267e+01
   3.0460698e+02
   2.4422306e+02
   1.5771022e+02
   1.0045784e+02
   3.5864756e+02
   2.5816509e+02
   3.2803886e+02
   2.3389646e+02
   1.6860559e+02
   1.7208038e+02
   1.6084973e+02
   2.4320806e+02
   1.8966562e+02
   2.7219714e+02
   2.8722948e+02
   4.5484004e+02
   2.6648541e+02
   3.3823744e+02
   3.8842381e+02
   2.9353582e+02
   5.5635661e+02
   2.2743297e+02
   2.6157876e+02
   1.3248653e+02
   3.5832164e+02
   3.8897352e+02
   4.5942949e+02
   5.6626054e+02
   4.7744143e+02
   4.1493919e+02
   3.9455569e+02
   1.4485857e+02
   4.8015080e+02
   3.5464387e+02
   2.7920692e+02
   2.4776380e+02
   3.7811026e+02
   4.4932660e+02
   3.7230516e+02
   3.3990572e+02
   2.9614129e+02
   2.9654206e+02
   2.5396039e+02
   3.4634617e+02
   4.1542677e+02
   5.2303402e+02
   3.3074966e+02
   2.1471611e+02
   3.4227358e+02
   1.4738733e+02
   1.9448026e+02
   3.6655659e+02
   3.3155369e+02
   3.0118362e+02
   2.2180808e+02
   3.5827700e+02
   3.3499231e+02
   2.9657437e+02
   2.6724489e+02
   2.4784353e+02
   1.6838706e+02
   2.8056198e+02
   3.0364998e+02
   2.3421001e+02
   7.1899784e+01
   2.1558456e+02
   2.1533661e+02
   2.6852858e+02
   1.9314304e+02
   2.7315823e+02
   3.6269370e+02
   2.8604354e+02
   1.2386737e+02
   1.4727371e+02
   3.7313771e+02
   2.6089799e+02
   1.4806829e+02
   1.1786416e+02
   1.6315745e+01
   3.1461118e+02
   3.0898102e+02
   1.6287547e+02
   1.7278492e+02
   2.4098246e+02
   1.0668289e+02
   1.1911794e+02
   1.4950931e+02
   1.1494128e+02
   1.6258646e+01
   1.2693731e+02
   2.5384009e+02
   7.6598424e+01
   2.4282130e+02
  -1.8624836e+01
  -1.1801441e+01
   1.4886648e+02
   1.6858654e+02
   5.5417346e+01
   1.7274406e+02
   6.3426327e+01
   1.0318598e+02
  -1.2285898e+01
  -4.8623778e+00
  -5.8938931e+01
   1.3470451e+02
   5.0924887e+01
  -3.0374047e+01
  -3.7344399e+00
   6.4923987e+01
   6.0878193e+01
   1.4097505e+01
  -5.3388379e+01
  -7.7194777e+01
  -2.2078842e+02
  -8.5933325e+01
  -7.4382904e+01
  -1.6933608e+02
   7.0501426e+00
  -1.7248150e+02
  -6.3551834e+01
  -7.3582620e+01
  -1.7112454e+02
  -6.6753585e+01
  -7.7389512e+01
  -4.5704783e+01
   2.4311190e+01
  -1.2490351e+01
   7.2069480e+00
  -1.2020061e+02
   1.3755347e+01
  -4.7735414e+01
  -3.3474951e+01
   2.8110854e+01
   1.4687089e+02
  -7.0337828e+01
   2.9685686e+01
  -8.2955595e+00
   9.3994502e+01
  -7.9334166e+01
   2.6048526e+01
   1.4598061e+01
  -1.0892923e+01
   8.3807616e+01
  -1.2780944e+02
  -1.5215324e+02
  -1.2167932e+02
  -4.3006285e+00
  -1.4285791e+02
  -1.6035877e+02
  -7.2337709e+01
  -1.2626877e+02
  -1.2399020e+02
  -2.8495001e+02
  -3.5580542e+02
  -5.0990087e+02
  -6.2359252e+02
  -4.8425138e+02
  -7.5265038e+02
  -6.1797960e+02
  -7.7965152e+02
  -6.3911921e+02
  -8.5484703e+02
  -9.3844769e+02
  -1.1865332e+03
  -1.1289930e+03
  -1.1995893e+03
  -1.4577939e+03
  -1.4282259e+03
  -1.2398583e+03
  -1.5646605e+03
  -1.4964530e+03
  -1.8055209e+03
  -1.5403756e+03
  -1.4505917e+03
  -1.6636194e+03
  -1.5897730e+03
  -1.7258568e+03
  -1.5695145e+03
  -1.3318397e+03
  -1.5894210e+03
  -1.7975123e+03
  -1.5665229e+03
  -1.9583959e+03
  -1.8281750e+03
  -1.6909615e+03
  -1.7843043e+03
  -1.8224959e+03
  -1.7646220e+03
  -1.7340178e+03
  -1.8686274e+03
  -1.7416842e+03
  -1.6801453e+03
  -1.7978430e+03
  -1.7462287e+03
  -1.8748324e+03
  -1.7810732e+03
  -1.7456717e+03
  -1.9082874e+03
  -1.7328735e+03
  -1.8995376e+03
  -1.8217734e+03
  -1.8830763e+03
  -1.8266286e+03
  -1.8400112e+03
  -1.8513669e+03
  -1.7614275e+03
  -1.7464947e+03
  -1.8648027e+03
  -1.7818430e+03
  -1.7937638e+03
  -1.7387464e+03
  -1.9081492e+03
  -1.7701904e+03
  -1.8532437e+03
  -1.8713553e+03
  -1.8685682e+03
  -1.8171402e+03
  -1.7007076e+03
  -1.8713072e+03
  -1.8798069e+03
  -1.8188889e+03
  -1.7247394e+03
  -1.9015449e+03
  -1.9440781e+03
  -1.7694538e+03
  -1.8755352e+03
  -1.7510467e+03
  -1.8937868e+03
  -1.9595045e+03
  -1.9347014e+03
  -1.8347435e+03
  -1.6967906e+03
  -1.8788950e+03
  -1.9332164e+03
  -1.8863302e+03
  -1.7266885e+03
  -1.7545361e+03
  -1.9024819e+03
  -1.8317088e+03
  -1.9897493e+03
  -1.8477752e+03
  -1.9230540e+03
  -1.8419520e+03
  -1.7404442e+03
  -1.7684721e+03
  -1.8818054e+03
  -1.9475051e+03
  -1.7950230e+03
  -1.7526983e+03
  -1.8653099e+03
  -1.7602431e+03
  -1.8118283e+03
  -2.0174833e+03
  -1.8338016e+03
  -1.8345882e+03
  -1.9508298e+03
  -1.7883444e+03
  -1.8597573e+03
  -2.0802272e+03
  -1.8728853e+03
  -1.8795725e+03
  -1.8950965e+03
  -1.7209006e+03
  -2.0107848e+03
  -1.8992182e+03
  -2.0280242e+03
  -1.9144367e+03
  -2.0594014e+03
  -1.9349271e+03
  -1.9807165e+03
  -1.7887810e+03
  -1.9110522e+03
  -1.6880003e+03
  -1.9052497e+03
  -1.7559725e+03
  -1.9941323e+03
  -2.0924714e+03
  -1.9036269e+03
  -1.9148192e+03
  -1.9090500e+03
  -1.7778862e+03
  -1.9114319e+03
  -1.8078541e+03
  -2.0496359e+03
  -1.6913868e+03
  -1.8022329e+03
  -1.7843774e+03
  -1.8453721e+03
  -1.4789105e+03
  -1.4680413e+03
  -1.3473360e+03
  -1.2094060e+03
  -1.0411193e+03
  -8.6583418e+02
  -8.7571961e+02
  -7.7323151e+02
  -8.0012086e+02
  -6.3304931e+02
  -7.2215939e+02
  -5.8431798e+02
  -4.0298571e+02
  -4.6241569e+02
  -3.9112803e+02
  -4.9521765e+02
  -3.1231197e+02
  -2.3001928e+02
  -1.6310825e+02
  -3.0885398e+01
  -1.7617653e+02
  -2.3629792e+02
   3.9632429e+01
   8.5475326e+01
   1.0699785e+02
   1.2827075e+02
  -7.2518946e+01
   5.1600707e+01
   2.0348352e+02
   1.2034886e+02
   4.8315884e+01
   1.3808826e+02
   3.0467343e+01
   2.4349271e+02
   3.3664103e+02
   1.7283813e+02
   1.9804451e+02
   1.3134669e+02
   1.8023741e+02
   3.3937715e+01
   1.5310492e+01
   1.8218849e+02
   2.5474329e+02
   2.0528829e+02
   1.6142638e+02
   1.9821599e+02
   2.5113804e+02
   9.9013917e+01
   4.0675812e+02
   3.3130125e+02
   2.2895381e+02
   1.4309804e+02
  -2.3264627e+00
   1.8805391e+02
   1.7142098e+02
   3.6804700e+02
   1.2499517e+02
   1.3431168e+02
   1.9408056e+02
   3.3597008e+02
   2.7858548e+02
   5.6545360e+02
   1.6310014e+02
   1.8639071e+02
   2.3356496e+02
   2.4315605e+02
   2.7963607e+02
   1.7330934e+02
   2.1460443e+02
   2.9365210e+02
   2.4440113e+02
   1.4614667e+02
   5.6845372e+01
   2.7914938e+02
   1.2564327e+02
   1.6822081e+02
   2.0563828e+02
   1.1697457e+02
   2.0530137e+02
   1.6109020e+02
   1.7424548e+02
   1.4405708e+02
   2.2691370e+02
   1.7950786e+02
   1.7081932e+02
   1.6564106e+02
   1.0903107e+02
   1.4485383e+02
   1.5827865e+01
   3.7679293e+01
   1.0588186e+02
   1.7769914e+02
   1.4087255e+02
   1.7949999e+02
   1.3858016e+01
   1.1037354e+02
   7.8852441e+01
   1.3126920e+02
   1.2820943e+02
   1.6250564e+02
   2.1835027e+01
   1.6291890e+02
   2.1687486e+02
   8.6053413e+01
   1.0314342e+02
   2.4941594e+02
   1.6689771e+02
   3.8012155e+02
   7.7931549e+01
   1.0359124e+02
   1.5516029e+02
   1.5374684e+02
   3.8736840e+01
   5.5452667e+01
   2.3412869e+02
   1.6748428e+02
   2.4888228e+01
   7.1557085e+01
   1.7917791e+02
   6.4632942e+01
   1.5614519e+02
   5.4722841e+01
  -3.0710771e+01
   1.8241631e+02
  -8.5685037e+01
   1.6022922e+02
   6.0543479e+01
   2.5781853e+02
   6.9822677e+01
   1.0265178e+02
  -2.4661019e+01
   1.1058885e+02
  -1.3800339e+02
  -9.7225057e+01
  -4.8506164e+01
  -2.1221008e+02
   1.0419177e+02
   1.1493113e+02
  -8.0407971e+01
  -9.4082376e+01
  -1.4475269e+02
  -1.0659233e+02
  -7.8792753e+01
  -1.6981106e+02
  -1.1007956e+02
   6.9215729e+00
  -9.5751188e+01
  -1.5899885e+02
  -4.0958228e+01
  -3.7740996e+01
  -2.0570699e+02
  -1.6637182e+02
  -2.5141356e+02
  -1.1400274e+02
  -1.0782959e+02
  -2.1932168e+01
  -1.2482674e+02
  -1.2610982e+02
  -1.7650105e+02
   4.2623666e+01
  -6.7666397e+01
  -7.6227587e+01
   7.3193418e+00
  -1.1915638e+01
   2.2308798e+02
   7.0626039e+01
   3.8474516e+01
  -5.8093936e+00
   1.8281867e+02
  -1.4007230e+02
   2.6527139e+01
   8.9235177e+01
   7.1447643e+01
   9.5067490e+01
   1.1569932e+02
   1.2003249e+02
   6.5039118e+01
   1.5910857e+02
   3.0456602e+01
  -1.0455707e+02
   2.1565285e+01
  -2.6458649e+01
   1.1620903e+01
   5.5608629e+01
  -3.3505976e+01
  -5.6888303e+01
  -1.2377495e+02
   8.6442483e+01
   9.8070062e+01
  -2.0505104e+02
   9.1990984e+01
  -1.5708677e+02
  -8.3415330e+01
  -1.1998560e+02
   1.9163952e+01
  -1.7689412e+02
  -8.7761058e+01
  -1.8681741e+02
  -3.1846121e+02
  -1.2005602e+02
  -2.7267023e+02
  -3.7016147e+02
  -3.1876787e+02
  -2.8182756e+02
  -4.4870320e+02
  -4.2896812e+02
  -5.5524291e+02
  -6.8862377e+02
  -8.2447976e+02
  -8.2907720e+02
  -8.0492511e+02
  -7.9857226e+02
  -1.1000062e+03
  -1.1125371e+03
  -1.0128514e+03
  -1.1000718e+03
  -1.3035604e+03
  -1.3072096e+03
  -1.4175219e+03
  -1.4615047e+03
  -1.4173890e+03
  -1.5851123e+03
  -1.5343688e+03
  -1.6534031e+03
  -1.5783456e+03
  -1.5937348e+03
  -1.5838056e+03
  -1.6989484e+03
  -1.7044903e+03
  -1.6469513e+03
  -1.7046259e+03
  -1.7373791e+03
  -1.8023489e+03
  -1.6979483e+03
  -1.7221717e+03
  -1.7065984e+03
  -1.7481227e+03
  -1.6028017e+03
  -1.8598724e+03
  -1.6202159e+03
  -1.7561015e+03
  -1.7134875e+03
  -1.9467413e+03
  -1.7398298e+03
  -1.6471462e+03
  -1.8644400e+03
  -1.7602479e+03
  -1.7857767e+03
  -1.6713983e+03
  -1.7519190e+03
  -1.7104352e+03
  -1.6932850e+03
  -1.6457337e+03
  -1.8304229e+03
  -1.7211045e+03
  -1.6152810e+03
  -1.7514039e+03
  -1.8026657e+03
  -1.7922588e+03
  -1.9103541e+03
  -1.7500726e+03
  -1.8910536e+03
  -1.6971130e+03
  -1.7509494e+03
  -1.7883680e+03
  -1.8192978e+03
  -1.9682574e+03
  -1.7784610e+03
  -1.6795532e+03
  -1.8366780e+03
  -1.7886237e+03
  -1.8334371e+03
  -1.8591138e+03
  -1.7592366e+03
  -1.5542697e+03
  -1.9678236e+03
  -1.7850198e+03
  -1.9446286e+03
  -1.8541344e+03
  -1.9502175e+03
  -1.8112604e+03
  -1.6615712e+03
  -1.8798923e+03
  -1.8270529e+03
  -1.8775290e+03
  -1.7541725e+03
  -1.9325052e+03
  -1.9503037e+03
  -1.9207766e+03
  -1.8730902e+03
  -1.8563194e+03
  -1.8959335e+03
  -1.9407143e+03
  -1.7959675e+03
  -1.9341638e+03
  -1.8464989e+03
  -1.8432697e+03
  -1.8515287e+03
  -1.9551167e+03
  -1.8989371e+03
  -1.8745351e+03
  -1.7555870e+03
  -1.6485376e+03
  -1.9458548e+03
  -2.0652827e+03
  -1.9415819e+03
  -1.9711370e+03
  -1.9678960e+03
  -2.0430924e+03
  -1.8847056e+03
  -1.9539236e+03
  -1.7420816e+03
  -1.7807230e+03
  -1.7654552e+03
  -2.0305236e+03
  -1.8459890e+03
  -1.9019084e+03
  -1.9154800e+03
  -1.8564120e+03
  -1.9299908e+03
  -1.9763359e+03
  -1.7508803e+03
  -1.7526692e+03
  -1.8947140e+03
  -1.8553013e+03
  -1.8074770e+03
  -1.8372965e+03
  -1.7803106e+03
  -1.8016769e+03
  -1.7356481e+03
  -1.8287191e+03
  -1.3878140e+03
  -1.2987759e+03
  -1.1464204e+03
  -8.0263054e+02
  -6.8073550e+02
  -7.2559869e+02
  -5.8425827e+02
  -5.2318318e+02
  -4.7987293e+02
  -5.6501569e+02
  -4.6154449e+02
  -4.5969349e+02
  -2.6687223e+02
  -1.0462687e+02
  -2.5001198e+02
  -1.3099301e+02
  -1.4167774e+01
  -6.5792428e+01
   1.2946135e+01
  -1.1893846e+00
   1.2063298e+02
   7.9302578e+01
   1.0570779e+02
   2.0125584e+02
   2.1067112e+02
   2.5985501e+02
   2.6174921e+02
   2.9873999e+02
   1.8122706e+02
   1.1775530e+02
   2.7379563e+02
   3.0155435e+02
   2.6974363e+02
   3.4007654e+02
   1.1548495e+02
   1.3976792e+02
   2.7090911e+02
   1.9414831e+02
   1.7027503e+02
   2.2077525e+02
   2.1478571e+02
   3.4497900e+02
   3.5066398e+02
   1.9447011e+02
   3.1089011e+02
   2.6578113e+02
   2.6575725e+02
   2.0139833e+02
   3.0899958e+02
   1.7351246e+02
   1.4480731e+02
   3.3342143e+02
   3.6735654e+02
   3.4744743e+02
   1.2423513e+02
   1.9894423e+02
   2.8253583e+02
   3.4998551e+02
   2.7505445e+02
   2.9614668e+02
   4.4896868e+02
   3.6695963e+02
   3.9062247e+02
   2.2385038e+02
   1.7374285e+02
   2.7001252e+02
   2.7424014e+02
   2.9090485e+02
   1.5547073e+02
   2.8401514e+02
   1.9013653e+02
   2.8071469e+02
   2.6975608e+02
   8.1375267e+01
   1.7648880e+02
   1.7826499e+02
   1.7235708e+02
   1.1784376e+02
   2.1338172e+02
   9.2717936e+01
   2.4026214e+02
   3.0643265e+02
   2.3863800e+02
   2.0512747e+02
   4.5858693e+02
   2.3196197e+02
   1.7596466e+02
   1.9629752e+02
   2.9993276e+02
   1.7012665e+02
   1.9154599e+02
   2.8418878e+02
   3.6495199e+02
   3.0598622e+02
   2.0237945e+02
   1.8052499e+02
   8.4667858e+01
   2.4972165e+02
   2.3096584e+02
   3.0070909e+02
   1.9879536e+02
   2.7908238e+02
   2.4357742e+02
   2.0342636e+02
   2.2802697e+02
   2.0708162e+02
   1.9917336e+02
   1.5853314e+02
   3.7270106e+02
   1.7875734e+02
   1.5757699e+02
   1.7654154e+02
   3.1207909e+01
   1.6597483e+02
   1.5694944e+02
   1.3369555e+02
   7.4588404e+01
   1.1031105e+02
   1.2695546e+02
   9.2351374e+01
   5.6926495e+01
   7.3825122e+01
   2.3660145e+02
   4.7367333e+01
   1.9797770e+02
  -6.5710512e+00
  -1.4250951e+01
   1.4041697e+02
  -4.4720427e+01
   1.9893535e+01
   6.1255170e+01
  -6.7491726e+01
  -1.2477667e+02
  -2.0614647e+02
  -2.1206808e+02
  -5.6220254e+01
   1.1054094e+02
  -1.0332050e+02
  -3.3631777e+01
  -1.4804661e+02
  -1.0192584e+02
  -1.0871705e+02
  -1.6807190e+02
  -1.5523070e+02
  -3.7872409e+00
  -1.1469765e+02
  -1.0485785e+02
  -7.4332332e+01
  -4.3019337e+00
  -2.8631815e+01
  -2.5980869e+02
  -3.0571439e+02
   7.7058601e+01
  -1.9079028e+02
  -2.5562782e+02
  -9.4456330e+01
   5.6512339e+01
  -1.0456022e+02
  -1.4607657e+02
  -7.7391522e+01
  -1.9236733e+02
   9.9221052e+01
  -7.7780094e+01
   2.7542731e+01
  -1.3334143e+01
  -2.8661443e+01
  -2.5199536e+01
  -1.8691836e+01
   1.0931839e+02
  -4.6923506e+01
   1.6603144e+02
  -2.2100313e+01
   1.3355241e+01
   2.2426295e+02
  -3.2211412e+01
   9.4505977e+01
   6.7681249e+01
   1.3766735e+02
  -6.7232929e+01
  -1.5803459e+02
  -9.1869832e-01
  -1.5011151e+02
  -7.9660894e+00
  -5.0552091e+01
  -6.8558879e+01
  -2.8382984e+01
   3.4693634e+01
  -3.2962644e+00
  -1.0520918e+02
  -1.5336725e+02
  -2.3669612e+02
  -5.5030998e+01
  -2.2055642e+02
  -1.7841916e+02
  -1.7918306e+02
  -3.6395349e+02
  -4.2086880e+02
  -3.4463130e+02
  -5.4269839e+02
  -6.1166009e+02
  -6.1841840e+02
  -5.7775095e+02
  -6.8805949e+02
  -8.6256740e+02
  -8.1739570e+02
  -1.0550991e+03
  -1.3051254e+03
  -1.2232986e+03
  -1.2930747e+03
  -1.3080664e+03
  -1.2596187e+03
  -1.3207872e+03
  -1.5542917e+03
  -1.4331958e+03
  -1.5376103e+03
  -1.5941707e+03
  -1.8646146e+03
  -1.7600498e+03
  -1.5963685e+03
  -1.7927683e+03
  -1.6978598e+03
  -1.7535464e+03
  -1.7164171e+03
  -1.8807365e+03
  -1.7578531e+03
  -1.8494847e+03
  -1.8201687e+03
  -1.8692049e+03
  -1.6304003e+03
  -1.8216064e+03
  -1.8374545e+03
  -1.8573659e+03
  -1.9180027e+03
  -1.8507170e+03
  -1.7980333e+03
  -1.8652291e+03
  -1.8510747e+03
  -1.7548806e+03
  -1.7892878e+03
  -1.8417446e+03
  -1.8029427e+03
  -1.7740113e+03
  -1.7835919e+03
  -1.8777667e+03
  -1.9552611e+03
  -1.7524867e+03
  -1.9080017e+03
  -1.7624537e+03
  -1.8900864e+03
  -1.8679245e+03
  -1.8346485e+03
  -1.8715206e+03
  -1.9132635e+03
  -1.6969553e+03
  -1.7919163e+03
  -1.7689267e+03
  -1.8094914e+03
  -1.9357669e+03
  -1.8058390e+03
  -1.7458509e+03
  -1.8456161e+03
  -1.9211037e+03
  -1.8571055e+03
  -1.8129008e+03
  -1.7775745e+03
  -1.9118244e+03
  -1.9778226e+03
  -1.8465344e+03
  -1.9905777e+03
  -1.8597876e+03
  -1.9444181e+03
  -1.9679467e+03
  -1.9142597e+03
  -1.8259202e+03
  -1.7728448e+03
  -1.8169739e+03
  -1.9535360e+03
  -1.8141016e+03
  -1.9074206e+03
  -1.8318780e+03
  -1.8423655e+03
  -1.8877807e+03
  -1.7164963e+03
  -1.8076345e+03
  -1.7824582e+03
  -1.7138108e+03
  -1.8275540e+03
  -1.7622834e+03
  -1.8276576e+03
  -1.8865303e+03
  -2.0883965e+03
  -2.0022544e+03
  -1.7683496e+03
  -1.9648491e+03
  -1.6009077e+03
  -1.9362433e+03
  -1.8733527e+03
  -1.6657359e+03
  -2.1034725e+03
  -1.8531629e+03
  -1.9875016e+03
  -2.0427691e+03
  -1.8539069e+03
  -1.8053203e+03
  -1.7233569e+03
  -1.8511512e+03
  -1.9861128e+03
  -1.9203817e+03
  -1.8591212e+03
  -1.9667961e+03
  -2.0079059e+03
  -1.7710996e+03
  -2.0780861e+03
  -2.0993229e+03
  -2.0336115e+03
  -1.9546510e+03
  -1.9729303e+03
  -1.9653721e+03
  -1.8970895e+03
  -1.8658051e+03
  -1.8558765e+03
  -1.9170484e+03
  -1.8994461e+03
  -1.9417955e+03
  -1.9231320e+03
  -1.9713743e+03
  -1.9808968e+03
  -1.9027914e+03
  -1.8646782e+03
  -1.9215602e+03
  -1.7279608e+03
  -1.7362055e+03
  -1.8813850e+03
  -1.9554450e+03
  -1.7205762e+03
  -1.8833537e+03
  -1.9726532e+03
  -1.8490785e+03
  -1.6544091e+03
  -1.7493469e+03
  -1.3799210e+03
  -1.2832591e+03
  -1.0907744e+03
  -7.7737229e+02
  -7.6943011e+02
  -8.9483443e+02
  -6.6632723e+02
  -6.2482878e+02
  -6.9683108e+02
  -5.0650865e+02
  -6.6730372e+02
  -3.2701466e+02
  -4.2779160e+02
  -4.3899348e+02
  -2.0821946e+02
  -8.8368235e+01
   1.2437118e+02
  -1.5564360e+01
   7.2434228e+01
   7.4675946e+01
   1.6825876e+02
   1.2572883e+02
   1.1381287e+02
   2.8574798e+02
   1.4496346e+02
   2.6950972e+02
   2.7966060e+02
   2.8060786e+02
   3.6708984e+02
   2.6766461e+02
   5.5848635e+02
   3.2509459e+02
   3.2115522e+02
   3.0013479e+02
   1.3806105e+02
   5.0509078e+02
   4.8324585e+02
   3.8663855e+02
   3.6409368e+02
   2.9834073e+02
   3.0749451e+02
   3.9996419e+02
   1.9529001e+02
   4.1020640e+02
   6.3241966e+02
   3.4133003e+02
   4.0891543e+02
   3.2632325e+02
   3.3392219e+02
   4.1721080e+02
   3.6511641e+02
   3.5572246e+02
   3.8932783e+02
   3.4399199e+02
   2.7338154e+02
   3.0947058e+02
   4.2286071e+02
   3.6474517e+02
   3.6522004e+02
   2.3733268e+02
   3.2639423e+02
   3.4613900e+02
   3.8292763e+02
   2.5395547e+02
   2.7273471e+02
   3.8217905e+02
   2.1396410e+02
   3.2797314e+02
   2.9892931e+02
   2.5372922e+02
   1.4191165e+02
   2.8232265e+02
   4.1236054e+02
   9.1170329e+01
   2.3177656e+02
   2.5585653e+02
   2.1079268e+02
   2.1026992e+02
  -2.8184437e+00
   8.3346198e+01
   3.2082592e+02
   9.0633109e+01
   2.3019925e+01
   1.5628814e+02
   8.9267271e+01
   2.7336453e+02
   4.0808876e+01
   7.6303630e+01
   1.5657563e+02
   1.4738432e+02
   1.8582458e+02
   3.4050946e+02
   7.5144125e+01
   1.6866154e+02
   1.3836217e+01
   2.0931863e+02
   2.4390733e+02
   1.6076924e+02
   1.8372551e+02
   1.9044350e+02
   1.0764182e+02
   6.0464159e+01
  -3.5346416e+01
   1.9212393e+02
   1.9564292e+01
   1.7823157e+02
   8.2602394e+01
   1.9373273e+02
   1.1449095e+02
   1.6176286e+02
   1.8977525e+02
   1.7507687e+02
   1.1242782e+02
   2.3889148e+02
   1.2626746e+02
  -1.6802264e+00
   2.5138256e+02
   1.5619100e+02
   1.9916961e+02
   1.6513808e+02
   1.9340973e+02
   2.5832552e+02
   9.6520363e+01
   5.6491189e+01
   1.5090770e+02
   1.6002984e+02
   1.7526637e+01
   5.8147332e+01
   1.9249787e+02
   1.4348919e+02
   9.9071729e+01
   1.0807965e+02
   9.4610500e+01
   4.1217642e+01
   5.7399448e+01
   9.2487572e+01
   5.6766194e+01
   1.5155222e+02
  -2.6301870e+01
   9.8714370e+01
   1.3793160e+02
   1.3786981e+02
   1.3001127e+01
   5.1551305e+01
  -7.7639327e+01
  -9.3843210e+01
  -7.3150934e+01
  -7.2644604e+01
  -4.1033761e+01
  -4.9925962e+01
  -9.9602563e+01
  -2.1066275e+02
  -3.3437043e+01
  -3.0962380e+00
  -1.6240187e+02
  -1.1835345e+02
  -2.8722869e+01
  -8.8167417e+01
  -8.6147123e+01
  -4.6754762e+01
  -4.3282164e+01
   2.1979205e+01
   1.3411206e+01
  -1.3927883e+02
   3.5858105e+01
  -1.6239588e+02
   1.1432596e+02
   3.6548309e-01
   4.3672511e+01
  -1.5077787e+02
   7.2383632e+00
  -1.2312235e+02
   1.8247527e+02
  -6.6178656e-01
  -4.1571390e+01
  -4.6282721e+01
  -7.2712499e+01
  -4.8305089e+01
  -1.2158227e+02
  -1.2231512e+02
  -9.4648572e+01
  -1.3227695e+02
  -8.3357685e+01
  -3.3969381e+02
  -2.1925144e+02
  -2.0603698e+02
  -1.8298756e+02
  -2.8432091e+02
  -3.1418741e+02
  -4.6331749e+02
  -4.7780709e+02
  -4.3826121e+02
  -6.1709861e+02
  -5.8945479e+02
  -6.2365182e+02
  -6.0136392e+02
  -7.6944335e+02
  -9.5223080e+02
  -9.0726877e+02
  -9.6315194e+02
  -1.1349276e+03
  -1.1004419e+03
  -1.2636648e+03
  -1.1999355e+03
  -1.5168819e+03
  -1.4199505e+03
  -1.5456069e+03
  -1.4541970e+03
  -1.5928399e+03
  -1.5859567e+03
  -1.6794569e+03
  -1.7057901e+03
  -1.6912918e+03
  -1.8740931e+03
  -1.6275905e+03
  -1.6603925e+03
  -1.5663721e+03
  -1.5327270e+03
  -1.6533860e+03
  -1.6871964e+03
  -1.7364602e+03
  -1.6658552e+03
  -1.7377575e+03
  -1.8002915e+03
  -1.9049129e+03
  -1.6132889e+03
  -1.7196913e+03
  -1.8056958e+03
  -1.7396928e+03
  -1.8717196e+03
  -1.7019402e+03
  -1.7689143e+03
  -1.8594795e+03
  -1.8335560e+03
  -1.9544118e+03
  -1.7826526e+03
  -1.6333738e+03
  -1.8087064e+03
  -1.9852769e+03
  -1.7535312e+03
  -1.7037267e+03
  -1.7856891e+03
  -1.8692705e+03
  -1.8267910e+03
  -1.7804156e+03
  -1.9491156e+03
  -1.8207444e+03
  -1.7201205e+03
  -1.8210442e+03
  -1.7911330e+03
  -1.8114152e+03
  -1.7923767e+03
  -1.9805174e+03
  -1.7787612e+03
  -1.9504514e+03
  -1.8173348e+03
  -1.7079492e+03
  -1.8006597e+03
  -1.8095205e+03
  -1.8320093e+03
  -1.9180662e+03
  -1.8063975e+03
  -1.7837261e+03
  -1.9149403e+03
  -1.7411457e+03
  -1.8981905e+03
  -1.8503930e+03
  -2.0097084e+03
  -1.8301628e+03
  -1.8546893e+03
  -1.7997017e+03
  -1.7450599e+03
  -1.7830347e+03
  -1.8268325e+03
  -1.8048799e+03
  -1.8071519e+03
  -1.9198097e+03
  -1.7082222e+03
  -1.8583192e+03
  -1.8053984e+03
  -1.8771945e+03
  -1.7173736e+03
  -1.8276087e+03
  -1.9477748e+03
  -1.9041287e+03
  -1.7387912e+03
  -1.9915116e+03
  -1.8656758e+03
  -1.8636366e+03
  -1.8357282e+03
  -1.7590764e+03
  -1.9126947e+03
  -1.7968883e+03
  -1.9556442e+03
  -1.8950015e+03
  -1.9389938e+03
  -1.9076056e+03
  -1.9143837e+03
  -1.8345296e+03
  -1.9347572e+03
  -1.9914631e+03
  -1.9346482e+03
  -1.8233121e+03
  -1.9692443e+03
  -1.9525112e+03
  -1.9153120e+03
  -1.9657993e+03
  -1.9984286e+03
  -2.0528393e+03
  -1.9058960e+03
  -1.7709678e+03
  -1.8837231e+03
  -2.1164934e+03
  -1.7981592e+03
  -2.0335169e+03
  -1.8338085e+03
  -1.9987144e+03
  -1.9625088e+03
  -1.8952220e+03
  -1.8586789e+03
  -1.8832479e+03
  -1.8657105e+03
  -1.8699138e+03
  -1.8617824e+03
  -1.9130879e+03
  -1.8536174e+03
  -1.6701614e+03
  -1.8401900e+03
  -1.8234878e+03
  -1.8788513e+03
  -1.5688405e+03
  -1.7109059e+03
  -1.3833970e+03
  -1.3521522e+03
  -9.6987283e+02
  -8.7487396e+02
  -6.1100755e+02
  -6.8753813e+02
  -5.2679952e+02
  -4.5656308e+02
  -5.8194477e+02
  -4.5601511e+02
  -5.7772117e+02
  -4.6340143e+02
  -2.7324000e+02
  -2.1612722e+02
  -2.2027931e+02
   4.2978579e+01
   4.1725378e+01
   2.3273442e+02
   7.3590879e+01
   2.7914502e+02
   4.6041538e+01
   1.2243304e+02
   3.3291363e+02
   8.3123033e+01
   2.6320144e+02
   1.8621197e+02
   1.6335450e+02
   2.0622080e+02
   3.2569159e+02
   2.1536206e+02
   3.7223937e+02
   2.8167466e+02
   3.9239572e+02
   2.7411152e+02
   3.8894177e+02
   3.4319179e+02
   3.5160221e+02
   2.8489875e+02
   1.7243520e+02
   5.4191888e+02
   2.4359827e+02
   3.6669406e+02
   3.0870240e+02
   3.8202900e+02
   4.4097753e+02
   5.2919949e+02
   5.3523648e+02
   3.4571137e+02
   4.2261735e+02
   2.2741366e+02
   3.5477743e+02
   3.3124393e+02
   4.3574632e+02
   2.5241321e+02
   3.5817921e+02
   4.3304322e+02
   4.0075301e+02
   3.1851962e+02
   3.2360493e+02
   4.3206588e+02
   2.4547938e+02
   3.7089858e+02
   3.8642396e+02
   2.1958386e+02
   3.3180372e+02
   2.1895139e+02
   2.8086862e+02
   3.1039104e+02
   2.5085679e+02
   2.1981183e+02
   2.2841861e+02
   1.4339480e+02
   2.1357878e+02
   1.5771110e+02
   1.7507096e+02
   8.7763803e+01
   8.5365893e+01
   1.5679552e+02
   1.7880888e+02
   5.1673545e+01
   7.5465830e+01
  -2.7202024e+01
   7.8052266e+01
   7.5618068e+00
   4.6540606e+01
   1.0613812e+02
  -5.3281382e+01
  -1.0093735e+02
   1.2925741e+02
   1.8900340e+02
   1.3726656e+02
  -2.7859374e+01
   8.0449605e+01
   8.8612132e+01
  -1.1990044e+02
   1.8549140e+01
   1.1241950e+00
   1.6998340e+02
   3.4164095e+01
  -5.0650566e+01
  -1.2087503e+02
  -3.4080362e+01
   6.2088850e+00
  -8.9607725e+01
  -3.5512206e+01
   8.9980864e+01
   5.0107135e+01
   1.5543224e+02
   5.8009881e+01
   1.4285336e+02
   1.2081166e+02
  -1.2198480e+02
  -2.9339438e+01
   4.8320232e+01
   1.4583742e+02
  -1.3554682e+01
   4.1798899e+01
  -4.8593844e+01
  -5.9450924e+01
  -1.4357520e+02
  -3.1884397e+01
  -1.5668730e+02
  -1.0310526e+02
  -1.9364809e+01
   1.3364733e+02
   3.5046012e+00
  -8.1047628e+01
  -2.8562545e+01
  -8.3037737e+01
  -1.6963745e+01
   1.7082059e+02
  -7.6684151e+01
   4.7559214e+01
  -4.7182895e+00
   1.4905640e+02
   1.0340899e+01
  -1.7192460e+02
  -6.9822814e+01
   1.1669841e+01
  -8.9540006e+01
  -6.4593069e+01
  -2.3734894e+02
  -2.0845578e+02
  -1.8219612e+02
  -1.6578878e+01
  -2.3995232e+02
   3.9133107e+01
  -1.7981970e+02
  -8.8749367e+01
  -1.3649238e+02
  -1.7913671e+02
  -1.0386728e+02
  -6.1458121e+01
  -1.9708837e+02
  -7.5015807e+01
  -1.9370863e+02
  -1.1216052e+02
  -1.3596938e+02
  -1.1832821e+02
  -3.3241431e+01
  -1.9156926e+02
  -1.2694055e+02
  -9.1744016e+01
  -1.3322923e+02
   6.2301609e+01
  -6.3703122e+01
  -1.6040852e+02
  -1.0354106e+02
   1.1225005e+01
  -1.8254168e+02
  -2.3976906e+01
  -4.5315613e+01
  -7.1335656e+01
  -6.2754146e+01
  -1.7220136e+02
  -1.2564741e+02
  -1.8687442e+01
  -1.8559437e+02
  -1.9784684e+02
  -1.7823949e+02
  -1.1221107e+02
  -2.7740540e+02
  -2.3693611e+02
  -3.2253189e+02
  -2.6266407e+02
  -3.3656333e+02
  -2.0555639e+02
  -3.9622182e+02
  -3.8384790e+02
  -4.3472841e+02
  -6.7747606e+02
  -5.6763734e+02
  -6.0529540e+02
  -6.3306853e+02
  -7.9881382e+02
  -9.9369823e+02
  -9.5377771e+02
  -9.1224214e+02
  -1.1798088e+03
  -1.2092687e+03
  -1.2424002e+03
  -1.1312478e+03
  -1.4183494e+03
  -1.3901952e+03
  -1.6507884e+03
  -1.6315596e+03
  -1.7433666e+03
  -1.5589194e+03
  -1.7539879e+03
  -1.7007724e+03
  -1.7286149e+03
  -1.6996789e+03
  -1.7065255e+03
  -1.7739578e+03
  -1.7943410e+03
  -1.7089937e+03
  -1.7662785e+03
  -1.7152478e+03
  -1.7918497e+03
  -1.9832478e+03
  -1.7432449e+03
  -1.8501893e+03
  -1.8949246e+03
  -1.9241177e+03
  -1.8286388e+03
  -1.7467746e+03
  -1.7816439e+03
  -1.8362836e+03
  -1.7735580e+03
  -1.8240393e+03
  -1.8498194e+03
  -1.9103922e+03
  -1.7629482e+03
  -1.7139329e+03
  -1.7147877e+03
  -1.9227504e+03
  -1.8935877e+03
  -1.7242055e+03
  -1.8937978e+03
  -1.8680189e+03
  -1.8342405e+03
  -1.7616168e+03
  -1.9438497e+03
  -1.9243821e+03
  -1.7528638e+03
  -1.7843815e+03
  -1.8702688e+03
  -1.8613365e+03
  -1.7691695e+03
  -1.9323433e+03
  -1.6842272e+03
  -1.8010934e+03
  -1.6452646e+03
  -1.7639765e+03
  -1.7995994e+03
  -1.9435573e+03
  -1.7182792e+03
  -1.7116145e+03
  -1.7858192e+03
  -1.8639439e+03
  -1.6872785e+03
  -1.7007692e+03
  -1.9556104e+03
  -1.9197930e+03
  -1.8154759e+03
  -1.8362773e+03
  -1.8291402e+03
  -1.8018687e+03
  -1.8705923e+03
  -1.7446542e+03
  -1.7720596e+03
  -1.7778130e+03
  -1.8557589e+03
  -1.7449878e+03
  -1.9259644e+03
  -1.8402024e+03
  -1.7493164e+03
  -1.7823073e+03
  -2.0827930e+03
  -1.8220245e+03
  -1.8761834e+03
  -1.8755285e+03
  -1.7697312e+03
  -1.7744947e+03
  -1.7889196e+03
  -1.9482994e+03
  -1.9687777e+03
  -1.8228165e+03
  -2.0262657e+03
  -1.9656585e+03
  -1.8592872e+03
  -1.7776525e+03
  -1.8464557e+03
  -1.9139147e+03
  -1.9131817e+03
  -1.8810041e+03
  -1.8935174e+03
  -1.8734709e+03
  -1.9431895e+03
  -1.9198846e+03
  -1.7760097e+03
  -1.9508232e+03
  -1.9160760e+03
  -1.9160071e+03
  -1.9018823e+03
  -1.9589022e+03
  -1.7977481e+03
  -2.0712222e+03
  -1.9566994e+03
  -1.8778052e+03
  -1.7890777e+03
  -1.9723739e+03
  -1.9311949e+03
  -2.0493360e+03
  -1.8978566e+03
  -1.9799641e+03
  -2.0534072e+03
  -1.9497401e+03
  -1.8991691e+03
  -2.0242232e+03
  -2.1006889e+03
  -1.7904268e+03
  -1.8642857e+03
  -1.8086245e+03
  -1.8987393e+03
  -1.8787868e+03
  -1.9600626e+03
  -1.6616137e+03
  -1.7424316e+03
  -1.5652722e+03
  -1.3867481e+03
  -1.2749886e+03
  -8.9710301e+02
  -7.0862209e+02
  -7.0731506e+02
  -5.7850110e+02
  -6.7400396e+02
  -6.4149847e+02
  -7.3162745e+02
  -4.1889589e+02
  -4.6421111e+02
  -2.3583936e+02
  -3.2485555e+02
  -1.6527934e+02
  -1.5951039e+01
  -1.8399313e+02
   1.2592709e+02
   1.3912538e+02
   3.4183714e+02
   3.0461406e+01
   1.1062980e+02
   1.9117274e+02
   2.1764338e+02
   1.1731743e+02
   2.4705836e+02
   1.8700793e+02
   3.0120514e+02
   2.2272310e+02
   2.4349282e+02
   2.4714270e+02
   2.6307274e+02
   1.4323708e+02
   2.7346099e+02
   2.4577901e+02
   4.0214491e+02
   2.4778116e+02
   5.4214224e+02
   4.2545143e+02
   3.9883328e+02
   4.0922769e+02
   3.2036869e+02
   3.6310854e+02
   5.5688526e+02
   3.2435330e+02
   3.0206340e+02
   2.7560241e+02
   5.0369557e+02
   4.4702655e+02
   3.1317200e+02
   2.1614292e+02
   4.4399140e+02
   3.0344795e+02
   2.8314073e+02
   2.8601710e+02
   3.6602738e+02
   4.8193785e+02
   2.5443996e+02
   3.9049418e+02
   3.4100942e+02
   3.0934788e+02
   3.0324258e+02
   2.9557353e+02
   3.7202022e+02
   2.8809028e+02
   4.3311019e+02
   3.6094421e+02
   2.8510289e+02
   2.0927053e+02
   2.0623989e+02
   2.9797834e+02
   2.3700960e+02
   2.0574110e+02
   2.6180111e+02
   2.8746308e+02
   2.6624780e+02
   2.0980749e+02
   1.5168741e+02
   1.1220034e+02
   1.1550014e+02
   1.7707698e+02
   7.3778315e+00
   2.2314457e+02
   1.8456977e+02
   1.3612983e+02
   1.2775419e+02
   8.0087739e+01
   2.2745607e+02
   2.7809036e+02
   1.0154969e+02
   7.0576559e+01
   2.4976860e+01
   1.1596286e+02
   5.6109467e+01
  -1.9469041e+02
   4.3763160e+01
   7.0052205e+01
  -1.1601043e+02
   7.5323995e+01
  -7.4829777e+01
   9.3064722e+01
  -1.1583777e+01
  -5.1554256e+01
   2.7415388e+00
  -4.1194291e+01
   8.2899245e+01
   1.1797694e+02
  -1.3902202e+02
  -1.2045309e+02
  -1.9764920e+02
   3.6165368e+01
   5.5441779e+01
  -2.0776404e+02
   6.9146560e+00
  -2.6847013e+01
  -9.6324416e+01
   3.4626739e+01
  -7.8363700e+01
  -6.9142438e+01
   1.0778736e+02
  -1.9481219e+02
  -4.8200970e+01
  -2.2821567e+02
  -5.8819903e+01
  -5.1187703e+01
   4.4143772e+00
  -2.3557953e+02
  -1.2731206e+02
  -1.3588269e+02
  -3.4059209e+02
  -2.1972843e+02
  -2.1558775e+02
  -3.3867933e+02
  -1.7985914e+02
  -2.0690399e+02
  -9.6959573e+01
  -1.0690398e+02
  -2.9088463e+02
  -8.5696243e+01
  -2.0061380e+02
  -2.2891664e+02
  -2.3409003e+02
  -7.4363660e+01
  -1.8623569e+01
  -2.2289947e+02
  -7.4667078e+01
  -2.4002244e+02
  -2.7080338e+02
  -2.1492294e+02
  -4.3153166e+01
   4.6285854e+01
  -2.7166569e+01
   6.8047700e+01
  -5.5679552e+01
  -9.5392513e+01
  -6.8828514e+01
   3.0534440e+01
  -2.9815819e+02
  -2.1039082e+02
   1.0867444e+01
   6.6274052e+00
   2.9016799e+02
   3.1652431e+00
  -5.5743328e+01
  -5.9976953e+01
  -8.9412062e+01
   3.4242712e+01
   1.1323812e+01
   1.4721925e+02
  -3.6311999e+01
   1.4888433e+01
   1.6066495e+01
   2.2044956e+01
  -7.1682224e+01
  -1.1758237e+02
  -1.8730698e+02
  -8.4135561e+01
  -1.7446002e+02
  -6.6384135e+01
  -5.6527696e+01
  -7.8782136e+01
  -2.3462796e+02
  -5.1908357e+01
  -2.6111022e+02
  -1.7344583e+02
  -3.7714290e+02
  -3.9963548e+02
  -3.6757260e+02
  -4.3879334e+02
  -5.4649553e+02
  -4.7164829e+02
  -8.0620352e+02
  -8.4198257e+02
  -8.4466418e+02
  -1.0297262e+03
  -1.2005306e+03
  -1.1696698e+03
  -1.1272973e+03
  -1.3430092e+03
  -1.4376334e+03
  -1.4689688e+03
  -1.5394962e+03
  -1.4379569e+03
  -1.3995302e+03
  -1.7567754e+03
  -1.7313040e+03
  -1.6272899e+03
  -1.6840569e+03
  -1.7357888e+03
  -1.7177941e+03
  -1.8054131e+03
  -1.6835899e+03
  -1.7529900e+03
  -1.8289010e+03
  -1.6989506e+03
  -1.7777852e+03
  -1.6753095e+03
  -1.7903892e+03
  -1.6979959e+03
  -1.8398434e+03
  -1.7261672e+03
  -1.8453303e+03
  -1.8905374e+03
  -1.9044787e+03
  -1.8796491e+03
  -1.7144847e+03
  -1.9287539e+03
  -1.7320167e+03
  -1.7544474e+03
  -1.8334308e+03
  -1.8086484e+03
  -1.8681209e+03
  -1.8158673e+03
  -1.6401446e+03
  -1.8320112e+03
  -1.9447921e+03
  -1.9182241e+03
  -1.8753692e+03
  -1.8393067e+03
  -1.6567860e+03
  -1.7640682e+03
  -1.9901691e+03
  -1.6349389e+03
  -1.7952277e+03
  -1.8185516e+03
  -1.7513630e+03
  -1.8353180e+03
  -1.8010510e+03
  -1.7575438e+03
  -1.8542993e+03
  -1.8199629e+03
  -1.8420485e+03
  -1.8278140e+03
  -1.7588048e+03
  -1.7972820e+03
  -1.7903797e+03
  -2.0491463e+03
  -1.8142099e+03
  -1.7687608e+03
  -1.6939991e+03
  -2.0118864e+03
  -1.7873564e+03
  -1.8940446e+03
  -1.9333040e+03
  -1.9284348e+03
  -1.8949682e+03
  -1.8519598e+03
  -1.8777424e+03
  -1.7550188e+03
  -1.9206324e+03
  -1.7845714e+03
  -1.8227705e+03
  -1.7568974e+03
  -1.8914326e+03
  -1.8619474e+03
  -1.7819862e+03
  -1.8610271e+03
  -1.9560771e+03
  -1.8289976e+03
  -1.8934341e+03
  -1.9223595e+03
  -1.9130405e+03
  -1.7771658e+03
  -1.9323999e+03
  -1.7524409e+03
  -1.7124380e+03
  -1.9459563e+03
  -1.8262968e+03
  -1.9093648e+03
  -1.8568713e+03
  -1.8170125e+03
  -1.7359659e+03
  -1.8253426e+03
  -1.9341411e+03
  -2.0029707e+03
  -1.8427844e+03
  -1.9316547e+03
  -1.7213824e+03
  -1.8288863e+03
  -1.8859116e+03
  -1.8703005e+03
  -1.8480051e+03
  -1.9632069e+03
  -1.8344722e+03
  -2.0013858e+03
  -2.0060179e+03
  -1.8444276e+03
  -1.9195239e+03
  -1.8920999e+03
  -1.8528500e+03
  -1.8432326e+03
  -1.7489116e+03
  -1.8742899e+03
  -1.9210735e+03
  -1.9432730e+03
  -1.9119283e+03
  -1.9695254e+03
  -1.8191896e+03
  -1.8143869e+03
  -1.8253203e+03
  -1.8724563e+03
  -1.5603547e+03
  -1.3022785e+03
  -1.0832736e+03
  -9.3316654e+02
  -8.5738266e+02
  -8.5817661e+02
  -9.5658917e+02
  -6.4546465e+02
  -6.3735032e+02
  -6.5088486e+02
  -5.8599212e+02
  -5.9180105e+02
  -4.6132547e+02
  -5.4745514e+02
  -3.7178667e+02
  -3.5856376e+02
  -3.3858988e+02
  -1.1880390e+02
  -1.5028180e+02
  -4.0851634e+01
  -2.9488148e+01
  -7.3734504e+01
   9.1270678e+01
  -1.2356813e+01
   1.3859149e+02
   9.8526025e+01
   1.0661473e+02
   1.7439117e+02
  -8.2836157e+01
   2.3966156e+02
   1.7423953e+02
   2.2896695e+02
   3.4410444e+02
   3.8005176e+02
   2.7618645e+02
   2.2031980e+02
   1.1185420e+02
   3.2850485e+02
   2.3921632e+02
   3.6792369e+02
   2.4977013e+02
   1.5943400e+02
   2.4171279e+02
   3.6275748e+02
   2.9897910e+02
   2.8276746e+02
   3.2148503e+02
   3.7701166e+02
   3.9254985e+02
   3.1627740e+02
   2.7240980e+02
   3.2511472e+02
   2.4712080e+02
   3.0073319e+02
   4.1492945e+02
   4.2579950e+02
   5.1061328e+02
   3.7939493e+02
   3.0631058e+02
   4.9342697e+02
   3.7303631e+02
   4.6023702e+02
   4.1240464e+02
   3.5001478e+02
   4.3983047e+02
   5.2294348e+02
   3.5378915e+02
   4.5373581e+02
   3.1490106e+02
   2.7389174e+02
   3.5719535e+02
   3.8270884e+02
   2.8374345e+02
   3.3635828e+02
   2.5772084e+02
   1.7115899e+02
   2.2391063e+02
   2.3897194e+02
   3.3938144e+02
   4.2732648e+02
   1.2796814e+02
   1.0513160e+02
   2.3314464e+02
   3.3993498e+02
   2.7668510e+01
   1.4153397e+02
   1.5371252e+02
   1.0187383e+02
   1.5649870e+02
   2.4946510e+02
   1.0854944e+02
   2.8043588e+02
   2.6027975e+02
   2.3417841e+02
   3.1341642e+02
   5.5395999e+01
   1.1816293e+02
   1.7603268e+02
   1.3351090e+02
   6.4590799e+01
   9.1260438e+01
   8.6368527e+01
   1.2474779e+02
   7.7418730e+01
   4.2114871e+01
   1.0779430e+02
   5.6531895e+01
   1.1189204e+02
   1.5930474e+02
  -1.2883364e+02
   3.0557749e+01
   1.9970208e+02
  -2.3389241e+02
   7.1762594e+01
  -8.0761830e+01
  -3.1847994e+01
   5.4126208e+01
  -6.4768552e+01
  -1.1107143e+02
  -1.5664170e+02
   8.4190406e+00
  -1.0840429e+02
   5.0256757e+01
  -3.0696992e+02
   9.0280992e+01
  -1.3319837e+02
   3.8840206e+01
  -2.5100664e+01
  -5.7372356e+01
  -2.6159222e+02
   6.4349192e+01
  -1.0867133e+02
  -1.1292318e+02
  -6.1040797e+01
  -1.3496372e+02
  -7.7987311e+01
  -8.3388119e+01
  -1.9917785e+01
  -1.2709227e+02
  -9.5042697e+01
  -5.1901539e+01
  -5.0451826e+01
  -1.4406787e+02
  -7.6553763e+01
  -1.8122572e+02
  -1.5666725e+02
  -1.2161994e+02
  -8.0671521e+01
  -9.9161364e+01
   1.9570442e+02
  -2.8128513e+01
   4.2602276e+01
   6.2408148e+00
   7.9457108e+01
   1.1406994e+01
  -4.8146931e+01
  -7.1154058e+01
  -1.2982637e+01
  -4.6970935e+00
   1.0787652e+02
  -1.6380809e+00
   9.0739892e+00
   1.7168955e+02
   4.7962882e+01
   5.2432770e+01
   2.4019454e+02
   7.5823940e+01
  -4.8861476e+01
   1.7563051e+02
   2.6360252e+02
  -1.1785538e+01
  -1.3990715e+01
   1.9554843e+02
   1.7194393e+02
  -4.7703903e+01
   1.5250828e+02
  -1.7424239e+02
  -1.4214132e+01
  -1.8140513e+01
   4.7002586e+01
  -1.2635743e+02
  -3.9397191e+01
  -6.7206726e+01
  -1.3523441e+02
  -2.0240230e+02
  -1.8027387e+02
  -1.9417298e+02
  -1.8832097e+02
  -2.3561550e+02
  -1.9808879e+02
  -4.6583271e+02
  -3.7191808e+02
  -1.5116372e+02
  -3.2208917e+02
  -5.3266573e+02
  -7.0353909e+02
  -7.6626480e+02
  -7.4978859e+02
  -9.4939222e+02
  -8.3532432e+02
  -9.7745390e+02
  -1.1170941e+03
  -1.0203031e+03
  -8.9372207e+02
  -1.1799601e+03
  -1.2111324e+03
  -1.1862971e+03
  -1.2507925e+03
  -1.4777794e+03
  -1.4029848e+03
  -1.4734466e+03
  -1.5947921e+03
  -1.4640184e+03
  -1.4691048e+03
  -1.6890582e+03
  -1.5201778e+03
  -1.6571712e+03
  -1.6527313e+03
  -1.5820077e+03
  -1.6700286e+03
  -1.6045656e+03
  -1.7293853e+03
  -1.7105119e+03
  -1.6661855e+03
  -1.8663099e+03
  -1.8230359e+03
  -1.7092665e+03
  -1.8101528e+03
  -1.8368088e+03
  -1.8584259e+03
  -1.9354119e+03
  -1.7126063e+03
  -1.6438575e+03
  -1.7289195e+03
  -1.7916389e+03
  -1.7908939e+03
  -1.7725429e+03
  -1.8603736e+03
  -1.7725554e+03
  -1.8300126e+03
  -1.7373025e+03
  -1.8265584e+03
  -1.9151462e+03
  -1.8241045e+03
  -1.7482028e+03
  -1.7740185e+03
  -1.9281694e+03
  -1.7950191e+03
  -1.7200634e+03
  -1.8368985e+03
  -1.7609156e+03
  -1.8825348e+03
  -1.8596621e+03
  -1.8441296e+03
  -1.8380812e+03
  -1.8258436e+03
  -1.7786407e+03
  -1.8286451e+03
  -1.6234646e+03
  -1.8911084e+03
  -1.8268856e+03
  -1.8459899e+03
  -1.8153877e+03
  -1.9043725e+03
  -1.6841771e+03
  -1.8445030e+03
  -1.8707295e+03
  -1.8560820e+03
  -1.8650138e+03
  -1.8182557e+03
  -1.9053222e+03
  -1.7959535e+03
  -1.7134881e+03
  -1.7883402e+03
  -1.8849501e+03
  -1.8480625e+03
  -1.9554857e+03
  -1.9915513e+03
  -1.8537855e+03
  -1.8438791e+03
  -1.8103426e+03
  -1.8007835e+03
  -1.9210675e+03
  -1.9695203e+03
  -1.9391113e+03
  -1.8547734e+03
  -1.9004806e+03
  -1.9484851e+03
  -1.9000751e+03
  -1.9006699e+03
  -1.8382388e+03
  -1.8765128e+03
  -1.9339021e+03
  -1.8799515e+03
  -2.0464922e+03
  -1.7970309e+03
  -1.9381997e+03
  -2.0840291e+03
  -1.9471525e+03
  -1.9722932e+03
  -1.9862536e+03
  -1.9315707e+03
  -1.7643104e+03
  -1.8436653e+03
  -1.7429888e+03
  -1.8597856e+03
  -1.8330837e+03
  -1.8843414e+03
  -1.8442478e+03
  -1.8263099e+03
  -1.8496081e+03
  -1.9169935e+03
  -1.9864024e+03
  -2.1450687e+03
  -1.8168828e+03
  -1.8513749e+03
  -1.9839002e+03
  -1.8248552e+03
  -1.6728815e+03
  -1.6058720e+03
  -1.6670084e+03
  -1.5391163e+03
  -1.4041259e+03
  -1.4036733e+03
  -1.2565184e+03
  -1.1226858e+03
  -1.0493724e+03
  -8.1495265e+02
  -6.9871672e+02
  -5.7110108e+02
  -5.9609998e+02
  -4.0913135e+02
  -3.8925232e+02
  -2.2490454e+02
  -2.3418345e+02
  -1.9864217e+02
  -1.7937338e+02
  -9.4482548e+00
  -7.2649891e+01
   1.4386936e+02
  -3.6297675e+01
  -3.3563761e+01
   2.2255967e+02
   2.8266824e+02
   1.0744488e+02
   1.1795318e+02
   1.2726971e+02
   1.2749763e+02
   2.9209986e+02
   3.3932980e+02
   2.9463105e+02
   3.9970785e+02
   1.6838560e+02
   2.1077608e+02
   2.3572177e+02
   3.5956561e+02
   2.7079335e+02
   3.0983088e+02
   3.1963634e+02
   2.6337278e+02
   2.2719210e+01
   2.9308269e+02
   3.3178006e+02
   3.5745398e+02
   3.6352661e+02
   3.6016104e+02
   2.1436889e+02
   3.0599113e+02
   2.8952982e+02
   1.5016931e+02
   2.1150538e+02
   1.4798737e+02
   1.7273125e+02
   6.0941704e+01
   3.1547267e+02
   1.8573758e+02
   4.8303746e+01
   3.1343853e+02
   2.1124945e+02
   2.8215564e+02
   1.3105171e+02
   1.0821232e+02
   1.3096174e+02
   1.3141145e+00
   8.0494925e+01
  -1.1772357e+01
   5.8712343e+01
  -5.4735152e+01
  -1.3790396e+02
  -1.5826459e+02
  -1.8938131e+01
  -1.5233874e+01
  -1.0326896e+01
  -1.1238194e+02
  -1.0837465e+02
  -8.6630465e+01
  -8.3060937e+01
  -2.6531571e+02
  -4.0289828e+01
  -2.4079154e+02
  -2.6771505e+02
  -2.7809258e+02
  -4.3665652e+02
  -3.4715664e+02
  -2.4336387e+02
  -3.6445718e+02
  -2.2546132e+02
  -2.0247593e+02
  -3.7295291e+02
  -2.3467499e+02
  -2.5912120e+02
  -2.7775359e+02
  -2.8580525e+02
  -4.9627967e+02
  -3.5931428e+02
  -3.5608629e+02
  -4.2321917e+02
  -5.0347688e+02
  -2.6437610e+02
  -2.8495040e+02
  -3.1968215e+02
  -3.7366922e+02
  -4.3881169e+02
  -4.4742382e+02
  -3.8180240e+02
  -4.2693074e+02
  -3.2904271e+02
  -2.5132297e+02
  -3.1621285e+02
  -3.8089193e+02
  -3.0157333e+02
  -3.7007917e+02
  -4.3874258e+02
  -3.9798878e+02
  -1.9468163e+02
  -3.6925406e+02
  -2.4732417e+02
  -3.3004755e+02
  -2.7128790e+02
  -3.4428513e+02
  -3.7901450e+02
  -4.3334457e+02
  -2.2339620e+02
  -3.6588403e+02
  -3.4154985e+02
  -2.1324223e+02
  -2.5848998e+02
  -3.7565619e+02
  -2.5818948e+02
  -4.0690859e+02
  -4.1074645e+02
  -1.9491575e+02
  -2.4543709e+02
  -1.7222979e+02
  -3.5195298e+02
  -2.3942645e+02
  -3.5920419e+02
  -2.4095666e+02
  -1.9194502e+02
  -3.2008664e+02
  -3.4519878e+02
  -1.0067771e+02
  -1.5867406e+02
  -2.9306312e+02
  -1.9485251e+02
  -1.9708764e+02
  -6.7711611e+01
  -1.7412436e+02
  -2.0867747e+02
  -4.0978816e+01
  -1.6664044e+02
  -7.6657159e+01
  -7.3389340e+01
  -1.9862232e+02
   1.1660758e+00
  -7.6638732e+01
  -1.8801133e+01
  -1.0016257e+02
  -1.2102188e+02
  -2.0978202e+01
  -9.6039983e+01
  -5.1034443e+01
  -1.8036610e+02
   7.4626890e+00
   3.9584217e+01
  -1.2637729e+02
  -1.0348079e+02
  -1.4038522e+02
  -1.9939335e+01
  -2.6371510e+01
  -2.1977742e+01
  -4.4005695e+01
   7.2616991e+01
  -8.0398139e+01
  -6.7024214e+01
   3.3668049e+01
   2.8341691e+01
  -3.7636785e+01
  -1.2314635e+02
  -1.6228051e+01
  -2.3543505e+02
  -1.4066077e+02
  -5.8197083e+01
  -2.3895071e+02
  -3.1733726e+02
  -3.8501603e+02
  -4.5221783e+02
  -6.1263033e+02
  -5.2496130e+02
  -5.8724029e+02
  -7.4305731e+02
  -7.1062192e+02
  -9.4766556e+02
  -9.4272097e+02
  -1.1174941e+03
  -1.2453700e+03
  -1.3245377e+03
  -1.5064127e+03
  -1.3538723e+03
  -1.5780856e+03
  -1.3692010e+03
  -1.5518123e+03
  -1.4977087e+03
  -1.4582958e+03
  -1.5905520e+03
  -1.7138787e+03
  -1.7441108e+03
  -1.7244835e+03
  -1.7371212e+03
  -1.7499917e+03
  -1.6932419e+03
  -1.7652119e+03
  -2.0453763e+03
  -1.7355522e+03
  -1.7504175e+03
  -1.9282512e+03
  -1.9146728e+03
  -1.7545114e+03
  -1.6800907e+03
  -1.7152292e+03
  -1.8300463e+03
  -1.8261516e+03
  -1.7191734e+03
  -1.8012873e+03
  -1.7266625e+03
  -1.7461753e+03
  -1.7929117e+03
  -1.8022804e+03
  -1.8818180e+03
  -1.6367594e+03
  -1.7821801e+03
  -1.9042176e+03
  -1.8734973e+03
  -1.7400996e+03
  -1.7374958e+03
  -1.8736305e+03
  -1.7572876e+03
  -1.6945389e+03
  -1.8957863e+03
  -1.9244590e+03
  -1.8985114e+03
  -2.0545334e+03
  -1.7326307e+03
  -1.8012699e+03
  -1.6848056e+03
  -1.8098884e+03
  -1.8091844e+03
  -1.8626224e+03
  -1.9992549e+03
  -1.8961776e+03
  -1.8876822e+03
  -1.6874967e+03
  -1.8933382e+03
  -2.0252650e+03
  -1.9343855e+03
  -1.7910241e+03
  -1.8488420e+03
  -2.0216462e+03
  -1.9000413e+03
  -2.0145921e+03
  -1.8294469e+03
  -1.7893670e+03
  -1.8021944e+03
  -1.8849489e+03
  -1.7828380e+03
  -1.8848989e+03
  -1.9262107e+03
  -2.0304323e+03
  -1.7219045e+03
  -1.8864101e+03
  -1.8811411e+03
  -1.9330626e+03
  -1.8081853e+03
  -1.9489547e+03
  -1.8128554e+03
  -1.7633814e+03
  -1.8971705e+03
  -1.7415082e+03
  -1.9507843e+03
  -2.0004063e+03
  -1.9623794e+03
  -1.7712848e+03
  -1.9055419e+03
  -1.8269756e+03
  -1.9301777e+03
  -1.9594038e+03
  -1.8800633e+03
  -1.9667304e+03
  -1.8318794e+03
  -1.9619366e+03
  -2.0122982e+03
  -1.9591891e+03
  -1.9674836e+03
  -2.0590207e+03
  -1.8705388e+03
  -1.9679196e+03
  -2.0313045e+03
  -1.9357886e+03
  -2.0136503e+03
  -1.7604217e+03
  -1.8169616e+03
  -1.9039047e+03
  -1.9297479e+03
  -2.0554583e+03
  -1.9390190e+03
  -2.0886747e+03
  -1.7695702e+03
  -1.8115427e+03
  -1.8206864e+03
  -1.8768078e+03
  -1.9192800e+03
  -1.9564294e+03
  -1.8908217e+03
  -1.8900508e+03
  -1.8517904e+03
  -1.7522148e+03
  -1.6111835e+03
  -1.5139269e+03
  -1.6028963e+03
  -1.2998567e+03
  -1.1178177e+03
  -8.8566781e+02
  -7.6877020e+02
  -6.3401113e+02
  -6.0529246e+02
  -5.6392403e+02
  -6.2550001e+02
  -5.6781628e+02
  -5.3902190e+02
  -4.4755859e+02
  -3.1572795e+02
  -3.3052518e+02
  -1.7232265e+02
  -2.1483562e+02
  -2.3058169e+01
  -7.3777363e+01
   1.7436957e+02
  -4.9120410e+00
   1.1328827e+02
   9.6350943e+01
   9.3068763e+01
   2.1963790e+02
   2.2891987e+02
   1.5431084e+02
   3.7759721e+02
   2.7260536e+02
   1.6210719e+02
   3.1070243e+02
   4.9033606e+02
   4.2015220e+02
   4.3126040e+02
   3.3718934e+02
   2.0925956e+02
   3.6859850e+02
   2.8182076e+02
   2.8479679e+02
   1.8089374e+02
   3.0296678e+02
   3.6878675e+02
   4.6798709e+02
   1.6466075e+02
   2.4356181e+02
   2.4700950e+02
   2.1243521e+02
   2.5471301e+02
   2.1185252e+02
   2.7055341e+02
   2.7126006e+02
   2.4832731e+02
   3.1378301e+02
   2.8185322e+02
   3.8474669e+02
   1.7225131e+02
   4.2494925e+02
   2.4110294e+02
   1.6226967e+02
   3.2058746e+02
   1.1991715e+02
   7.3471492e+01
   3.0583100e+02
   1.5815635e+02
   2.6275003e+02
   2.0062667e+02
   3.3523022e+02
   4.1737959e+01
   1.6839556e+02
   1.4007077e+02
   1.0763477e+02
   1.1668707e+02
   1.1122123e+02
  -4.7749633e-01
   1.3266771e+02
  -6.6560845e+01
   1.1906079e+01
   1.3073942e+02
   1.1264594e+02
   5.9560319e+01
   7.4075802e+01
   8.9438115e+01
   4.8215157e+01
   9.3631423e+01
   8.3378316e+01
   2.1226312e+02
  -1.0029771e+01
   1.7823800e+02
   6.3834727e+01
   1.5419146e+02
   3.1455045e+01
   2.1416732e+02
   2.0373661e+01
   8.0427191e+01
   1.0988148e+02
   3.4002367e+02
   2.4715838e+02
   1.5708986e+02
   8.7066239e+01
   1.0730847e+02
   6.7356975e+01
   7.7146782e+01
   2.0304091e+02
   2.8549992e+02
   3.8178169e+02
   4.0965825e+01
   3.6384308e+01
   1.8141103e+02
   1.4685017e+02
   2.5662555e+02
   1.3925551e+02
   3.1553753e+02
   2.4784600e+02
   2.1264413e+02
   3.7936987e+02
   2.3520349e+02
   5.5382469e+01
   6.1098242e+01
   2.5381826e+02
   1.2197646e+02
   2.7983754e+02
   2.6579884e+02
   2.3500371e+02
   1.5428622e+02
  -2.3004888e+01
   2.5382388e+02
   4.2625931e+01
  -9.7762264e+01
   9.8384168e+01
   1.5442230e+02
   1.0393658e+01
  -1.0004246e+02
   2.1118917e+02
   1.1283948e+02
   8.3267885e+01
   4.9469351e+01
   7.0257461e+01
   2.4916150e+01
   1.6116311e+01
  -5.1024829e+01
   3.2018119e+01
  -4.5702835e+01
  -1.4525434e+02
  -2.6521995e+02
   5.2792357e+00
  -1.4786003e+02
  -1.2114032e+02
  -2.7181254e+02
  -3.2563023e+01
  -1.2346995e+02
  -4.2530561e+01
  -1.8706808e+02
  -7.5024604e+01
  -4.5622453e+01
  -1.4745218e+02
  -5.8826934e+01
  -7.1269263e+01
  -4.6910985e+01
  -1.2264408e+02
   1.1775332e+02
  -8.7748871e+01
   1.2263898e+02
  -1.6548406e+01
  -5.6327857e+01
  -1.1120414e+02
   2.9403078e+01
  -3.5717397e+01
   1.0544061e+02
  -4.2152237e+01
  -9.1445521e+01
   6.7407232e+00
  -3.2470488e+01
   4.8555275e+01
  -1.1921692e+02
  -5.1132443e+01
  -1.5174040e+02
  -1.5161792e+02
   8.6972824e+01
  -1.6357011e+02
  -1.6412284e+02
  -2.5678401e+02
  -1.9230362e+02
  -1.1255307e+02
  -6.5616425e+01
  -2.5359933e+02
  -3.3450029e+02
  -3.3052066e+02
  -3.9466646e+02
  -3.3773696e+02
  -4.5219707e+02
  -5.7838870e+02
  -5.7275206e+02
  -6.6895104e+02
  -5.1200015e+02
  -7.7940627e+02
  -8.7203904e+02
  -7.7789884e+02
  -8.1578928e+02
  -1.0865650e+03
  -1.2078319e+03
  -1.1982679e+03
  -1.1146009e+03
  -1.3980665e+03
  -1.5232903e+03
  -1.5144764e+03
  -1.2793396e+03
  -1.5437052e+03
  -1.4661317e+03
  -1.6212195e+03
  -1.7604357e+03
  -1.6261386e+03
  -1.7620705e+03
  -1.7060697e+03
  -1.6558289e+03
  -1.7681210e+03
  -1.8139518e+03
  -1.6862974e+03
  -1.7271805e+03
  -1.8763122e+03
  -1.8321391e+03
  -1.8594368e+03
  -1.6434420e+03
  -1.6669202e+03
  -1.7299322e+03
  -1.7171236e+03
  -1.6458835e+03
  -1.8397773e+03
  -1.9258900e+03
  -1.8429242e+03
  -1.7691110e+03
  -1.8183438e+03
  -1.9346781e+03
  -1.8293576e+03
  -1.8564504e+03
  -1.9386447e+03
  -1.8178583e+03
  -1.7841828e+03
  -1.7129256e+03
  -1.8189287e+03
  -1.7464504e+03
  -1.7895468e+03
  -1.9614917e+03
  -2.0093048e+03
  -1.9018211e+03
  -1.8701508e+03
  -1.8829418e+03
  -1.9789062e+03
  -1.9165569e+03
  -1.7742375e+03
  -1.9663700e+03
  -1.9125840e+03
  -1.7660266e+03
  -1.8396808e+03
  -1.8219992e+03
  -1.7840725e+03
  -1.8542452e+03
  -1.7750075e+03
  -1.9551016e+03
  -1.8146998e+03
  -1.8415300e+03
  -1.6832633e+03
  -1.7748207e+03
  -1.8857211e+03
  -1.6745413e+03
  -1.8946801e+03
  -1.7743806e+03
  -1.8637141e+03
  -1.7370628e+03
  -1.8732897e+03
  -1.7093206e+03
  -1.8759814e+03
  -1.8469114e+03
  -1.9932311e+03
  -1.7933800e+03
  -1.8729626e+03
  -1.7700087e+03
  -1.8240452e+03
  -1.8479362e+03
  -2.0157991e+03
  -1.8617046e+03
  -1.7482739e+03
  -1.7532221e+03
  -1.9726568e+03
  -1.9751398e+03
  -1.9572831e+03
  -1.7775337e+03
  -1.8059071e+03
  -1.8243653e+03
  -1.8650754e+03
  -1.8063586e+03
  -1.7351995e+03
  -1.8248734e+03
  -1.8908568e+03
  -1.8360045e+03
  -1.8356387e+03
  -1.8859351e+03
  -1.8703226e+03
  -1.9459386e+03
  -1.8685042e+03
  -1.9253630e+03
  -1.8907469e+03
  -1.9099545e+03
  -1.9148886e+03
  -1.9238508e+03
  -1.9777808e+03
  -1.9791630e+03
  -1.9960543e+03
  -1.8465106e+03
  -1.9716763e+03
  -2.0108785e+03
  -1.9884452e+03
  -1.8010665e+03
  -1.8540765e+03
  -1.8043724e+03
  -1.9380082e+03
  -1.9879031e+03
  -1.9713283e+03
  -1.9290852e+03
  -1.8952454e+03
  -1.9457491e+03
  -1.8617893e+03
  -1.9267264e+03
  -1.9072524e+03
  -1.9098227e+03
  -1.8211801e+03
  -1.5108458e+03
  -1.4693955e+03
  -1.3182027e+03
  -1.2274778e+03
  -1.0301625e+03
  -8.9379909e+02
  -7.8966572e+02
  -5.8847785e+02
  -7.4856087e+02
  -7.3756111e+02
  -5.6633192e+02
  -5.6172566e+02
  -5.9807469e+02
  -5.1521828e+02
  -4.2673646e+02
  -4.1265923e+02
  -4.0293978e+02
  -2.5576723e+02
  -1.9337539e+02
  -2.0430121e+02
  -4.2119695e+01
  -2.6236335e+01
  -1.4132192e+02
   3.3692443e+01
   2.8809196e+01
   2.8239504e+01
   2.3197333e+02
   2.4333086e+02
  -1.3938302e+01
   3.1360376e+01
   2.2676284e+02
   2.9497155e+02
   2.3376456e+02
   1.6343696e+02
   1.9114185e+02
   2.6965563e+02
   2.1291355e+02
   4.2305655e+02
   1.4638146e+02
   2.8790023e+02
   1.6976040e+02
   4.7544765e+02
   2.1791609e+02
   3.8484382e+02
   2.9454196e+02
   2.4552982e+02
   4.5739516e+02
   3.6294311e+02
   2.6571854e+02
   2.3088633e+02
   2.7262429e+02
   2.2913292e+02
   2.2974681e+02
   2.7191775e+02
   1.2694613e+02
   1.2466208e+02
   1.8878761e+02
   2.8221273e+02
   2.5935618e+02
   2.4104613e+02
   2.0747823e+02
   3.3690831e+02
   1.8978828e+02
   3.2811362e+02
   2.8306688e+02
   1.3765777e+02
   2.9105894e+02
   6.4303151e+01
   2.1274937e+02
   8.2529192e+01
   4.6347089e+01
   7.2465614e+01
  -8.2715690e+00
   1.3267563e+02
   1.6624255e+02
  -9.3458306e+00
   6.3411959e+01
  -1.2533805e+01
   6.8807388e+01
  -4.2286246e+01
  -1.1289603e+02
  -7.6911140e+01
  -1.1406942e+02
  -1.6378908e+02
  -2.1655769e+02
  -6.9215512e+01
  -8.7367717e+01
   1.0776352e+01
  -2.6806661e+01
  -2.3153626e+02
  -1.9076618e+02
  -1.6179703e+02
  -1.8786953e+02
   2.7032345e+00
  -1.6883535e+02
  -2.4621180e+02
  -4.8857926e+01
  -1.1101103e+02
  -8.6505319e+01
  -1.1727121e+02
  -2.1263064e+02
   2.6328601e+01
  -1.3093329e+02
  -9.1456854e+01
  -1.0513814e+02
  -3.4701664e+02
  -1.5394895e+02
  -1.1911635e+02
  -1.8950915e+02
  -1.5631492e+02
  -1.1605899e+02
  -2.5695924e+01
  -9.5009224e+01
  -1.3551709e+02
  -7.8073872e+01
  -9.2533297e+01
  -2.3589550e+02
  -4.6999803e+01
  -2.0362825e+02
  -2.1684031e+02
  -3.4767303e+02
  -3.2478579e+02
  -1.9312993e+02
  -2.8635175e+02
  -2.6576610e+02
  -9.9155945e+01
  -1.5868798e+02
  -3.1913826e+02
  -2.7346553e+02
  -2.8349833e+02
  -3.3745057e+02
  -3.0105763e+02
  -3.3687746e+02
  -2.5810702e+02
  -2.0919655e+02
  -2.5782139e+02
  -2.8576706e+02
  -2.9903848e+02
  -3.9274065e+02
  -2.4345035e+02
  -3.1161893e+02
  -5.4420428e+00
  -3.0605773e+02
  -2.2940394e+02
  -3.2739318e+02
  -2.5542767e+02
  -2.6367512e+02
  -2.8772869e+02
  -2.2493234e+02
  -2.7462536e+02
  -1.7007784e+02
  -2.9062375e+02
  -2.1650850e+02
  -3.6252514e+02
  -3.9887244e+02
  -2.0875345e+02
  -3.4210488e+02
  -3.2058579e-01
  -1.5032176e+02
  -2.2500575e+02
  -2.6996727e+02
  -4.6742150e+01
  -7.4693061e+01
  -1.9552716e+02
  -5.9677572e+01
  -1.3689541e+02
  -5.8934087e+01
  -2.0136820e+02
   1.6747147e+01
  -1.5164647e+02
  -1.2202509e+02
  -1.7457417e+02
  -1.5923061e+02
  -5.7062285e+01
  -1.0654339e+02
  -5.4330045e+01
  -2.3982902e+02
   5.0241053e+01
  -2.1529567e+02
  -1.0470799e+02
  -1.3860323e+02
  -2.0956314e+02
  -2.0174291e+02
  -2.2681461e+02
  -1.1010412e+02
  -2.3515461e+02
  -2.4575788e+02
  -8.5316115e+01
  -1.8540083e+02
  -2.4335530e+02
  -1.6673549e+02
  -2.0960232e+02
  -1.5827491e+02
  -1.2055843e+02
  -3.1300065e+02
  -2.7613258e+02
  -4.8981116e+02
  -4.4954168e+02
  -5.2528788e+02
  -6.5988297e+02
  -5.0672650e+02
  -8.0985244e+02
  -8.4781107e+02
  -9.6447599e+02
  -8.6127007e+02
  -1.0678875e+03
  -1.2289994e+03
  -1.1881709e+03
  -1.2958239e+03
  -1.4820064e+03
  -1.4532069e+03
  -1.4115873e+03
  -1.5315118e+03
  -1.4654720e+03
  -1.6910563e+03
  -1.4664659e+03
  -1.6572689e+03
  -1.6767061e+03
  -1.6976552e+03
  -1.6991243e+03
  -1.6292456e+03
  -1.5923751e+03
  -1.7415375e+03
  -1.7305185e+03
  -1.6210515e+03
  -1.7670732e+03
  -1.8574115e+03
  -1.7104703e+03
  -1.7438468e+03
  -1.8731284e+03
  -1.7516108e+03
  -1.8610874e+03
  -1.9137710e+03
  -1.7701110e+03
  -1.8564507e+03
  -1.8055186e+03
  -1.9162356e+03
  -1.8384850e+03
  -1.8662958e+03
  -1.7925587e+03
  -1.8965842e+03
  -1.8448336e+03
  -1.9420159e+03
  -1.7118527e+03
  -1.7832184e+03
  -1.7903467e+03
  -1.8100886e+03
  -1.7168617e+03
  -1.8767570e+03
  -1.9232519e+03
  -1.7071999e+03
  -1.7769196e+03
  -1.9039269e+03
  -1.8650222e+03
  -1.7780869e+03
  -1.8393835e+03
  -1.8209108e+03
  -1.8027578e+03
  -1.8760920e+03
  -1.8306970e+03
  -1.9550786e+03
  -1.8133557e+03
  -1.7971474e+03
  -2.1059508e+03
  -1.9346790e+03
  -1.8151855e+03
  -1.7899062e+03
  -1.8659816e+03
  -1.6689638e+03
  -1.9873924e+03
  -1.9050839e+03
  -1.9654762e+03
  -1.9622269e+03
  -1.8236278e+03
  -1.8456458e+03
  -1.8963750e+03
  -1.8442684e+03
  -1.8617123e+03
  -2.1049726e+03
  -1.9421476e+03
  -1.7410416e+03
  -1.8925577e+03
  -1.8931550e+03
  -1.6953533e+03
  -1.7345566e+03
  -1.9703933e+03
  -1.7515964e+03
  -1.8208789e+03
  -1.7891813e+03
  -1.7445225e+03
  -1.9414521e+03
  -1.9124772e+03
  -1.8976918e+03
  -1.9775965e+03
  -1.8940581e+03
  -1.8762340e+03
  -1.9984001e+03
  -2.0087354e+03
  -1.8511387e+03
  -1.8516221e+03
  -1.8560571e+03
  -1.9995038e+03
  -1.9471341e+03
  -1.9431592e+03
  -1.8303646e+03
  -1.8581199e+03
  -2.0454787e+03
  -1.8211985e+03
  -2.0638962e+03
  -1.9424210e+03
  -1.9189328e+03
  -1.9062520e+03
  -1.9639944e+03
  -2.0272938e+03
  -1.8673524e+03
  -2.1223934e+03
  -1.8245410e+03
  -1.8541975e+03
  -1.9220981e+03
  -1.6974398e+03
  -1.8605992e+03
  -1.8823584e+03
  -1.7693222e+03
  -1.7758150e+03
  -1.7900640e+03
  -1.8273377e+03
  -1.9197829e+03
  -2.0998540e+03
  -2.0082335e+03
  -1.9137468e+03
  -1.7112703e+03
  -1.4913497e+03
  -1.2105356e+03
  -1.0156186e+03
  -1.0551830e+03
  -8.4425286e+02
  -7.2194790e+02
  -7.4862497e+02
  -6.6693129e+02
  -5.5821218e+02
  -7.6179377e+02
  -4.8941870e+02
  -4.9595867e+02
  -4.4829401e+02
  -3.3169288e+02
  -2.7999286e+02
  -3.0498366e+02
  -1.5664281e+02
  -1.1146922e+02
   3.3673195e+01
  -4.6418569e+01
  -1.4692941e+01
   6.5666981e+01
  -6.3814216e+01
   1.5251075e+02
   4.9233597e+01
   1.6753753e+02
   1.2059062e+02
   1.4734366e+02
   2.0048458e+02
   1.8942203e+02
   8.3632128e+01
  -1.7169729e+01
   2.6785080e+02
   3.2842352e+02
   1.6656460e+02
   2.0281547e+02
   3.2949827e+02
   2.7430498e+02
   3.0210812e+02
   1.4516022e+02
   1.5748002e+02
   1.7271833e+02
   2.7358947e+02
   3.6490896e+02
   4.0053389e+02
   1.8061947e+02
   4.5677585e+02
   2.3255039e+02
   2.5431517e+02
   2.3254881e+02
   2.8331958e+02
   3.0095299e+02
   1.5906557e+02
   1.6089116e+02
   3.2655685e+02
   5.1947930e+02
   3.5606869e+02
   4.3315539e+02
   3.8317936e+02
   4.1175217e+02
   1.2586616e+02
   3.8654231e+02
   4.1492098e+01
   2.5798006e+02
   1.4448845e+02
   1.9555495e+02
   1.7096462e+02
   1.8461105e+02
   2.8257899e+02
   2.7743689e+02
   7.8495034e+01
   2.0795216e+02
   2.0829118e+02
   3.8842814e+02
   2.2887376e+02
   1.3759870e+02
   7.7241842e+01
   1.9699962e+02
   1.5448627e+02
   8.5227209e+01
   9.3275967e+01
   2.4849181e+02
   1.6867722e+02
   1.4354843e+02
   2.0806756e+02
   1.3748870e+02
   1.9148127e+02
   1.0479442e+02
   1.4487897e+02
   1.9859334e+02
   1.8297204e+02
   1.9309567e+02
   1.3574000e+02
   7.3021487e+01
   3.5155076e+01
  -3.9228429e+01
   3.2797584e+02
   1.9998650e+02
   1.1803804e+02
   1.9285818e+02
   3.1805340e+02
   1.8080276e+01
   1.4942714e+02
   2.9801643e+02
   3.2914620e+02
   1.3418576e+02
   1.4316208e+02
   3.8340408e+02
   1.4948714e+02
   2.6164393e+02
   1.0636463e+02
   3.1600125e+02
   1.6419425e+02
   2.5229426e+02
   1.7284741e+02
   2.0835970e+02
   1.9294761e+02
   2.3963578e+02
   1.2661955e+02
   1.7054425e+02
   6.6412860e+01
  -3.1892024e+01
   1.9568830e+02
   1.1481955e+02
   1.4497711e+02
   5.7573525e+01
   4.7856094e+02
   3.6616085e+01
   1.8338569e+02
   1.6611265e+02
   1.1391040e+02
   1.6000864e+02
   6.1331038e+01
   2.1156848e+02
   1.9114150e+02
   1.7087199e+02
   6.6267120e+01
   1.4677623e+02
   1.5728564e+02
   1.0812311e+02
  -1.4759329e+01
   3.3887106e+01
   1.4118104e+02
   1.3687427e+02
  -8.4133631e+01
   2.2142404e+01
  -1.2339494e+02
  -4.1022692e+01
  -6.4091424e+01
   5.8440590e+01
  -1.9247640e+02
  -1.9687131e+02
  -1.5379795e+02
  -3.6006117e+01
  -1.5261229e+02
  -2.3370687e+02
  -3.2413133e+02
  -3.7020026e+02
  -4.6476138e+02
  -3.5516657e+02
  -4.9574996e+02
  -4.1836349e+02
  -4.3258297e+02
  -2.6216216e+02
  -5.4383378e+02
  -2.2515352e+02
  -2.7008525e+02
  -4.2463847e+02
  -2.0257585e+02
  -4.4364996e+02
  -3.5660083e+02
  -5.4846906e+02
  -4.0262887e+02
  -3.1424094e+02
  -2.4082543e+02
  -3.4660785e+02
  -1.1436841e+02
  -2.4514381e+02
  -2.4244427e+02
  -1.7701177e+02
  -2.2784639e+02
  -1.4737042e+02
   4.8753776e+00
  -1.1484829e+02
  -1.1937058e+02
  -1.0849399e+02
  -1.2906945e+02
  -1.5380634e+02
   6.3103473e+01
  -4.1996879e+01
   4.0611766e+00
  -7.8600224e+01
  -3.6130483e+01
   5.2553885e+01
  -1.1552765e+02
   2.3504501e+01
   1.6706775e+01
  -1.4518160e+02
  -9.5524578e+01
   8.4450372e+01
  -6.0021488e+01
  -1.8604386e+02
  -2.9553734e+00
  -1.4578469e+02
  -1.3377374e+02
  -2.0192196e+02
  -1.0037901e+02
  -2.6989391e+02
  -2.9079071e+02
  -3.5386029e+02
  -4.7345030e+02
  -5.1055027e+02
  -4.9188473e+02
  -7.2482533e+02
  -7.9732483e+02
  -8.3231454e+02
  -8.1713927e+02
  -8.8383134e+02
  -9.5086633e+02
  -1.0772921e+03
  -1.1470084e+03
  -1.2086043e+03
  -1.3771875e+03
  -1.3698787e+03
  -1.3719252e+03
  -1.3753247e+03
  -1.4719153e+03
  -1.7100380e+03
  -1.6598823e+03
  -1.5242672e+03
  -1.6963613e+03
  -1.6203981e+03
  -1.8744155e+03
  -1.6005710e+03
  -1.8378536e+03
  -1.7653789e+03
  -1.7323013e+03
  -1.6371574e+03
  -1.6163663e+03
  -1.6997221e+03
  -1.6648273e+03
  -1.6631719e+03
  -1.7773462e+03
  -1.8008691e+03
  -1.6704279e+03
  -1.5925745e+03
  -1.6477554e+03
  -1.7528939e+03
  -1.8396804e+03
  -1.6891268e+03
  -1.7050858e+03
  -1.7965612e+03
  -1.7048956e+03
  -1.7433397e+03
  -1.6793309e+03
  -1.7611415e+03
  -1.8264881e+03
  -1.6864930e+03
  -1.8056633e+03
  -1.7000193e+03
  -1.7104373e+03
  -1.6785268e+03
  -1.9322092e+03
  -1.7966086e+03
  -1.7882223e+03
  -1.7495756e+03
  -1.7870560e+03
  -1.6485854e+03
  -1.8306577e+03
  -1.6809758e+03
  -1.7764788e+03
  -1.7618095e+03
  -1.9245787e+03
  -1.7914096e+03
  -1.6295514e+03
  -1.8466514e+03
  -1.7546097e+03
  -1.7805878e+03
  -1.7963681e+03
  -1.7839109e+03
  -1.7109170e+03
  -1.9036835e+03
  -1.7521479e+03
  -1.7132183e+03
  -1.7240549e+03
  -1.7694157e+03
  -1.6988346e+03
  -1.8743198e+03
  -1.7728261e+03
  -1.7747297e+03
  -1.8222508e+03
  -1.7723136e+03
  -1.7920560e+03
  -1.9398036e+03
  -1.7661124e+03
  -1.9134618e+03
  -1.7522212e+03
  -1.8027074e+03
  -1.7061965e+03
  -2.0203482e+03
  -1.7974092e+03
  -1.8651685e+03
  -1.9848811e+03
  -1.9676336e+03
  -1.8166324e+03
  -1.9543199e+03
  -1.8606234e+03
  -1.9473968e+03
  -1.8967843e+03
  -1.8510020e+03
  -1.9424593e+03
  -1.8546481e+03
  -1.9195582e+03
  -1.8591436e+03
  -1.9052551e+03
  -1.8656047e+03
  -1.8991197e+03
  -1.6998449e+03
  -1.9448575e+03
  -1.9025859e+03
  -1.8946839e+03
  -1.9384336e+03
  -1.9465422e+03
  -1.8263716e+03
  -1.7943118e+03
  -1.9612117e+03
  -1.8052655e+03
  -1.9180246e+03
  -1.9409937e+03
  -1.7998789e+03
  -1.8888373e+03
  -1.8696599e+03
  -1.7949528e+03
  -1.8792480e+03
  -1.9525528e+03
  -1.8510648e+03
  -2.0369801e+03
  -1.8980032e+03
  -2.0477719e+03
  -1.8900559e+03
  -1.9480258e+03
  -1.7988487e+03
  -1.7346637e+03
  -1.8637769e+03
  -1.7290273e+03
  -1.6506272e+03
  -1.5571726e+03
  -1.2074653e+03
  -1.2116996e+03
  -6.4796041e+02
  -6.5531468e+02
  -4.5839665e+02
  -4.3448926e+02
  -5.8846782e+02
  -4.6961994e+02
  -2.3922714e+02
  -9.8395831e+01
  -1.7493723e+02
  -8.3302526e+01
  -2.4646013e+00
  -4.3742915e+01
   2.2321437e+02
   3.3873837e+02
   7.3277126e+01
   1.9076465e+02
   2.2929848e+02
   1.0585624e+02
   4.1945230e+02
   2.4530676e+02
   2.6596468e+02
   3.4986369e+02
   2.5292295e+02
   4.7109293e+02
   4.2672932e+02
   3.1734408e+02
   2.2700670e+02
   2.1842334e+02
   2.7082082e+02
   3.4671478e+02
   1.8757472e+02
   2.2821447e+02
   3.1732498e+02
   3.7097393e+02
   4.6882337e+02
   3.4256899e+02
   5.2243341e+02
   2.9190815e+02
   3.2532234e+02
   1.5587986e+02
   5.6753397e+02
   3.4354560e+02
   3.0892121e+02
   3.8725110e+02
   3.4949491e+02
   4.7964783e+02
   2.7550774e+02
   2.4817509e+02
   1.9252124e+02
   1.1303479e+02
   3.4218628e+02
   2.5308119e+02
   2.4859048e+02
   2.1555883e+02
   2.1038598e+02
   1.9032781e+02
   1.1915705e+02
   2.5719074e+02
   1.5586148e+02
   6.8040629e+01
   1.6903658e+02
   2.5713917e+02
   1.2035508e+02
  -4.1585843e+01
  -2.5656033e+01
   5.7324300e+01
   4.1631700e+01
   1.2097117e+02
  -1.2423817e+02
  -8.2861597e+01
  -1.1780775e+02
  -2.6219076e+01
  -1.6245445e+02
   2.1966016e+01
  -1.5012905e+02
  -4.2550132e+01
  -2.0841683e+02
  -1.0488829e+02
  -1.4972543e+02
  -2.0539968e+02
  -2.5193999e+02
  -2.2077152e+02
  -2.2333466e+02
  -2.1136868e+02
   8.2027223e+00
   4.8271154e+01
  -8.9179079e+01
  -1.6619921e+02
  -4.9061890e+01
  -1.2863348e+02
  -1.4349663e+02
  -1.6617310e+02
  -1.7586890e+02
  -5.4828165e+01
  -7.0288573e+01
  -1.1637005e+02
  -7.3272972e+01
  -4.9840122e+01
   2.7149566e+01
  -1.9799931e+02
  -1.6526755e+02
  -2.4650988e+02
  -2.6476186e+00
  -3.4665044e+01
  -1.0010100e+01
  -9.6790714e+01
  -8.2751271e+01
  -7.8674403e+01
  -1.1875872e+02
  -2.4861368e+02
  -3.3532885e+01
  -6.7238771e+01
  -7.1116870e+01
   9.4161223e+01
   1.1848295e+01
  -1.7163242e+02
  -4.4706043e+01
  -1.4896532e+02
  -1.6945891e+02
  -1.3056552e+02
  -9.6513447e+01
  -2.1386735e+02
  -3.9227441e+02
  -2.8238114e+02
  -2.1127408e+02
  -2.6905841e+02
  -2.1736275e+02
  -2.2383671e+02
  -2.3115935e+02
  -7.5122880e+01
  -1.7713045e+02
  -1.4832953e+02
  -2.5195491e+02
  -2.0750434e+02
  -2.1426393e+02
  -2.4270110e+02
  -1.4150067e+02
  -2.5705135e+02
  -3.5130665e+02
  -3.3535725e+02
  -1.8673587e+02
  -2.3550599e+01
  -1.7647270e+02
  -8.4572721e+01
  -1.3703253e+02
  -1.6338182e+01
  -3.4133895e+01
  -1.6752638e+01
   5.1697075e+01
   1.5733910e+00
   3.3674101e+01
   3.1097305e+01
   1.0716712e+02
  -1.3672054e+02
  -6.5277409e+01
   4.6372276e+01
   8.4062220e+01
   3.9248942e+01
   3.5050314e+01
  -8.4288355e+01
   3.9247166e+01
   7.4265285e+01
  -1.1386051e+01
   5.5634455e+01
  -1.1168173e+02
   2.9281202e+01
   9.3393436e+01
   1.3263433e+02
  -3.2269618e+01
   1.8421346e+01
   1.1438268e+02
  -3.1513823e+01
   5.4708317e+00
  -4.1346119e-01
  -6.4199049e+01
  -2.2475198e+01
   5.6461219e+01
   9.8491925e+01
   8.7299976e+00
  -5.6537566e+01
  -5.4322725e+01
   1.5601151e+01
  -2.9122116e+01
  -2.7132978e+02
  -1.4032914e+02
  -2.5758304e+02
  -1.7266978e+02
  -2.9373199e+02
  -2.8677232e+02
  -1.4890075e+02
  -5.0254227e+02
  -5.0962738e+02
  -4.9103905e+02
  -7.0181905e+02
  -6.4923470e+02
  -8.4479259e+02
  -9.6409770e+02
  -8.9467055e+02
  -1.0849473e+03
  -1.1818229e+03
  -1.1807956e+03
  -1.2064876e+03
  -1.2039063e+03
  -1.3417991e+03
  -1.4441392e+03
  -1.4152329e+03
  -1.5177318e+03
  -1.6498698e+03
  -1.6197625e+03
  -1.8287430e+03
  -1.5896890e+03
  -1.6509004e+03
  -1.7039129e+03
  -1.5459957e+03
  -1.5953307e+03
  -1.7545942e+03
  -1.9260829e+03
  -1.5058167e+03
  -1.8323649e+03
  -1.7943492e+03
  -1.7858681e+03
  -1.8235501e+03
  -1.8497095e+03
  -1.7906092e+03
  -1.6351594e+03
  -1.7566829e+03
  -1.6563055e+03
  -1.6951847e+03
  -1.9581167e+03
  -1.5773652e+03
  -1.7551242e+03
  -1.9646895e+03
  -1.9864738e+03
  -1.8338103e+03
  -1.6877359e+03
  -1.8169014e+03
  -1.8671707e+03
  -1.7291804e+03
  -1.8633807e+03
  -1.9880033e+03
  -1.8897459e+03
  -1.8244400e+03
  -1.8270750e+03
  -1.8395938e+03
  -1.7955939e+03
  -1.8301600e+03
  -1.9025849e+03
  -1.9079897e+03
  -1.8051108e+03
  -1.8517189e+03
  -1.9207941e+03
  -1.8110712e+03
  -1.9277996e+03
  -1.7086981e+03
  -1.9335492e+03
  -1.8849478e+03
  -1.9253291e+03
  -1.9186352e+03
  -1.7878776e+03
  -2.0102562e+03
  -1.8441724e+03
  -1.9855368e+03
  -1.9730075e+03
  -1.9353026e+03
  -1.7116286e+03
  -1.8996730e+03
  -1.7899491e+03
  -1.7857856e+03
  -1.9487444e+03
  -1.8226471e+03
  -1.8179983e+03
  -1.9997569e+03
  -1.6334780e+03
  -1.8455599e+03
  -1.8466187e+03
  -1.8121874e+03
  -1.9835279e+03
  -1.8177671e+03
  -1.8345332e+03
  -1.9306842e+03
  -2.0890921e+03
  -1.7946697e+03
  -1.9206868e+03
  -1.9941240e+03
  -2.0198534e+03
  -1.8783012e+03
  -1.9936520e+03
  -1.9160007e+03
  -1.8528597e+03
  -1.8193335e+03
  -1.9020703e+03
  -1.9610044e+03
  -1.8987702e+03
  -1.8993568e+03
  -1.9282085e+03
  -2.0254838e+03
  -2.0198996e+03
  -1.9019045e+03
  -1.8687427e+03
  -1.8681967e+03
  -1.7276768e+03
  -2.0467395e+03
  -1.8774070e+03
  -1.9803545e+03
  -1.9311988e+03
  -1.8620624e+03
  -1.8625610e+03
  -1.9309224e+03
  -1.9221200e+03
  -1.8244510e+03
  -1.8342020e+03
  -1.7659278e+03
  -2.0803011e+03
  -1.7756335e+03
  -1.9996915e+03
  -1.8276191e+03
  -1.8835390e+03
  -1.6880824e+03
  -1.8753999e+03
  -1.7836522e+03
  -1.7469743e+03
  -1.5765782e+03
  -1.4064899e+03
  -1.3584846e+03
  -9.1990723e+02
  -8.6997583e+02
  -7.5884112e+02
  -6.5579701e+02
  -6.8328056e+02
  -6.6581669e+02
  -5.4642002e+02
  -5.2586791e+02
  -4.5388005e+02
  -3.6398203e+02
  -3.3066404e+02
  -4.2191578e+02
  -3.1797091e+02
  -1.6403696e+02
  -1.3416949e+02
  -8.5011346e+01
  -7.4482372e+01
   1.9394062e+02
   4.4013392e+01
   9.4892982e+01
   7.5319111e+01
  -1.2354025e+01
   1.4598347e+02
   2.5695259e+02
   1.8790387e+02
   2.1911461e+02
   1.6081338e+01
   2.7901228e+02
   1.6985405e+02
   2.1712420e+02
   1.9374524e+02
   3.7313398e+02
   4.8611499e+02
   2.1956096e+02
   3.4914533e+02
   2.7730511e+02
   2.4564977e+02
   2.7408342e+02
   3.2549736e+02
   1.6945613e+02
   2.8335193e+02
   3.0565844e+02
   3.1363581e+02
   1.6682754e+02
   2.4511687e+02
   2.7293374e+02
   3.9646881e+02
   2.3612721e+02
   4.5430767e+02
   2.7048294e+02
   2.9708090e+02
   3.7042915e+02
   4.4509209e+02
   3.3761540e+02
   3.8221038e+02
   5.3013635e+02
   3.6745486e+02
   3.4786350e+02
   2.6103804e+02
   2.7267847e+02
   2.3472046e+02
   2.2764972e+02
   4.4498385e+02
   2.9041004e+02
   2.3833816e+02
   4.3462920e+02
   3.6826491e+02
   2.8533761e+02
   2.9496805e+02
   2.6952247e+02
   1.8044571e+02
   1.4564345e+02
   2.5047641e+02
   1.7806864e+02
   1.4761584e+02
   1.5240228e+02
   2.6532185e+02
   1.8325071e+02
   2.2785313e+02
   2.2323075e+02
   2.8459022e+02
   1.4148449e+02
   1.2556867e+02
   1.1711572e+02
   1.4591562e+02
   3.3100285e+02
   2.2095852e+02
   9.8143668e+01
   2.1571387e+02
   8.3060894e+01
   1.6059472e+02
   1.5730679e+02
   6.0586366e+01
   2.2046877e+02
   1.8848933e+02
   6.3916299e+01
   2.3459829e+02
   1.1488034e+02
   1.6054556e+02
   1.5502569e+02
   6.5221491e+01
   1.1237531e+02
   1.6632628e+01
   1.8325202e+02
   1.0686911e+02
   1.2832136e+02
   1.2915266e+02
   1.3427912e+02
   1.6265762e+02
   1.6209822e+02
   1.8679642e+02
   1.0806850e+02
   1.1619392e+02
   1.5269389e+02
   2.9363111e+01
  -1.3674082e+01
   1.6274804e+01
   2.4072233e+01
   1.0673786e+02
   7.2766688e+01
  -3.0336505e+01
   2.8120593e+01
   1.5329995e+02
   5.6390013e+01
   6.1221748e+01
   6.9914818e+01
  -9.7870172e+01
  -9.6608008e+01
  -1.6030993e+02
   1.7070330e+01
   7.7569073e+01
   2.6920404e+01
  -6.6455783e+01
   1.2528323e+02
  -6.3731350e+01
   1.4033233e+01
  -2.3560983e+01
  -2.2726533e+02
   2.8826536e+01
   3.6132989e+01
  -1.8218704e+02
  -1.8333171e+02
  -1.4036769e+02
  -8.6630101e+01
  -5.4607382e+01
  -9.7732679e+01
  -3.3100891e+01
  -1.1596060e+02
   8.9420445e+01
  -1.0897370e+02
   6.1712012e+01
   8.0717481e+01
  -2.3107335e+01
   6.8968801e+01
  -7.0584413e+01
  -6.4009138e+01
   4.4306187e+00
   1.2332060e+02
   1.2113460e+02
  -2.2594416e+01
  -4.9102083e+01
   1.3336510e+02
   5.2593237e+01
   2.4013398e+02
  -6.9253218e+01
  -1.5399628e+02
  -6.8317781e+01
  -4.9264023e+01
  -2.7418258e+01
   1.5353152e+02
   7.9146229e-01
  -1.3905941e+02
  -1.1617607e+02
  -2.3525487e+02
  -6.7032449e+01
  -2.3052795e+02
  -1.3597216e+02
  -4.7749474e+02
  -4.1354173e+02
  -3.3804363e+02
  -5.7985937e+02
  -4.8584743e+02
  -5.3046825e+02
  -7.5626876e+02
  -7.7703409e+02
  -1.0233554e+03
  -8.9688067e+02
  -1.1748920e+03
  -1.2319020e+03
  -1.2432201e+03
  -1.2844564e+03
  -1.3773458e+03
  -1.5816359e+03
  -1.5665462e+03
  -1.5314547e+03
  -1.5598109e+03
  -1.6811300e+03
  -1.7619616e+03
  -1.6115773e+03
  -1.7600838e+03
  -1.6342681e+03
  -1.6155504e+03
  -1.6547293e+03
  -1.5578523e+03
  -1.7137523e+03
  -1.6576122e+03
  -1.7529316e+03
  -1.7221508e+03
  -1.7113695e+03
  -1.8109206e+03
  -1.6635618e+03
  -1.6895650e+03
  -1.5865218e+03
  -1.7275880e+03
  -1.7906719e+03
  -1.8231594e+03
  -1.7020162e+03
  -1.7705029e+03
  -1.7147565e+03
  -1.8557716e+03
  -1.6518826e+03
  -1.6793086e+03
  -1.7924680e+03
  -1.7522027e+03
  -1.7968331e+03
  -1.7797897e+03
  -1.7596010e+03
  -1.8372271e+03
  -1.6305147e+03
  -1.6430693e+03
  -1.7384824e+03
  -1.7131606e+03
  -1.7772114e+03
  -1.9280056e+03
  -1.8181794e+03
  -1.6886103e+03
  -1.9895576e+03
  -2.0513594e+03
  -1.8055038e+03
  -1.8126614e+03
  -1.8314512e+03
  -1.8344530e+03
  -1.8095778e+03
  -1.8019210e+03
  -1.9803794e+03
  -1.6668025e+03
  -1.9088541e+03
  -1.8629750e+03
  -1.8138079e+03
  -1.7913698e+03
  -1.7069209e+03
  -1.9015740e+03
  -1.7979367e+03
  -1.7649509e+03
  -1.8933677e+03
  -1.8295041e+03
  -1.7088359e+03
  -1.8768572e+03
  -1.6770464e+03
  -1.9337373e+03
  -1.8919736e+03
  -1.8400193e+03
  -1.8051149e+03
  -1.8534878e+03
  -1.9885312e+03
  -1.9300122e+03
  -1.9942475e+03
  -1.8260963e+03
  -1.9820098e+03
  -1.8140468e+03
  -2.1524113e+03
  -1.6557800e+03
  -1.7608610e+03
  -1.8452076e+03
  -1.8246638e+03
  -1.9101707e+03
  -1.9779703e+03
  -1.9308775e+03
  -1.8644125e+03
  -1.8240108e+03
  -1.9415650e+03
  -1.8756870e+03
  -1.8932881e+03
  -1.9968957e+03
  -2.0980745e+03
  -1.7636776e+03
  -2.0199283e+03
  -1.9621168e+03
  -1.9443361e+03
  -1.8755456e+03
  -1.8057662e+03
  -1.9295032e+03
  -2.0178835e+03
  -1.8272286e+03
  -1.7977096e+03
  -1.9771023e+03
  -1.9082519e+03
  -1.8693405e+03
  -1.8149997e+03
  -1.9402562e+03
  -1.9479118e+03
  -1.8880583e+03
  -1.8788442e+03
  -1.9000854e+03
  -1.8859497e+03
  -1.6923674e+03
  -1.7358244e+03
  -1.7789170e+03
  -1.6866874e+03
  -1.4941234e+03
  -1.2164962e+03
  -1.0681842e+03
  -1.0172856e+03
  -8.8266481e+02
  -6.5897441e+02
  -7.3451747e+02
  -5.9877437e+02
  -5.1836321e+02
  -4.2536813e+02
  -4.5163775e+02
  -3.6986616e+02
  -1.8821900e+02
  -1.5382386e+02
  -1.8925741e+02
  -2.0643558e+02
  -1.0858258e+02
   3.2338868e+01
   7.0553289e+01
  -2.3065711e+01
  -3.9900521e+01
   6.3636139e+01
   1.2257920e+02
   2.3775986e+02
   8.5868262e+01
   1.7424794e+02
   2.5924031e+02
   1.7917560e+02
   1.6065412e+02
   1.1913356e+02
  -2.9527381e+01
   1.6006694e+02
   1.1569033e+02
   2.5097289e+02
   2.2996178e+02
   2.7204424e+02
   2.2061864e+02
   2.5665722e+02
   3.2357657e+02
   3.8732948e+02
   4.4895496e+02
   2.9802311e+02
   2.7686139e+02
   3.7565895e+02
   2.6174484e+02
   3.2491755e+02
   2.9577022e+02
   2.6390222e+02
   3.1956509e+02
   2.6996149e+02
   2.8205810e+02
   2.3960252e+02
   3.5515619e+02
   2.9565946e+02
   3.8138927e+02
   2.9248993e+02
   2.9893860e+01
   1.6283494e+02
   2.3157961e+02
   3.1150271e+02
   3.8069773e+02
   2.0389540e+02
   2.0054268e+02
   1.0283713e+02
   2.7517243e+02
   2.7412568e+02
   8.3019305e+01
   1.3321780e+02
   1.1430484e+02
   6.3463200e+01
   1.4890116e+02
   1.4319149e+02
   1.6107640e+02
   7.1813304e+01
  -5.3082746e+01
   1.4578281e+02
   9.3819326e+01
   6.8537000e+01
   4.8196757e+01
  -8.6597142e+01
   7.3650146e+01
   1.2292815e+01
   1.3217082e+02
  -1.7734787e+01
  -1.0283928e+02
  -6.9886076e+01
  -6.4114301e+01
  -8.8074207e+01
   9.3140229e+01
  -2.1382236e+01
   4.0060725e+01
  -5.0330629e+01
  -4.8753043e+01
  -2.0691670e+02
  -1.7205975e+02
  -2.2611483e+02
  -1.4348196e+02
  -2.3498639e+02
  -2.5182555e+02
  -1.0617454e+02
  -4.9663968e+01
  -3.1120443e+02
  -1.8550716e+02
  -6.2356573e+01
  -1.2490735e+02
  -1.9166359e+02
  -8.1209379e+01
  -1.0869280e+02
  -1.2543901e+02
  -3.0916581e+02
  -2.5090351e+02
  -1.9707842e+02
  -2.6075330e+02
  -9.5244060e+01
  -2.1263724e+02
  -1.0850398e+02
  -2.7409209e+02
  -2.5223593e+02
  -2.9912015e+02
  -2.7666135e+02
  -1.7902338e+02
  -2.9274894e+02
  -2.2593316e+02
  -2.1523795e+02
  -2.2374974e+02
  -2.4387196e+02
  -1.1549830e+02
  -2.0763687e+02
  -2.9762577e+02
  -2.2100703e+02
  -3.4451625e+02
  -2.1879655e+02
  -2.1060805e+02
  -3.2088645e+02
  -1.6724187e+02
  -3.0875379e+02
  -4.1700193e+02
  -3.3722297e+02
  -5.2273991e+02
  -3.6793477e+02
  -3.7871677e+02
  -2.8968268e+02
  -3.1125428e+02
  -2.2045180e+02
  -2.1720117e+02
  -3.1443796e+02
  -2.4932271e+02
  -6.5795290e+01
  -1.1891549e+02
  -2.0753458e+02
  -1.6586052e+02
  -1.6596162e+02
  -2.7429758e+02
  -1.9971396e+02
  -2.6103583e+02
  -1.1526748e+02
  -1.1526182e+02
  -9.0033633e+01
  -1.4078002e+02
  -6.8283317e+01
  -2.3886505e+02
  -1.9475777e+02
  -8.5215423e+01
  -7.4131085e+00
  -1.1469511e+02
  -3.3560087e+01
  -4.0020234e+01
  -9.9136117e+00
   3.8994988e+01
  -5.5200710e+01
   8.0512535e+01
   1.4072770e+02
  -1.1944316e+02
   2.9750040e+01
   1.6945138e+02
   1.0400560e+02
  -2.4150542e+01
   8.2137024e+01
   2.4071348e+01
  -4.0368966e+01
   4.0346881e+01
  -1.3526276e+02
   4.1506176e+01
   6.2050446e+00
  -8.4066339e+01
  -3.8918403e+01
  -1.3831158e+02
  -1.8824837e+02
  -9.5788720e+01
  -1.3588799e+02
  -9.7596681e+01
   2.9753332e+01
  -2.2344496e+01
  -1.0524020e+02
  -3.0357762e+01
  -2.3647952e+02
  -1.9963638e+02
  -1.9728397e+02
  -2.3185643e+02
  -2.2282902e+02
  -2.3970000e+02
  -4.9207774e+02
  -3.6530007e+02
  -4.1874506e+02
  -6.3135461e+02
  -5.7961987e+02
  -7.6081718e+02
  -8.3657086e+02
  -7.8723193e+02
  -9.4749247e+02
  -8.6805980e+02
  -1.0084420e+03
  -1.2310054e+03
  -1.1719115e+03
  -1.2857340e+03
  -1.2319869e+03
  -1.3975184e+03
  -1.3942360e+03
  -1.5099371e+03
  -1.6001829e+03
  -1.5706267e+03
  -1.5897510e+03
  -1.7636429e+03
  -1.7696181e+03
  -1.8157848e+03
  -1.8104248e+03
  -1.7755130e+03
  -1.7292657e+03
  -1.7015941e+03
  -1.8077562e+03
  -1.7566822e+03
  -1.8996386e+03
  -1.8298660e+03
  -1.6306742e+03
  -1.9119630e+03
  -1.7188884e+03
  -1.7297503e+03
  -1.9214668e+03
  -1.7797593e+03
  -1.9781200e+03
  -1.8390577e+03
  -1.8711602e+03
  -1.7547948e+03
  -1.8450215e+03
  -1.8535482e+03
  -1.8031662e+03
  -1.6304562e+03
  -1.8210638e+03
  -1.7140912e+03
  -1.7929997e+03
  -1.7822742e+03
  -1.8724528e+03
  -1.7693248e+03
  -1.8787506e+03
  -1.8381762e+03
  -1.8065950e+03
  -1.9523133e+03
  -1.7771657e+03
  -1.8887431e+03
  -1.7926907e+03
  -1.8855730e+03
  -1.7972780e+03
  -1.8906339e+03
  -2.0173075e+03
  -1.9408966e+03
  -1.8614014e+03
  -1.8598455e+03
  -1.8494636e+03
  -1.7739975e+03
  -1.8891160e+03
  -1.9279375e+03
  -1.8280078e+03
  -1.7123378e+03
  -1.8078209e+03
  -1.9357817e+03
  -1.7807163e+03
  -1.8013459e+03
  -1.8958092e+03
  -1.7935322e+03
  -1.7615191e+03
  -1.9723381e+03
  -1.9062569e+03
  -1.7916884e+03
  -1.8945996e+03
  -1.7945062e+03
  -1.8539865e+03
  -1.8073545e+03
  -2.0231582e+03
  -1.8138801e+03
  -1.9613437e+03
  -1.9368646e+03
  -1.8692525e+03
  -1.9275858e+03
  -1.7182539e+03
  -1.9098115e+03
  -1.8346945e+03
  -1.7431828e+03
  -1.8428964e+03
  -1.8854974e+03
  -1.8611654e+03
  -1.8138456e+03
  -1.8105316e+03
  -1.7980230e+03
  -1.9127502e+03
  -1.9790932e+03
  -1.9233294e+03
  -1.8429158e+03
  -1.7802915e+03
  -1.8968248e+03
  -1.9497621e+03
  -2.0055062e+03
  -1.7853012e+03
  -1.8693663e+03
  -1.9071255e+03
  -1.9632448e+03
  -1.9818438e+03
  -1.9234145e+03
  -2.0403031e+03
  -1.7310348e+03
  -1.8857398e+03
  -1.9446455e+03
  -1.7780769e+03
  -1.8862324e+03
  -1.9809965e+03
  -1.8507218e+03
  -1.9558440e+03
  -1.9148088e+03
  -1.9528393e+03
  -1.9091682e+03
  -1.9926428e+03
  -2.0811951e+03
  -1.8255176e+03
  -1.9132294e+03
  -1.9216371e+03
  -2.0002242e+03
  -2.0310528e+03
  -1.8945931e+03
  -1.7909820e+03
  -1.7586454e+03
  -1.4745617e+03
  -1.3596284e+03
  -9.8787160e+02
  -1.0236871e+03
  -7.3535881e+02
  -8.3745358e+02
  -7.3931789e+02
  -7.7674356e+02
  -7.3482790e+02
  -5.6757339e+02
  -6.4883582e+02
  -6.3835559e+02
  -4.4220374e+02
  -4.3684564e+02
  -3.9881611e+02
  -3.2280865e+02
  -1.9652201e+02
  -6.1024656e+01
  -1.9713130e+02
  -2.2383528e+02
  -1.0162247e+02
  -9.2579709e+01
  -1.6171791e+01
   8.8753735e+01
  -8.6507638e+01
   1.1835034e+02
   1.4956039e+02
   1.0276036e+02
   2.5393579e+02
   2.8250377e+02
   1.2844707e+02
  -9.3195673e+00
   6.1448751e+01
   3.7070269e+01
   3.1172786e+02
   2.3576179e+02
   1.9534997e+02
   1.5127353e+02
   2.7316634e+02
   1.7446030e+02
   1.6921205e+02
   2.7056394e+02
   1.3445307e+02
   1.2474712e+02
   1.8317588e+02
   2.2048654e+02
   3.4391263e+02
   2.1322019e+02
   2.9354884e+02
   1.1430202e+02
   2.0135331e+02
   2.9309576e+02
   2.4210547e+02
   2.2897129e+02
   2.6650567e+02
   2.8453337e+02
   1.3943826e+02
   3.4494279e+02
   1.9461064e+02
   4.5486628e+02
   3.1570065e+02
   2.2073400e+02
   4.0543792e+02
   1.3472384e+02
   2.9764852e+02
   3.4691797e+02
   3.2553531e+02
   2.6002607e+02
   2.5937550e+02
   3.5729334e+02
   2.0528944e+02
   3.0260078e+02
   3.1445270e+02
   2.8040978e+02
   1.0508165e+02
   9.2734543e+01
   1.0532395e+02
   2.0266074e+02
   2.3219793e+02
   1.5154549e+02
   4.4863854e+01
   1.5899012e+02
   3.0866640e+02
   9.0681331e+01
   2.9652917e+02
   6.3261030e+01
   4.8954932e+01
  -9.9210209e+00
   4.0449635e+01
   7.4355000e+01
  -5.1849570e+01
   6.0513182e+01
   1.4142963e+02
   2.2952490e+00
  -2.0919108e+01
  -3.0174970e+01
  -6.1853412e+01
   2.1757814e+01
   5.8280655e+01
  -5.4387633e+01
  -8.4276202e+01
   7.0017398e+01
  -4.5202221e+01
   2.6862922e+01
   5.4549781e+01
  -2.5988367e+02
  -4.9297002e+01
  -8.2390832e+01
  -1.0744488e+01
  -7.4550949e+01
  -1.7525100e+02
  -9.3737615e+01
  -7.5767633e+00
  -8.5822305e+01
  -6.7620661e+01
  -7.4964570e+01
  -1.4002701e+02
  -2.4204534e+01
   5.6047001e+01
  -2.6081804e+02
  -2.2666300e+02
  -2.5490693e+02
  -2.3625122e+02
  -1.8810779e+02
  -2.6997938e+02
  -3.2049334e+02
  -2.4326206e+02
  -4.0844845e+02
  -2.3658215e+02
  -2.3951161e+02
  -4.3559911e+02
  -2.7964506e+02
  -3.5589419e+02
  -1.7147212e+02
  -4.1178704e+02
  -3.7450392e+02
  -2.4251544e+02
  -4.1933119e+02
  -2.2705464e+02
  -2.3285316e+02
  -4.2941981e+02
  -1.2014536e+02
  -2.9962314e+02
  -2.3226763e+02
  -3.2455726e+02
  -2.8794974e+02
  -4.0223297e+02
  -4.2337599e+02
  -3.5701865e+02
  -4.8328675e+02
  -5.0595026e+02
  -4.7776200e+02
  -4.3664219e+02
  -4.2802956e+02
  -5.8075544e+02
  -3.5396738e+02
  -4.0701234e+02
  -4.9692253e+02
  -5.3468486e+02
  -4.6783017e+02
  -2.6536389e+02
  -5.5127461e+02
  -3.2326856e+02
  -3.5681629e+02
  -5.1642030e+02
  -3.3382072e+02
  -3.6007903e+02
  -2.2093151e+02
  -2.6483603e+02
  -3.3713509e+02
  -2.7999579e+02
  -7.8681556e+01
  -3.4037700e+02
  -1.4329643e+02
  -8.0973373e+01
  -3.3038077e+02
  -7.5440390e+01
  -2.2758826e+02
  -1.1167615e+02
  -2.1556396e+02
  -1.0753028e+02
  -1.1536948e+02
  -1.9141987e+02
  -7.6498305e+01
  -6.2137420e+01
  -1.6697234e+02
  -1.7438479e+02
   4.4306060e+01
   1.6854225e+01
  -2.2556693e+02
  -1.4362826e+02
  -2.0759892e+02
  -1.0573390e+02
  -6.5207565e+01
  -7.3959073e+01
  -3.1838966e+02
  -1.2244724e+02
   1.8721581e+01
  -1.6738829e+02
  -2.1138276e+02
  -2.4112157e+02
  -4.5646785e+02
  -3.2335817e+02
  -3.3987327e+02
  -3.9121654e+02
  -5.3659793e+02
  -5.6615116e+02
  -7.5401927e+02
  -8.3922402e+02
  -9.6410686e+02
  -1.1120620e+03
  -1.0070584e+03
  -1.1246825e+03
  -1.1037884e+03
  -1.3823976e+03
  -1.4187634e+03
  -1.3992376e+03
  -1.4066508e+03
  -1.4623335e+03
  -1.6705018e+03
  -1.7259824e+03
  -1.7417985e+03
  -1.7033595e+03
  -1.7162289e+03
  -1.7810008e+03
  -1.5862004e+03
  -1.7961821e+03
  -1.7399034e+03
  -1.7414267e+03
  -1.7203887e+03
  -1.7773257e+03
  -1.7998016e+03
  -1.7230303e+03
  -1.6913598e+03
  -1.7855621e+03
  -1.9005426e+03
  -1.8460745e+03
  -1.7887352e+03
  -1.7841827e+03
  -1.8486909e+03
  -2.0519290e+03
  -1.8738139e+03
  -1.7991064e+03
  -1.8020874e+03
  -1.7119486e+03
  -1.6427293e+03
  -1.9111606e+03
  -1.7179072e+03
  -1.6954836e+03
  -1.7833897e+03
  -2.0945927e+03
  -1.7868930e+03
  -1.7257554e+03
  -1.8682948e+03
  -1.7849894e+03
  -1.8903924e+03
  -1.7989129e+03
  -1.6887434e+03
  -1.9141612e+03
  -1.8857134e+03
  -1.8902223e+03
  -1.9130252e+03
  -1.8720188e+03
  -1.9250823e+03
  -1.7808630e+03
  -1.8754621e+03
  -1.8247304e+03
  -1.7600539e+03
  -1.9694377e+03
  -1.8128142e+03
  -1.7294755e+03
  -1.8323975e+03
  -1.9943744e+03
  -1.8839556e+03
  -1.8204568e+03
  -1.8593542e+03
  -1.9101541e+03
  -1.8769491e+03
  -1.8298068e+03
  -1.8693582e+03
  -1.9979851e+03
  -1.8756028e+03
  -1.9111138e+03
  -1.8700740e+03
  -1.7938083e+03
  -1.8397936e+03
  -1.9375068e+03
  -1.8314400e+03
  -1.8204169e+03
  -1.9232887e+03
  -1.8378487e+03
  -2.1257799e+03
  -1.6982556e+03
  -1.8461118e+03
  -1.8421515e+03
  -1.9310609e+03
  -1.9381799e+03
  -2.0269293e+03
  -1.9786495e+03
  -1.8220726e+03
  -1.8211878e+03
  -1.8247964e+03
  -1.7171872e+03
  -2.0064810e+03
  -1.8965252e+03
  -2.0563098e+03
  -1.9305051e+03
  -1.9505303e+03
  -1.9602778e+03
  -1.8665184e+03
  -1.9634381e+03
  -2.0170172e+03
  -1.8282711e+03
  -1.8916760e+03
  -1.9178156e+03
  -1.9545552e+03
  -1.8490646e+03
  -1.7491454e+03
  -1.9151848e+03
  -1.8472591e+03
  -1.8796125e+03
  -1.8818279e+03
  -1.7933727e+03
  -1.8238062e+03
  -1.9286962e+03
  -1.7185480e+03
  -1.8238194e+03
  -1.8682504e+03
  -2.0067944e+03
  -1.8917170e+03
  -1.9854126e+03
  -1.8685493e+03
  -1.8845918e+03
  -1.8721461e+03
  -1.8883911e+03
  -1.6570278e+03
  -1.4176510e+03
  -1.2499852e+03
  -8.8834460e+02
  -7.9345442e+02
  -7.2543102e+02
  -7.4461815e+02
  -4.4823773e+02
  -5.3463006e+02
  -4.4356428e+02
  -3.5533911e+02
  -3.5249673e+02
  -1.0858107e+02
  -3.5960974e+02
  -2.0619190e+02
   3.8817559e+01
  -8.9047119e+00
  -1.7960494e+01
   1.0646581e+01
  -2.7601888e+00
   2.4704420e+01
   6.1288858e+01
   1.4312742e+02
   2.1169924e+02
   2.8502456e+02
   2.4609525e+02
   2.4380991e+02
   7.9345764e+01
   2.0968947e+02
   3.8763277e+02
   3.1476107e+02
   2.3441799e+02
   5.0987003e+00
   8.7127908e+01
   1.1248860e+02
   3.2767060e+02
   2.8017133e+02
   2.8096255e+02
   1.2531405e+02
   2.3726917e+02
   4.0340470e+02
   2.0959189e+02
   1.8991623e+02
   2.6811898e+02
   1.8108227e+02
   3.0153973e+02
   2.6434636e+02
   2.2863385e+02
   2.4659545e+02
   1.6208282e+02
   3.8020900e+01
   3.7066875e+02
   2.0945029e+02
   2.6864466e+02
   7.0503503e+01
   2.7034918e+02
   3.1514012e+02
   3.1263366e+02
   3.1030770e+02
   2.8899902e+02
   2.9231223e+02
   2.9327269e+02
   4.3728398e+02
   1.5161113e+02
   1.8152706e+02
   3.7165618e+02
   6.2675916e+01
   2.7870460e+02
   1.3216729e+02
   2.0838189e+01
   1.5479617e+02
   1.2574757e+02
  -3.4367382e+01
   2.9451932e+02
   1.3707453e+02
   6.6375297e+01
   1.3725823e+01
   3.1676193e+02
   1.4758012e+02
   5.2230266e+01
  -9.6455481e+01
   9.8703700e+01
   6.7879964e+01
   1.2873381e+02
   7.8977123e+01
   1.5691346e+02
   4.9970069e+01
   1.3593444e+02
   2.4869545e+01
   5.9537262e+01
   3.1580492e+01
   1.5552592e+02
   2.4373349e+01
   1.4641135e+02
   4.4686079e+01
   4.7426468e+01
   2.0262504e+01
  -7.1567952e+01
   5.1659545e+01
   1.7774828e+02
  -2.2876939e+01
   4.4029364e+01
  -4.2009181e+01
  -1.0558332e+02
  -5.9114822e+01
  -1.3559755e+01
   1.2784008e+02
  -1.0497767e+02
   8.7115743e+01
  -7.3152648e+01
  -1.1824661e+02
  -1.7076268e+02
  -1.2130445e+02
  -2.0858057e+02
  -4.3145424e+01
  -5.8477065e+01
   4.1520310e+00
   6.0605256e+01
  -2.0397653e+02
   1.9483584e-01
  -1.4938726e+02
  -4.8232847e+01
  -3.4809155e+02
  -1.2688273e+02
  -4.2296489e+02
  -1.5831095e+02
  -3.0382632e+01
  -3.7215287e+01
  -1.9620209e+02
  -1.4967720e+02
  -2.9196055e+02
  -1.9836017e+02
  -1.1928819e+02
  -1.8996773e+02
  -1.8730476e+02
  -2.4030841e+02
  -1.6766620e+02
  -1.2618469e+02
  -2.6272771e+02
  -1.2009859e+01
  -3.3347042e+02
  -1.5249076e+02
  -4.4049376e+02
  -6.0791754e+01
  -2.0742718e+02
  -2.2596812e+02
  -1.7040581e+02
  -9.6244500e+01
  -1.7209487e+02
  -4.2680477e+01
  -1.7157262e+02
  -1.2053326e+02
  -1.4772121e+02
  -2.4815814e+02
   7.6888296e+01
  -7.2874642e+01
  -1.0366887e+02
  -6.0572853e+01
  -1.2178261e+02
  -2.0387519e+02
  -8.2144135e+00
  -1.1895605e+01
  -2.2052760e+02
   3.3216639e+01
  -1.4466897e+02
  -6.2064913e+01
   3.4596888e+01
  -9.3472162e+01
  -1.9903929e+01
   1.4105717e+02
   8.6474374e+01
  -7.8201900e+00
   1.5986889e+01
  -5.5940152e+01
  -4.8981915e+01
  -6.9303948e+01
   6.9289453e+01
  -1.8410750e+01
  -1.6640164e+02
  -1.2408918e+02
  -1.5927207e+02
  -1.3361719e+02
  -2.3162028e+02
  -2.4471949e+02
  -2.7685016e+01
  -2.6445831e+02
  -2.4038105e+02
  -3.1424362e+02
  -4.0286627e+02
  -4.3549389e+02
  -5.3961169e+02
  -6.6486054e+02
  -6.9565900e+02
  -7.8993775e+02
  -7.9133845e+02
  -9.0283868e+02
  -9.3710749e+02
  -1.0059011e+03
  -1.2441780e+03
  -1.3033708e+03
  -1.3226910e+03
  -1.2561827e+03
  -1.4719797e+03
  -1.5391261e+03
  -1.5778830e+03
  -1.5933031e+03
  -1.6205858e+03
  -1.8313589e+03
  -1.6297064e+03
  -1.7607836e+03
  -1.6199610e+03
  -1.5675708e+03
  -1.7818245e+03
  -1.7784891e+03
  -1.7887696e+03
  -1.6495646e+03
  -1.7740345e+03
  -1.9000987e+03
  -1.8484119e+03
  -1.5945450e+03
  -1.8440424e+03
  -1.7433752e+03
  -1.6731297e+03
  -1.7700462e+03
  -1.9719803e+03
  -1.7444262e+03
  -1.7041564e+03
  -1.9218553e+03
  -1.9202518e+03
  -1.9454505e+03
  -1.8818050e+03
  -1.8049160e+03
  -1.8101100e+03
  -1.8236882e+03
  -1.8581374e+03
  -1.8335176e+03
  -1.7778490e+03
  -1.7676390e+03
  -1.8335002e+03
  -1.7907476e+03
  -1.7882528e+03
  -1.8305655e+03
  -1.7059586e+03
  -1.7541646e+03
  -1.8849586e+03
  -1.6062033e+03
  -1.9134477e+03
  -1.8372903e+03
  -1.7608499e+03
  -1.8720383e+03
  -1.7953868e+03
  -1.9014994e+03
  -1.8950660e+03
  -1.8623788e+03
  -1.8708675e+03
  -1.9563949e+03
  -1.9524226e+03
  -1.9144693e+03
  -1.8436560e+03
  -1.9162394e+03
  -1.9285975e+03
  -1.8924916e+03
  -1.7928209e+03
  -1.8923025e+03
  -1.9104688e+03
  -1.7405267e+03
  -1.8972410e+03
  -1.9262565e+03
  -1.8831188e+03
  -1.7095896e+03
  -1.7778389e+03
  -1.8627999e+03
  -1.8866536e+03
  -1.9291739e+03
  -1.9644552e+03
  -1.8232000e+03
  -1.9068621e+03
  -1.8791596e+03
  -1.9000795e+03
  -1.7877169e+03
  -1.8454147e+03
  -1.9518955e+03
  -1.9304039e+03
  -1.9416339e+03
  -1.8260425e+03
  -1.9181355e+03
  -1.8587998e+03
  -1.8261938e+03
  -1.7233862e+03
  -1.9072836e+03
  -1.8490047e+03
  -1.9225716e+03
  -1.8096241e+03
  -1.9183582e+03
  -1.9051861e+03
  -1.9771236e+03
  -1.8447605e+03
  -1.8918027e+03
  -1.9144961e+03
  -1.9306808e+03
  -1.8464518e+03
  -2.0833473e+03
  -2.0267413e+03
  -1.9286721e+03
  -1.7514307e+03
  -1.9998265e+03
  -1.9954957e+03
  -2.0017547e+03
  -1.8897054e+03
  -1.9834388e+03
  -1.8447212e+03
  -1.8832135e+03
  -2.0998769e+03
  -2.0360138e+03
  -1.8601951e+03
  -1.8783823e+03
  -2.0875798e+03
  -1.9022990e+03
  -2.1033412e+03
  -1.8066455e+03
  -1.8185917e+03
  -1.8812138e+03
  -1.8511739e+03
  -1.9492316e+03
  -1.8662762e+03
  -1.8472708e+03
  -2.0031211e+03
  -1.8625687e+03
  -1.8828423e+03
  -1.9332417e+03
  -1.8251957e+03
  -1.8203547e+03
  -1.8216861e+03
  -1.8036501e+03
  -1.7911371e+03
  -2.0950756e+03
  -1.8250720e+03
  -1.6964089e+03
  -1.4351888e+03
  -1.1833170e+03
  -9.7358125e+02
  -1.1979336e+03
  -9.3962052e+02
  -7.7762371e+02
  -9.2085791e+02
  -7.0830991e+02
  -8.2742245e+02
  -6.8339321e+02
  -7.1269658e+02
  -4.8007345e+02
  -4.8570465e+02
  -2.5982217e+02
  -2.7922099e+02
  -1.9345876e+02
  -1.2160927e+02
  -6.9467631e+01
  -2.1609762e+02
  -2.7640247e+02
   7.0650949e+01
  -1.3265833e+01
   2.2457972e+02
   1.3931448e+02
   5.2202785e+01
   1.9550316e+02
   1.6263919e+02
   2.3283166e+02
   3.9701507e+01
   2.2150123e+02
   9.6181560e+01
   2.4866145e+02
   2.9080510e+02
   2.0607210e+02
   2.1235111e+02
   2.3609878e+02
   2.9465213e+02
   2.8008073e+02
   2.9360156e+01
   4.7450887e+02
   1.0131461e+02
   3.6649561e+02
   2.1824871e+02
   5.1383414e+02
   3.8515636e+02
   2.1260368e+02
   3.5707126e+02
   5.3934650e+02
   3.8489917e+02
   3.1303285e+02
   3.8357706e+02
   3.9386915e+02
   2.5421892e+02
   2.8538747e+02
   4.4816290e+02
   3.7582236e+02
   3.6588124e+02
   2.8335193e+02
   3.1739262e+02
   2.1211382e+02
   4.4871188e+02
   5.2524332e+02
   3.9720693e+02
   2.9677143e+02
   4.3126289e+02
   3.0166816e+02
   2.8942409e+02
   2.8927601e+02
   2.4047627e+02
   3.2552862e+02
   3.2034679e+02
   3.1597389e+02
   4.8404737e+02
   2.2313785e+02
   2.8211231e+02
   2.7924514e+02
   2.7545817e+02
   2.3806656e+02
   1.0951346e+02
   2.1505342e+02
   1.6299797e+02
   2.5058777e+02
   2.7431965e+02
   3.2713401e+02
   1.5399664e+02
   1.1854003e+02
   2.3489558e+02
   2.0036236e+02
   1.0487786e+01
   1.0516737e+02
   2.4217714e+02
   6.8918706e+01
   2.0155076e+01
   8.4727903e+01
   1.7514571e+02
   7.4045730e+01
   9.3309362e+00
   9.6456277e+01
  -6.0506167e+01
   4.6434645e+01
   1.3851618e+01
   1.8282454e+01
  -6.9965720e+01
   7.9985210e+00
  -9.7426860e+01
  -5.3374591e+01
  -3.3699539e+01
  -8.0753044e+01
   4.6069190e+00
  -3.2905041e+01
  -1.1255731e+02
  -1.8603973e+02
  -5.5976911e+01
   3.7075859e+01
   4.1145405e+00
  -6.1215542e+01
  -1.9587128e+02
  -2.3341251e+02
  -1.3052910e+02
  -3.2495140e+01
  -7.7868402e+01
  -2.9586538e+02
  -1.7279890e+01
  -1.1931010e+02
  -7.9865622e+01
  -2.2310034e+02
  -2.2049300e+02
  -1.8679950e+02
  -1.9224420e+02
  -1.8233121e+02
  -2.9398149e+02
  -1.5734682e+02
  -1.7705354e+02
  -1.6079856e+01
  -4.2354717e+01
  -2.6461957e+02
  -3.7115248e+01
  -1.8997863e+02
  -3.2156777e+02
  -2.5983328e+02
  -1.4618255e+02
  -1.8186532e+02
  -1.4685088e+02
  -2.1246203e+02
  -1.0898809e+02
  -2.9647706e+02
  -8.7593859e+01
  -1.9953394e+02
  -1.3371272e+02
  -2.6316452e+02
  -8.6974467e+01
  -9.1679369e+01
  -2.6670417e+01
  -6.3418728e+01
  -4.4377046e+01
  -1.6258647e+02
  -8.3006270e+01
  -1.2283395e+02
  -2.2327236e+02
  -1.2127169e+02
  -9.0744943e+01
  -9.9723378e+01
  -2.3083142e+00
  -1.6937174e+01
   5.0418964e+01
  -9.1513861e+00
   1.7337075e+02
   4.4152752e+01
  -5.4346172e+00
  -9.1994041e+01
   7.8229948e+01
  -4.0397958e+01
  -1.4918120e+02
  -4.8004694e+01
  -4.0964964e+01
   7.6226582e+01
  -2.7730903e+02
  -1.7076759e+02
  -1.4574164e+02
   1.4759169e+02
  -4.4853754e+01
  -1.1056676e+02
  -1.4826783e+02
  -1.5671884e+02
  -8.1114222e+01
  -2.1907830e+02
  -2.9934074e+01
  -2.4695758e+02
  -1.3119615e+02
  -2.0643949e+02
  -4.0479448e+02
  -2.9888385e+02
  -4.4260424e+02
  -2.0652944e+02
  -6.3631267e+02
  -5.6505597e+02
  -5.7610364e+02
  -4.3079034e+02
  -8.1938683e+02
  -9.5336047e+02
  -9.7973972e+02
  -1.1359057e+03
  -1.0903319e+03
  -1.0150097e+03
  -1.2925101e+03
  -1.3025317e+03
  -1.4171969e+03
  -1.4705328e+03
  -1.6153278e+03
  -1.5378638e+03
  -1.4208714e+03
  -1.6163423e+03
  -1.6490059e+03
  -1.6763783e+03
  -1.4730083e+03
  -1.8635301e+03
  -1.5916527e+03
  -1.7930080e+03
  -1.8161039e+03
  -1.7457892e+03
  -1.7605996e+03
  -1.7984995e+03
  -1.6466837e+03
  -1.9000133e+03
  -1.8475724e+03
  -1.7950736e+03
  -1.9531190e+03
  -1.6214524e+03
  -1.7350296e+03
  -1.7335194e+03
  -1.7663980e+03
  -1.8564204e+03
  -1.9080137e+03
  -1.8028443e+03
  -1.8758213e+03
  -1.7685412e+03
  -1.7277706e+03
  -2.0312031e+03
  -1.8509693e+03
  -1.8088366e+03
  -1.8068742e+03
  -1.9000719e+03
  -1.8808407e+03
  -1.8328864e+03
  -1.8729321e+03
  -1.8351491e+03
  -1.9646877e+03
  -1.8826115e+03
  -1.7888889e+03
  -1.9603073e+03
  -1.8454562e+03
  -1.9218916e+03
  -1.9109047e+03
  -1.7133571e+03
  -1.8159762e+03
  -1.8774148e+03
  -1.8171640e+03
  -1.7414608e+03
  -1.6879874e+03
  -1.8047853e+03
  -1.6624024e+03
  -1.8313631e+03
  -1.8518974e+03
  -1.9059769e+03
  -1.9087785e+03
  -1.9355823e+03
  -1.8771503e+03
  -1.8176847e+03
  -1.6540242e+03
  -1.8438594e+03
  -1.8310216e+03
  -1.8488436e+03
  -1.9238006e+03
  -1.8452615e+03
  -1.7848625e+03
  -1.9126095e+03
  -1.9170264e+03
  -1.6885588e+03
  -1.8144051e+03
  -1.7892869e+03
  -1.8326677e+03
  -1.7747724e+03
  -1.9375432e+03
  -1.7088931e+03
  -1.8127332e+03
  -1.7968863e+03
  -1.8626406e+03
  -1.7971416e+03
  -1.9632909e+03
  -1.8718606e+03
  -1.9489035e+03
  -2.0175618e+03
  -1.9673990e+03
  -1.9539002e+03
  -1.9532761e+03
  -1.8753647e+03
  -1.9675153e+03
  -1.9476092e+03
  -1.8777829e+03
  -1.8296143e+03
  -1.8571230e+03
  -1.9291426e+03
  -2.0725463e+03
  -1.9932664e+03
  -2.0056012e+03
  -1.9045623e+03
  -1.8383029e+03
  -1.9712856e+03
  -1.9773887e+03
  -1.9410108e+03
  -1.8725749e+03
  -1.8889723e+03
  -1.7738076e+03
  -2.0811652e+03
  -1.8601837e+03
  -1.9811501e+03
  -1.8343760e+03
  -1.9450310e+03
  -1.9168569e+03
  -1.8672856e+03
  -1.9729505e+03
  -1.8427396e+03
  -1.9334604e+03
  -1.8873064e+03
  -1.8926036e+03
  -1.9502420e+03
  -1.8941082e+03
  -1.9055534e+03
  -1.7748261e+03
  -1.7113908e+03
  -1.8171030e+03
  -1.7649648e+03
  -1.2967917e+03
  -1.0554493e+03
  -8.0776319e+02
  -9.6675204e+02
  -7.4059678e+02
  -9.1814716e+02
  -6.8218776e+02
  -5.3402082e+02
  -4.8487501e+02
  -5.2767343e+02
  -5.7540956e+02
  -3.3203325e+02
  -9.6367574e+01
  -1.8726275e+02
  -2.8194146e+02
  -1.9142158e+02
  -6.8760860e+01
   1.2053460e+02
   7.1887621e+01
  -4.2391057e+01
   7.6730202e+01
   1.4775623e+02
   1.5180364e+02
   1.1446840e+02
   7.0016339e+01
   3.3683378e+02
   2.1646103e+02
   4.0901149e+02
   1.9818256e+02
   3.0577773e+02
   2.1889243e+02
   1.0714592e+02
   8.0589997e+01
   3.8942154e+02
   2.4671844e+02
   2.0000277e+02
   3.1676220e+02
   6.2627661e+01
   3.9499368e+02
   3.4741128e+02
   3.4111296e+02
   2.4727279e+02
   3.3849181e+02
   2.4742196e+02
   2.5570495e+02
   3.6387863e+02
   1.8108229e+02
   3.2484101e+02
   4.3976091e+02
   3.2601987e+02
   2.3600839e+02
   3.0134340e+02
   3.1151768e+02
   3.4671882e+02
   3.3638724e+02
   2.5595733e+02
   2.6902296e+02
   2.4362211e+02
   3.6680593e+02
   2.8737871e+02
   3.0445683e+02
   2.9575853e+02
   2.2280154e+02
   2.7828770e+02
   3.1104105e+02
   1.0406188e+02
   2.5280493e+02
   2.1205961e+02
   2.0680783e+02
   1.5592644e+02
   8.2444082e+01
   3.1173063e+02
   2.6830067e+02
   9.7806587e+01
   2.0857811e+02
   1.8952474e+02
   1.5149697e+02
   1.3296481e+02
   2.2549545e+02
   1.4798803e+02
   4.5297988e+01
   6.1211203e+01
  -2.4601916e+01
   1.5871334e+02
   1.2989601e+02
  -5.3562526e+01
   3.7380418e+01
  -1.0044554e+01
   2.4547375e+01
   1.4407661e+00
  -2.1372681e+01
  -1.7830589e+01
   6.1389866e+01
  -1.1162087e+02
   6.5945987e+01
  -4.0465681e+01
  -5.1117752e+01
   2.4723986e+01
  -2.5132616e+01
  -8.3922738e+01
  -2.4629262e+01
  -5.8913832e+00
  -1.1368958e+02
  -3.2971418e+01
  -1.5375824e+02
  -9.8983139e+01
  -1.6873363e+02
  -8.2977280e+01
  -1.8420931e+02
  -1.9735721e+02
  -2.5326421e+02
  -1.9850706e+02
  -5.5795032e+01
  -1.7309110e+02
  -5.7800358e+01
  -2.2893620e+02
  -1.9988055e+02
  -2.2579530e+02
  -2.2724197e+02
  -2.0717887e+02
  -3.6093957e+02
  -2.3025611e+02
  -2.5553926e+02
  -2.6233603e+02
  -4.0259463e+02
  -2.6596196e+02
  -2.9918700e+02
  -3.3761722e+02
  -4.0493012e+02
  -4.0710087e+02
  -3.4465343e+02
  -4.4248009e+02
  -4.2094122e+02
  -3.9747734e+02
  -3.8417906e+02
  -3.2656815e+02
  -5.8348512e+02
  -2.9294770e+02
  -4.3931219e+02
  -3.9112255e+02
  -4.9643547e+02
  -3.8016209e+02
  -3.4250486e+02
  -3.9748056e+02
  -3.9117242e+02
  -2.9721920e+02
  -2.9265294e+02
  -2.8354621e+02
  -3.4106452e+02
  -2.0289501e+02
  -2.4617866e+02
  -8.7664688e+01
  -1.9756586e+02
  -1.6144372e+02
  -2.6676909e+02
  -2.0533999e+02
  -1.7624192e+02
  -2.3887403e+02
  -1.1637012e+02
  -2.2321281e+01
  -1.9515309e+02
  -1.6274019e+02
  -6.3541185e+01
   1.3934327e+01
   1.2086362e+02
   3.5620448e+01
   7.7210479e+01
  -6.7948692e+01
  -1.3614741e+02
   8.0919517e+01
  -1.2104661e+02
  -7.8118221e+01
  -1.0563385e+02
  -1.2652792e+01
  -1.5607316e+01
  -1.0501435e+02
  -9.8614366e+01
  -7.1417783e+01
   1.3446407e+01
  -2.6734073e+02
  -1.6542775e+02
  -1.7648315e+02
  -2.0431276e+02
  -2.9904255e+02
  -3.0132134e+02
  -3.7347112e+02
  -5.6286501e+02
  -5.4836954e+02
  -5.1586967e+02
  -8.2938124e+02
  -1.0199687e+03
  -7.9744544e+02
  -9.9067263e+02
  -9.3864478e+02
  -1.1642019e+03
  -1.2447328e+03
  -1.3034331e+03
  -1.3417436e+03
  -1.5279405e+03
  -1.6491139e+03
  -1.5890611e+03
  -1.4538810e+03
  -1.4913391e+03
  -1.6179107e+03
  -1.6481358e+03
  -1.7055794e+03
  -1.7153842e+03
  -1.8907856e+03
  -1.7413807e+03
  -1.6187651e+03
  -1.5609616e+03
  -1.7489185e+03
  -1.5933389e+03
  -1.8617036e+03
  -1.7716726e+03
  -1.6524293e+03
  -1.7397698e+03
  -1.9053316e+03
  -1.7079486e+03
  -1.8068177e+03
  -1.8940559e+03
  -1.9427034e+03
  -1.8200301e+03
  -1.8263909e+03
  -1.7055371e+03
  -1.9147752e+03
  -1.8633447e+03
  -1.7699376e+03
  -1.8796186e+03
  -1.6961372e+03
  -1.9717190e+03
  -1.7298790e+03
  -1.9758095e+03
  -1.8518160e+03
  -1.9061693e+03
  -1.8422250e+03
  -1.8528402e+03
  -1.9556241e+03
  -1.9287928e+03
  -1.8434033e+03
  -1.7619093e+03
  -1.8337114e+03
  -1.9194814e+03
  -1.6576017e+03
  -1.8852515e+03
  -1.9283014e+03
  -1.8317114e+03
  -1.8924833e+03
  -1.8711470e+03
  -1.9443934e+03
  -1.8549321e+03
  -1.8402994e+03
  -1.8393817e+03
  -1.8987686e+03
  -1.9303353e+03
  -1.9451964e+03
  -1.9632624e+03
  -2.0162534e+03
  -1.8110767e+03
  -1.8850095e+03
  -1.9427599e+03
  -1.9272557e+03
  -1.7822361e+03
  -1.9212909e+03
  -1.8026547e+03
  -1.8309254e+03
  -1.8531873e+03
  -1.7768122e+03
  -1.7893655e+03
  -1.8229625e+03
  -1.7974216e+03
  -1.9939502e+03
  -1.9196371e+03
  -1.9137715e+03
  -1.6936373e+03
  -1.9514508e+03
  -1.9775448e+03
  -2.0167852e+03
  -1.8335393e+03
  -1.9214608e+03
  -1.8664953e+03
  -1.9294153e+03
  -1.7804840e+03
  -1.9242792e+03
  -1.9222176e+03
  -1.9233663e+03
  -1.9260418e+03
  -2.0212360e+03
  -2.0271772e+03
  -1.8524463e+03
  -2.0081523e+03
  -1.9683784e+03
  -1.9427600e+03
  -1.8587170e+03
  -1.8321312e+03
  -1.9287286e+03
  -1.9934478e+03
  -1.7619126e+03
  -1.8719714e+03
  -2.0774635e+03
  -1.8929425e+03
  -1.8649715e+03
  -1.8425681e+03
  -1.8427068e+03
  -2.0396009e+03
  -2.0102267e+03
  -1.8571062e+03
  -1.6571332e+03
  -1.9676780e+03
  -1.9463185e+03
  -1.7478612e+03
  -1.9557995e+03
  -1.9580810e+03
  -1.8320848e+03
  -1.6499897e+03
  -1.5916536e+03
  -1.5463523e+03
  -1.3503219e+03
  -1.1669990e+03
  -9.9933070e+02
  -7.9583656e+02
  -6.4121974e+02
  -7.4235282e+02
  -6.8543612e+02
  -5.8836278e+02
  -6.2227196e+02
  -8.5429512e+02
  -4.5927928e+02
  -5.2423241e+02
  -4.3463609e+02
  -3.5196223e+02
  -2.8072348e+02
  -2.2296422e+02
  -1.9985081e+02
  -9.1452443e+01
  -8.8404581e+01
   3.9618206e+00
  -4.7196193e+01
  -1.2596481e+02
   7.1064608e+00
   1.9846362e+02
   2.0146586e+02
  -2.8569350e+01
   2.9269591e+02
   2.7850199e+02
   8.1450875e+01
   2.7009082e+02
   1.5441026e+02
   2.4669380e+02
   2.1762392e+02
   1.6210928e+02
   4.1469385e+02
   1.8458494e+02
   2.7021159e+02
   6.2620658e+01
   3.0212042e+02
   2.0456752e+02
   3.6062406e+02
   4.2683896e+02
   3.3957040e+02
   2.6426208e+02
   1.5072120e+02
   2.5080023e+02
   3.8195355e+02
   1.8123698e+02
   3.1341823e+02
   3.5484785e+02
   1.5279897e+02
   3.7512926e+02
   1.0877446e+02
   3.3670348e+02
   2.3156654e+02
   2.6747824e+02
   1.2657598e+02
   2.6401160e+02
   4.1225149e+02
   2.2097607e+02
   5.6174480e+01
   2.0760579e+02
   1.3525935e+02
   2.3276391e+02
   1.0431719e+02
   1.6440280e+02
   1.1843479e+01
   1.1695957e+02
   3.1209726e+01
   9.7942890e+01
  -2.2166692e+01
   1.4365784e+01
  -8.4483970e+00
  -1.5610849e+02
  -1.2873168e+02
  -9.3534748e+01
  -9.7475526e+01
  -9.7804853e+01
  -1.0234002e+02
  -1.8328603e+02
  -2.0590734e+02
  -1.5154163e+02
  -7.8679315e+01
  -1.7451996e+02
  -2.8917962e+02
  -2.9005553e+02
  -1.7990375e+02
  -1.5809445e+02
  -2.1328780e+02
  -2.5045016e+02
  -3.6107009e+02
  -2.6497874e+02
  -3.6832172e+02
  -3.5834405e+02
  -4.0918714e+02
  -3.8332716e+02
  -3.6008922e+02
  -4.4161884e+02
  -9.0053741e+01
  -2.9914551e+02
  -3.1359948e+02
  -2.7481947e+02
  -4.2022340e+02
  -3.1697127e+02
  -3.1690488e+02
  -3.3785383e+02
  -3.1234269e+02
  -2.7696489e+02
  -3.4139674e+02
  -2.4519966e+02
  -2.8027972e+02
  -4.1847171e+02
  -5.5248150e+02
  -3.8945045e+02
  -4.3961617e+02
  -4.6091264e+02
  -4.0713458e+02
  -4.5827762e+02
  -3.1576883e+02
  -4.2003631e+02
  -3.7263620e+02
  -4.2558560e+02
  -5.7752967e+02
  -3.6151481e+02
  -5.7517979e+02
  -3.2996831e+02
  -4.7863746e+02
  -4.3906286e+02
  -5.8046255e+02
  -4.4596187e+02
  -5.4261415e+02
  -6.1671384e+02
  -3.4520006e+02
  -5.7192517e+02
  -4.9706851e+02
  -3.6169348e+02
  -5.7448855e+02
  -3.2870149e+02
  -4.3677572e+02
  -4.1749811e+02
  -5.1672129e+02
  -4.1252440e+02
  -3.9592932e+02
  -5.2595476e+02
  -3.5615297e+02
  -3.6109838e+02
  -3.9209562e+02
  -3.5981481e+02
  -2.4671892e+02
  -2.9051573e+02
  -1.3545450e+02
  -3.1707113e+02
  -1.3364471e+02
  -1.3302780e+02
  -2.7837358e+02
  -1.0191531e+02
  -2.2618877e+02
  -1.1138803e+02
  -1.6137924e+02
  -1.3962546e+02
  -1.2672906e+02
  -5.1210412e+01
  -5.3745793e+01
  -9.4388899e+00
   6.2410064e+00
  -1.2595971e+02
  -1.3268333e+02
  -1.0454706e+02
  -1.3347534e+02
   4.3396701e+00
  -1.4008293e+02
  -7.3770822e+01
  -2.1310225e+02
  -1.4842333e+02
   1.7066616e+01
  -1.2323525e+02
  -1.1570405e+02
   2.6460970e+01
  -9.2798653e+01
  -1.8107938e+02
  -2.2812794e+02
  -1.3638725e+02
  -1.6196968e+02
  -1.7374091e+02
  -2.2535918e+02
  -3.5376917e+02
  -4.3897076e+02
  -3.8978169e+02
  -7.4299818e+02
  -6.6786063e+02
  -7.8486984e+02
  -7.8613519e+02
  -7.7100411e+02
  -9.9023757e+02
  -1.1682901e+03
  -1.2544321e+03
  -1.2684542e+03
  -1.2521800e+03
  -1.2434076e+03
  -1.3938238e+03
  -1.5799418e+03
  -1.5922313e+03
  -1.5145211e+03
  -1.7239811e+03
  -1.5630630e+03
  -1.6324819e+03
  -1.7375153e+03
  -1.6294961e+03
  -1.7459387e+03
  -1.7902026e+03
  -1.8601720e+03
  -1.5432523e+03
  -1.7185394e+03
  -1.9731901e+03
  -1.7359567e+03
  -1.6314493e+03
  -1.7012627e+03
  -1.9555995e+03
  -1.9127567e+03
  -1.7272960e+03
  -1.7735056e+03
  -1.6958915e+03
  -1.5876025e+03
  -1.8483808e+03
  -1.6097441e+03
  -1.6802715e+03
  -1.9104155e+03
  -1.7895125e+03
  -1.8810689e+03
  -1.8374310e+03
  -1.7355074e+03
  -1.7929034e+03
  -1.9501400e+03
  -1.8389944e+03
  -1.8074613e+03
  -1.7353953e+03
  -1.7894471e+03
  -1.7245400e+03
  -1.7323015e+03
  -1.8335289e+03
  -1.8590220e+03
  -1.6517718e+03
  -1.8533745e+03
  -1.7277944e+03
  -1.5751146e+03
  -1.8061316e+03
  -2.0416271e+03
  -1.7831221e+03
  -1.7424288e+03
  -1.8771690e+03
  -1.9071948e+03
  -1.9255392e+03
  -1.9667961e+03
  -1.9290529e+03
  -1.9358798e+03
  -1.7757826e+03
  -1.8014800e+03
  -1.9241336e+03
  -1.7351668e+03
  -1.8713501e+03
  -1.8700013e+03
  -1.9570487e+03
  -1.6773352e+03
  -1.9929143e+03
  -1.9307479e+03
  -1.8143816e+03
  -1.8776765e+03
  -1.8017940e+03
  -2.0261848e+03
  -2.0484157e+03
  -1.7736469e+03
  -1.8812956e+03
  -1.9181664e+03
  -1.8485805e+03
  -1.9035023e+03
  -1.8186161e+03
  -1.8966620e+03
  -1.7879287e+03
  -1.9348690e+03
  -2.0454724e+03
  -2.0022850e+03
  -1.9196395e+03
  -1.7640678e+03
  -1.7961453e+03
  -1.9844484e+03
  -1.9175729e+03
  -1.9447838e+03
  -2.1066347e+03
  -2.0929344e+03
  -1.8022082e+03
  -1.8838972e+03
  -2.0361860e+03
  -1.9302534e+03
  -1.9805291e+03
  -1.9538493e+03
  -1.8167337e+03
  -1.9812731e+03
  -1.8865356e+03
  -1.8287966e+03
  -1.8825679e+03
  -1.9861395e+03
  -1.8904671e+03
  -1.7724743e+03
  -1.8614313e+03
  -1.7552829e+03
  -1.7646848e+03
  -1.9759445e+03
  -1.9272057e+03
  -1.8881645e+03
  -1.8894602e+03
  -1.9403818e+03
  -1.8157667e+03
  -2.0122855e+03
  -1.9790500e+03
  -1.9616880e+03
  -1.7353957e+03
  -1.7908491e+03
  -1.9804849e+03
  -1.6097928e+03
  -1.3457958e+03
  -1.2480682e+03
  -8.3108330e+02
  -9.4445934e+02
  -7.8791905e+02
  -1.0471759e+03
  -5.9267238e+02
  -7.0745990e+02
  -4.1214663e+02
  -4.4884955e+02
  -4.2079689e+02
  -2.7323997e+02
  -6.7075812e+01
  -1.3636813e+02
  -2.1527021e+02
   2.6702634e+01
   4.8829643e+01
  -8.5083729e+00
  -3.8565353e+01
   1.3397545e+02
   8.8319881e+01
   2.2139788e+02
   1.5130569e+02
   2.8497299e+02
   6.3755127e+01
   2.3296799e+02
   2.5059667e+02
   1.1215313e+01
   2.2719670e+02
   1.1853019e+02
   7.3251591e+00
   1.3206463e+02
   3.1648872e+02
   1.8029295e+02
   1.0755606e+01
   2.2117737e+02
   2.0263971e+02
   1.7036848e+02
   2.0405340e+02
   2.3570509e+02
   3.2640580e+02
   3.6018532e+02
   3.3537663e+02
   1.9924479e+02
   2.0522174e+02
   3.3384537e+02
   2.7606154e+02
   2.5735075e+02
   4.2115180e+02
   2.6997745e+02
   3.2155813e+02
   3.3181754e+02
   4.4946136e+02
   2.7126491e+02
   2.7233966e+02
   3.6057730e+02
   2.3090622e+02
   2.5182883e+02
   3.1178289e+02
   1.1282476e+02
  -7.2811194e+00
   2.1467324e+02
   1.4755667e+02
   1.0536969e+02
   3.3432118e+02
   1.8403196e+02
   3.5619691e+01
  -1.4389973e+02
   8.0895438e+00
   1.4044845e+02
  -8.4155438e+01
  -2.5091189e+01
  -1.3373352e+02
   3.9181022e+01
  -2.2111801e+02
  -9.3894029e+01
  -1.3483703e+02
  -8.0174077e+01
  -1.0010236e+02
  -4.7117018e+01
  -2.2642720e+02
  -1.2443633e+02
  -1.8643256e+02
  -2.2541978e+02
  -3.4804656e+02
  -2.8283532e+02
  -4.6511331e+02
  -1.3061019e+02
  -4.4458805e+02
  -3.0150605e+02
  -3.3017539e+02
  -3.3055800e+02
  -2.4518902e+02
  -3.0388044e+02
  -3.1088563e+02
  -2.4739158e+02
  -2.3394229e+02
  -1.7099093e+02
  -3.0278165e+02
  -3.4421736e+02
  -3.1988559e+02
  -3.5663078e+02
  -2.8228321e+02
  -4.8917790e+02
  -3.7990761e+02
  -1.9546103e+02
  -3.2137593e+02
  -4.2113696e+02
  -3.6425845e+02
  -3.9234168e+02
  -3.6216254e+02
  -4.1793434e+02
  -2.3358220e+02
  -2.6852606e+02
  -4.7420413e+02
  -1.6967299e+02
  -3.1297985e+02
  -3.9128038e+02
  -2.2288723e+02
  -3.6713848e+02
  -2.4325054e+02
  -4.2613471e+02
  -1.2258336e+02
  -2.6755515e+02
  -2.3080928e+02
  -2.6042247e+02
  -2.4247932e+02
  -9.5279444e+01
  -1.8464380e+02
  -2.0529239e+02
  -3.3757468e+02
  -9.0162067e+01
  -1.2667563e+02
  -1.0224604e+02
  -5.8082708e+01
  -3.0708171e+02
  -1.6346832e+02
  -2.7686203e+02
  -1.5882851e+02
  -6.0609780e+01
  -3.3743282e+01
  -1.5015881e+02
  -1.0884337e+02
  -1.5787851e+02
   5.4589458e+01
   1.0980788e+02
  -1.3591488e+02
  -4.8482547e+01
  -4.8521906e+01
   4.8736484e+01
  -1.1241368e+01
  -1.0447569e+02
   4.9150569e+01
  -1.1841572e+02
   6.7446982e+01
  -7.9662291e+01
  -5.0145511e+01
  -9.3536546e+01
   9.2323031e+01
   8.7558294e+01
   1.3588731e+01
   7.0891334e+01
   1.6022392e+01
  -8.3120349e+00
  -9.5593131e-03
  -2.2194699e+01
  -1.5072794e+01
  -4.7267716e+01
  -6.8645786e+01
  -7.9275384e+01
  -2.9432183e+01
   1.4339394e+02
   1.8262969e+02
   9.4826425e+01
   4.8953543e+01
   1.2403608e+02
   3.1671908e+01
  -5.8227433e+00
   1.6678624e+02
   1.8238031e+02
  -5.8358499e+01
   4.3851260e+01
   1.6554676e+01
  -6.9114762e+01
   9.9795228e+01
  -4.3570768e+01
  -6.6243761e+01
   6.6280968e+01
  -3.4263081e+01
  -1.1569905e+02
   5.1003526e+00
   2.2738868e+01
  -2.6904634e+02
  -2.9902845e+02
  -2.2329287e+02
  -4.4017762e+02
  -3.1185443e+02
  -4.2423787e+02
  -4.9647510e+02
  -7.0865988e+02
  -5.6884742e+02
  -5.1720950e+02
  -6.5524895e+02
  -7.5072072e+02
  -9.7074492e+02
  -8.6266547e+02
  -9.5579878e+02
  -9.5679368e+02
  -1.0812510e+03
  -1.2418661e+03
  -1.0839730e+03
  -1.2437007e+03
  -1.3223096e+03
  -1.3796452e+03
  -1.4231056e+03
  -1.5439802e+03
  -1.5404459e+03
  -1.7209761e+03
  -1.7229473e+03
  -1.6292617e+03
  -1.5026400e+03
  -1.6793576e+03
  -1.6891543e+03
  -1.7608877e+03
  -1.6888899e+03
  -1.7896478e+03
  -1.7349312e+03
  -1.8510789e+03
  -1.7244693e+03
  -1.8144056e+03
  -1.7952016e+03
  -1.7482201e+03
  -1.8344281e+03
  -1.6712620e+03
  -1.7186886e+03
  -1.7945073e+03
  -1.7051808e+03
  -1.8651009e+03
  -1.9068002e+03
  -1.8663490e+03
  -1.8901965e+03
  -1.6878935e+03
  -1.8375511e+03
  -1.8496111e+03
  -1.8301008e+03
  -1.8441855e+03
  -1.6187401e+03
  -1.8641056e+03
  -1.7342606e+03
  -1.7446646e+03
  -1.7276291e+03
  -1.8096216e+03
  -1.9992084e+03
  -1.8558750e+03
  -1.9318515e+03
  -1.8677321e+03
  -1.8987013e+03
  -1.9132271e+03
  -1.8464345e+03
  -1.7959011e+03
  -1.8728491e+03
  -1.9658189e+03
  -1.7497365e+03
  -1.8703927e+03
  -1.9875119e+03
  -1.8156717e+03
  -1.8355734e+03
  -1.8361102e+03
  -1.8029675e+03
  -1.9948065e+03
  -1.6994399e+03
  -1.8326783e+03
  -1.9013754e+03
  -1.7971628e+03
  -1.9733424e+03
  -1.8600089e+03
  -1.8581725e+03
  -1.8980550e+03
  -1.7942064e+03
  -1.8020678e+03
  -1.9831221e+03
  -1.8625167e+03
  -1.9128284e+03
  -1.9556405e+03
  -1.8927986e+03
  -1.8014248e+03
  -1.8698683e+03
  -1.9041475e+03
  -1.9861000e+03
  -1.9140677e+03
  -1.8377187e+03
  -2.0011976e+03
  -1.9598337e+03
  -1.7141335e+03
  -2.0724142e+03
  -2.0117398e+03
  -1.9672780e+03
  -1.9336158e+03
  -1.8842709e+03
  -1.8633915e+03
  -1.9147656e+03
  -1.9501276e+03
  -1.7909337e+03
  -1.9008013e+03
  -1.8981055e+03
  -1.9783281e+03
  -1.9440979e+03
  -1.9729293e+03
  -1.8540933e+03
  -1.8644260e+03
  -1.9547730e+03
  -2.0105016e+03
  -1.8549822e+03
  -1.9560683e+03
  -1.8602152e+03
  -2.1558547e+03
  -1.8495218e+03
  -1.7732478e+03
  -2.0773167e+03
  -2.0310936e+03
  -1.9950468e+03
  -1.9812936e+03
  -2.1316624e+03
  -1.8534008e+03
  -1.7634954e+03
  -1.9152402e+03
  -1.9130159e+03
  -1.8262250e+03
  -1.8950247e+03
  -2.0068511e+03
  -1.7121325e+03
  -1.6861436e+03
  -1.6464868e+03
  -1.4834893e+03
  -1.1364407e+03
  -1.0954966e+03
  -1.0184570e+03
  -7.6570844e+02
  -7.3858406e+02
  -6.6180846e+02
  -4.3392380e+02
  -6.7779019e+02
  -3.7352700e+02
  -5.1371119e+02
  -3.7830386e+02
  -2.3014849e+02
  -2.5344711e+02
  -3.2574283e+02
  -1.8707071e+02
  -5.3170323e+01
   6.8442304e+01
   7.7974350e+01
  -4.4375121e+00
   3.7629242e+01
   5.7926932e+01
  -6.2570189e+01
   1.8948538e+02
   3.6784504e+01
   8.7576159e+01
   3.0648624e+02
   3.2532112e+02
   1.4550234e+02
   1.5003479e+02
  -1.0988729e+00
   1.8241123e+02
   1.2335457e+02
   1.9359255e+02
   2.0498680e+02
   1.1540229e+02
   2.5256863e+02
   3.0874254e+02
   1.9611650e+02
   1.7807893e+02
   2.8223984e+02
   1.5372898e+02
   2.2631219e+02
   2.1295343e+02
   1.6350752e+02
   1.4504439e+02
   1.8545071e+02
   2.7651772e+02
   2.0239503e+02
   1.9590693e+02
   2.4912693e+02
   3.7994333e+02
   8.5364454e+01
   3.4993871e+02
   3.0576462e+02
   1.0216481e+02
   2.7221430e+02
   2.3559691e+02
   6.5152755e+01
   1.8634812e+02
   3.9005433e+02
   3.6673081e+02
   2.8410180e+02
   3.3292097e+02
   2.7280575e+02
   3.3076422e+02
   3.3732072e+02
   2.1011535e+02
   2.0507378e+02
   3.7736789e+02
   2.2975212e+02
   1.2088063e+02
   2.6501034e+02
   3.8429713e+02
   1.9783837e+02
   2.1186604e+02
   1.8901173e+02
   4.4182552e+01
   1.7829898e+02
   3.0763108e+02
   1.7482010e+02
   2.6891721e+02
   1.4256454e+02
   1.3179738e+02
   3.0897057e+02
   2.5569197e+02
   2.2188372e+02
   2.2253012e+02
   1.2734212e+02
   1.4338585e+02
   3.1418085e+02
   1.6084955e+02
   2.1834661e+02
   1.6663670e+02
   7.2252622e+01
   3.9409434e+02
   4.3754543e+01
   3.2032735e+02
   2.8720279e+02
   3.0272334e+02
   2.9676182e+02
   1.7571819e+02
   2.9931690e+02
   2.7677047e+02
   2.1574623e+02
   2.1194595e+02
   5.4920594e+01
   7.2111530e+01
   3.0730770e+02
   3.1176856e+02
   3.1019272e+02
   4.3188076e+02
   3.5658488e+02
   3.9167538e+02
   2.7318922e+02
   2.5055745e+02
   1.2126219e+02
   2.3017526e+02
   2.3827135e+02
   4.5517175e+02
   2.9001802e+02
   4.7385354e+02
   4.7507933e+02
   3.2300340e+02
   2.8727566e+02
   2.4391042e+02
   4.1718503e+02
   4.0948206e+02
   3.3249887e+02
   4.3567323e+02
   3.3022193e+02
   3.2329404e+02
   1.0026852e+02
  -1.8116590e+02
  -4.7208733e+02
  -5.0228715e+02
  -4.3404181e+02
  -6.3781109e+02
  -3.6983094e+02
  -5.2003516e+02
  -4.9865969e+02
  -5.1153642e+02
  -6.4969852e+02
  -4.3458481e+02
  -3.9465385e+02
  -4.0179360e+02
  -5.8149010e+02
  -4.8847183e+02
  -4.0013771e+02
  -4.1796487e+02
  -4.9498024e+02
  -4.4678440e+02
  -3.7430384e+02
  -5.2523471e+02
  -3.6196053e+02
  -4.4562445e+02
  -3.5658394e+02
  -3.3280990e+02
  -3.1882450e+02
  -4.7873254e+02
  -4.3641448e+02
  -4.1191500e+02
  -3.7077629e+02
  -4.4616736e+02
  -4.3777354e+02
  -2.2504985e+02
  -4.2751521e+02
  -3.5565209e+02
  -2.6531849e+02
  -4.1733070e+02
  -4.9948507e+02
  -5.2732196e+02
  -5.5040517e+02
  -7.1631570e+02
  -5.3426196e+02
  -7.4637829e+02
  -5.6014057e+02
  -5.8175615e+02
  -7.2905544e+02
  -8.5435710e+02
  -7.4801252e+02
  -1.0528373e+03
  -1.0620399e+03
  -1.0611790e+03
  -1.3089231e+03
  -1.2092958e+03
  -1.5022613e+03
  -1.2336932e+03
  -1.3417722e+03
  -1.3499653e+03
  -1.3688828e+03
  -1.3397279e+03
  -1.4432741e+03
  -1.5802657e+03
  -1.6442126e+03
  -1.5872960e+03
  -1.7986559e+03
  -1.5801218e+03
  -1.8534460e+03
  -1.7422432e+03
  -1.7213245e+03
  -1.8311559e+03
  -1.7102446e+03
  -1.7915089e+03
  -1.8368445e+03
  -1.7726838e+03
  -1.7029314e+03
  -1.7933641e+03
  -1.7647749e+03
  -1.8316228e+03
  -1.7653553e+03
  -1.8224532e+03
  -1.7036982e+03
  -1.7830583e+03
  -1.8288760e+03
  -1.6578171e+03
  -1.7556922e+03
  -1.7690302e+03
  -1.8606924e+03
  -1.7866284e+03
  -1.6513213e+03
  -1.6461540e+03
  -1.7446494e+03
  -1.7872211e+03
  -2.0115512e+03
  -1.7451553e+03
  -1.7694357e+03
  -2.0059775e+03
  -1.8831755e+03
  -1.6797676e+03
  -1.8365195e+03
  -1.7004891e+03
  -1.9152902e+03
  -1.7216996e+03
  -1.8282207e+03
  -1.8501837e+03
  -1.6604267e+03
  -1.8264749e+03
  -1.6209053e+03
  -1.7930215e+03
  -1.8061002e+03
  -1.8561018e+03
  -1.7833128e+03
  -1.6620979e+03
  -1.7383842e+03
  -1.8818703e+03
  -1.8834452e+03
  -1.8603909e+03
  -1.6787817e+03
  -1.8088915e+03
  -1.7832669e+03
  -1.7015697e+03
  -1.8368460e+03
  -1.7604766e+03
  -1.7140933e+03
  -1.8672966e+03
  -1.6791411e+03
  -1.7375490e+03
  -1.7947569e+03
  -1.7308863e+03
  -1.9395076e+03
  -1.7488737e+03
  -1.7587030e+03
  -1.8834869e+03
  -1.8739249e+03
  -1.7898379e+03
  -1.7681026e+03
  -1.8193648e+03
  -1.8092312e+03
  -1.8680425e+03
  -1.7507535e+03
  -1.6402696e+03
  -1.6918053e+03
  -1.7437650e+03
  -2.0000170e+03
  -1.7178517e+03
  -1.8420929e+03
  -1.7899476e+03
  -1.9379614e+03
  -1.7776211e+03
  -2.0398753e+03
  -1.6214916e+03
  -1.6871136e+03
  -1.9248017e+03
  -1.7373769e+03
  -1.8224181e+03
  -1.7731205e+03
  -1.8731704e+03
  -1.9939104e+03
  -1.7963217e+03
  -1.6862816e+03
  -1.7100897e+03
  -1.8917612e+03
  -1.8755528e+03
  -1.9579134e+03
  -1.9626180e+03
  -1.7903916e+03
  -1.8506219e+03
  -1.7884340e+03
  -1.8437008e+03
  -1.9049679e+03
  -1.8283928e+03
  -1.9369733e+03
  -1.8529951e+03
  -1.8541190e+03
  -1.9309537e+03
  -1.8573862e+03
  -1.9234221e+03
  -1.8181060e+03
  -1.7319395e+03
  -1.7833044e+03
  -1.7061979e+03
  -1.8636027e+03
  -1.6685596e+03
  -1.8369533e+03
  -1.6732719e+03
  -1.5879502e+03
  -1.5420205e+03
  -1.2080308e+03
  -1.0918495e+03
  -1.0669329e+03
  -1.0935767e+03
  -1.0491241e+03
  -1.0503971e+03
  -8.4344796e+02
  -8.7107859e+02
  -6.0777219e+02
  -7.3540256e+02
  -6.9740536e+02
  -4.7922470e+02
  -5.3782787e+02
  -5.6793019e+02
  -4.8982007e+02
  -4.1753744e+02
  -4.3254392e+02
  -1.3971826e+02
  -1.4765984e+02
  -2.6604846e+02
  -3.0960565e+02
  -1.3858888e+02
  -4.4605312e+01
  -2.4711568e+02
  -1.1230172e+02
  -2.1228813e+02
  -6.7907234e+01
  -2.5584049e+02
  -8.8295948e+01
   3.3079030e+01
  -9.9453821e+01
  -5.7697632e+01
  -5.8881619e+00
  -1.3231457e+02
  -1.8661070e+02
  -2.5964784e+02
  -2.7896969e+02
   6.8277167e+01
   3.0624696e+02
   4.8787087e+02
   4.4963810e+02
   3.7024012e+02
   3.9182079e+02
   4.0044332e+02
   3.9669644e+02
   3.6149216e+02
   1.3918274e+02
   2.7063466e+02
   4.3393807e+02
   1.7411222e+02
   5.9540778e+02
   2.4222495e+02
   3.4241200e+02
   3.2970371e+02
   3.6459475e+02
   2.0638771e+02
   2.9686782e+02
   3.7809630e+02
   4.0665493e+02
   3.5567235e+02
   3.2595590e+02
   2.7192215e+02
   3.5354923e+02
   3.4163964e+02
   3.1002036e+02
   2.4529276e+02
   2.9495399e+02
   3.6703585e+02
   5.0750115e+02
   1.3838406e+02
  -3.4356841e+01
  -1.9530392e+02
  -1.7892353e+02
  -2.2531281e+02
  -1.2342490e+02
  -1.7344419e+02
  -1.5346362e+02
   1.6134385e+01
   3.2664541e+01
   1.8205714e+02
   2.5385132e+02
   2.4577334e+02
   2.9495915e+02
   2.8882667e+02
   3.7450807e+02
   3.9731828e+02
   2.2980437e+02
   2.1281749e+02
   2.0224650e+02
   2.3744313e+02
   1.6504193e+02
   2.4127569e+02
   2.7579791e+02
   3.3414891e+02
   4.2819871e+02
   1.9476179e+02
   5.1225636e+02
   2.8172540e+02
   3.9069255e+02
   2.3061073e+02
   2.3123539e+02
   2.0369163e+02
   4.0721198e+02
   4.2519911e+02
   3.7709769e+02
   3.8845081e+02
   2.2972437e+02
   1.8578678e+02
   1.5841915e+02
   3.2212211e+02
   3.0960223e+02
   3.4445484e+02
   3.3155038e+02
   1.8529098e+02
   3.1476158e+02
   2.2938653e+02
   2.9704676e+02
   2.9174133e+02
   3.6964956e+02
   4.1332279e+02
   3.3791023e+02
   2.8109692e+02
   3.4117817e+02
   4.0412082e+02
   3.4027932e+02
   2.3070935e+02
   4.4048357e+02
   3.3610548e+02
   1.9628364e+02
   3.0772076e+02
   2.8603487e+02
   1.2579762e+02
  -2.0435524e+02
  -2.4973119e+02
  -3.8476330e+02
  -4.7479595e+02
  -4.4111283e+02
  -5.2018452e+02
  -4.3187023e+02
  -4.4816136e+02
  -4.1373407e+02
  -3.0126498e+02
  -2.7976665e+02
  -3.3202511e+02
  -3.6623685e+02
  -4.4372134e+02
  -5.2425490e+02
  -5.0843722e+02
  -3.8880094e+02
  -3.8975477e+02
  -3.8262520e+02
  -3.4221094e+02
  -3.1589212e+02
  -2.2741289e+02
  -3.6006473e+02
  -4.3944438e+02
  -2.1425224e+02
  -3.0108810e+02
  -5.3158218e+02
  -3.3830714e+02
  -3.4103046e+02
  -4.6821653e+02
  -4.4258185e+02
  -4.5395325e+02
  -4.6439637e+02
  -4.2261641e+02
  -3.9055245e+02
  -4.4142054e+02
  -5.2075651e+02
  -4.0513186e+02
  -5.2423642e+02
  -3.4277818e+02
  -4.8102018e+02
  -5.4207538e+02
  -5.7326742e+02
  -5.1779123e+02
  -6.8297287e+02
  -5.9714941e+02
  -7.1982872e+02
  -8.7879104e+02
  -8.7927296e+02
  -8.1801887e+02
  -9.6075114e+02
  -9.6513202e+02
  -1.0684579e+03
  -1.2717506e+03
  -1.3218440e+03
  -1.3692124e+03
  -1.4158354e+03
  -1.5624706e+03
  -1.4390227e+03
  -1.5161841e+03
  -1.4177386e+03
  -1.5785995e+03
  -1.8251174e+03
  -1.6667080e+03
  -1.5451402e+03
  -1.6285479e+03
  -1.8274221e+03
  -1.7310865e+03
  -1.6739298e+03
  -1.6952139e+03
  -1.6443677e+03
  -1.8166129e+03
  -1.6877594e+03
  -1.7314836e+03
  -1.8200842e+03
  -1.7303140e+03
  -1.7431319e+03
  -1.7265629e+03
  -1.8275415e+03
  -1.7404897e+03
  -1.8131310e+03
  -1.7513067e+03
  -1.7710462e+03
  -1.6763338e+03
  -1.8841240e+03
  -1.8346256e+03
  -1.7524619e+03
  -1.8086761e+03
  -1.6832109e+03
  -1.8066564e+03
  -1.9912885e+03
  -1.8628087e+03
  -1.8331732e+03
  -1.7613804e+03
  -1.8368636e+03
  -1.8272449e+03
  -1.6903696e+03
  -1.9069418e+03
  -1.7763772e+03
  -1.7976979e+03
  -1.7371165e+03
  -1.8258192e+03
  -1.8994170e+03
  -1.8129883e+03
  -1.8239044e+03
  -1.8608357e+03
  -1.7123139e+03
  -1.9185615e+03
  -1.9261089e+03
  -1.7679800e+03
  -1.8155669e+03
  -1.8326053e+03
  -1.7733664e+03
  -1.7550754e+03
  -1.7027153e+03
  -1.7825860e+03
  -1.8970832e+03
  -1.8137575e+03
  -1.9504937e+03
  -1.6924805e+03
  -1.7968987e+03
  -1.6545965e+03
  -1.6907251e+03
  -1.7433567e+03
  -1.7504847e+03
  -1.8907394e+03
  -1.6659456e+03
  -1.8425585e+03
  -1.8831968e+03
  -1.8916308e+03
  -1.7611871e+03
  -1.5957590e+03
  -1.7838556e+03
  -1.8714880e+03
  -1.7781412e+03
  -1.7023305e+03
  -1.7665434e+03
  -1.8084792e+03
  -1.7870468e+03
  -1.7868504e+03
  -1.6802092e+03
  -1.7355244e+03
  -1.7895831e+03
  -1.8985887e+03
  -1.8582358e+03
  -1.7341304e+03
  -1.8311940e+03
  -1.7492120e+03
  -1.8149380e+03
  -1.7383909e+03
  -1.7349579e+03
  -1.8650147e+03
  -1.8069300e+03
  -1.7380170e+03
  -1.7284689e+03
  -1.6796737e+03
  -1.7592537e+03
  -1.6621966e+03
  -1.9516821e+03
  -1.8034669e+03
  -1.7698370e+03
  -1.7845290e+03
  -1.8673613e+03
  -1.7975906e+03
  -1.8730994e+03
  -1.8431695e+03
  -1.9548251e+03
  -1.7340640e+03
  -1.7441133e+03
  -1.9374896e+03
  -1.9747030e+03
  -1.7738078e+03
  -1.7554968e+03
  -1.7015921e+03
  -1.6679567e+03
  -1.7393421e+03
  -1.7193859e+03
  -1.6583525e+03
  -1.8625570e+03
  -1.7052329e+03
  -1.7472329e+03
  -1.6959641e+03
  -1.7726465e+03
  -1.7452258e+03
  -1.7612912e+03
  -1.7634732e+03
  -1.5130027e+03
  -1.6446660e+03
  -1.2417562e+03
  -1.1133512e+03
  -1.1046928e+03
  -1.0795076e+03
  -8.7456074e+02
  -9.4694805e+02
  -8.7425134e+02
  -6.6530082e+02
  -8.3518429e+02
  -7.4281389e+02
  -6.4255014e+02
  -7.9200274e+02
  -7.8738990e+02
  -6.7027702e+02
  -5.6242685e+02
  -6.4351456e+02
  -4.1246810e+02
  -4.3451113e+02
  -3.8146786e+02
  -4.2391280e+02
  -2.8456788e+02
  -4.7455350e+02
  -5.9775805e+02
  -2.8298697e+02
  -4.5487342e+02
  -2.9292951e+02
  -3.2417504e+02
  -2.0022712e+02
  -3.0632503e+02
  -2.7766618e+02
  -3.0767474e+02
  -4.3870153e+02
  -3.0861820e+02
  -4.1148004e+02
  -2.2890524e+02
  -2.7200289e+02
  -1.9311705e+02
  -4.4320700e+02
  -5.1321244e+02
  -2.8666199e+02
  -3.3959473e+02
  -2.0934812e+02
  -1.6732468e+02
  -2.7800426e+02
  -2.6933539e+02
  -3.7364594e+02
  -3.3646663e+02
  -2.7961549e+02
  -2.8717722e+02
  -1.9092469e+02
  -1.2586126e+02
  -2.8524816e+02
  -3.3561036e+02
  -3.1319504e+02
  -2.4342165e+02
  -2.0479774e+02
  -2.7797995e+02
  -1.4670844e+02
  -5.2930913e+01
  -6.3259182e+01
  -2.3676658e+02
  -6.1152830e+01
  -2.0127010e+02
  -1.2352086e+02
  -3.2322975e+02
  -6.9106449e+01
  -1.5487376e+02
  -8.3166830e+01
  -1.2845156e+02
  -4.1224177e+01
  -1.4252111e+02
   2.1921385e+01
  -3.6451968e+01
  -9.3024382e+01
  -1.5887232e+02
  -6.6080829e+01
  -6.9767768e+01
  -1.0510680e+02
  -1.7247413e+02
  -1.6583197e+02
  -1.1685870e+02
  -3.2140289e+02
  -1.1491924e+02
  -1.5649843e+01
  -2.9727360e+01
  -1.0349857e+02
  -1.7569160e+02
  -2.6567424e+02
  -2.2521805e+02
  -1.3074252e+02
  -1.1445949e+02
  -2.9143243e+01
  -8.4893907e+01
  -7.6790954e+00
  -8.2593533e+00
  -2.6147589e+02
  -1.2644967e+02
  -5.4869510e+01
  -2.1072158e+02
  -2.0723731e+01
  -1.9932266e+02
  -1.8678448e+02
  -1.2630477e+02
  -1.5934714e+02
  -1.0383108e+02
   5.6858929e+01
  -8.5309744e+01
  -2.4427407e+02
  -1.4733467e+02
  -2.1729038e+02
  -2.7057194e+01
  -2.6814339e+02
  -9.0498267e+01
  -1.2155369e+02
  -3.8353926e+01
  -2.5729978e+01
  -1.4673211e+02
  -2.1808999e+02
  -2.0633007e+02
  -1.4629369e+02
  -1.2417586e+02
   4.0293765e+01
  -6.4348636e+01
  -4.5177198e+01
  -1.6927431e+02
  -1.1548359e+01
  -2.8588142e+01
  -7.0769191e+01
   4.2020582e+01
  -5.8999965e+01
  -1.0827657e+02
  -4.0079424e+01
  -1.5173028e+02
  -6.9926972e+01
   1.5473193e+00
   3.7770676e+01
  -6.5325261e+01
   3.7782738e+01
  -6.4389745e+01
   1.1863082e+02
  -9.1956280e+01
  -3.3976416e+01
   6.4493075e+01
  -8.8830892e+01
  -8.0827601e+00
  -1.0372324e+02
  -4.4116627e+01
  -7.4374270e+01
   1.7301708e+02
  -1.7488564e+02
  -6.4986044e+01
  -1.4100147e+01
  -6.1103479e+01
  -3.9551433e+01
  -1.1047162e+02
   1.2354480e+02
  -1.3402720e+02
  -2.7405223e+01
  -4.2064996e+01
  -5.2119116e+01
  -2.5775475e-01
  -3.6694806e+01
  -8.9463603e+01
  -9.3274313e+01
  -7.3977604e+01
  -1.5074371e+02
  -8.4133951e+01
  -4.3730909e+01
  -4.6878715e+01
  -8.1815735e+01
  -8.1692886e+01
  -1.2218514e+02
  -1.1352011e+02
  -4.5552245e+01
  -2.6619329e+01
  -3.0672994e+02
  -1.1698508e+02
   9.1332274e+01
  -2.4324918e+02
   1.6962730e+02
  -2.6675870e+01
  -3.0758665e+00
   3.4243094e+01
  -2.3421439e+01
   3.7714898e+01
   4.5633273e+01
   2.5926398e+01
  -8.2659323e+01
  -3.6773614e+01
  -8.0579301e+01
  -2.4108094e+02
  -3.0024840e+01
  -5.9506537e+01
  -1.6309085e+02
   1.2565539e+01
  -5.7689264e+01
  -1.4030162e+02
  -1.3391142e+02
  -3.3648817e+01
  -1.3508729e+02
  -1.7577365e+02
  -1.7932734e+02
  -1.7226081e+02
  -2.5448881e+02
  -3.1360138e+02
  -3.4697195e+02
  -3.7250937e+02
  -2.1280640e+02
  -2.7613528e+02
  -5.0152949e+02
  -4.0981596e+02
  -4.8631108e+02
  -5.1487295e+02
  -6.1199863e+02
  -7.3123235e+02
  -6.4406110e+02
  -8.6775902e+02
  -1.0115954e+03
  -1.1001503e+03
  -1.1101664e+03
  -1.0176008e+03
  -1.0182963e+03
  -1.3563311e+03
  -1.2231310e+03
  -1.2736497e+03
  -1.2519823e+03
  -1.3778297e+03
  -1.5561067e+03
  -1.4564828e+03
  -1.4957236e+03
  -1.5024873e+03
  -1.8298562e+03
  -1.7166871e+03
  -1.5285772e+03
  -1.8204165e+03
  -1.7306544e+03
  -1.6684722e+03
  -1.6627956e+03
  -1.6295120e+03
  -1.6776406e+03
  -1.6536495e+03
  -1.7258226e+03
  -1.7767223e+03
  -1.6800009e+03
  -1.8731651e+03
  -1.8502133e+03
  -1.9265657e+03
  -1.7336296e+03
  -1.7728246e+03
  -1.7389017e+03
  -1.8207710e+03
  -1.7679396e+03
  -1.7959483e+03
  -1.8184061e+03
  -1.9109564e+03
  -1.9502249e+03
  -1.7873581e+03
  -1.8540353e+03
  -1.6765178e+03
  -1.8827161e+03
  -1.7974960e+03
  -1.7266805e+03
  -1.9732693e+03
  -1.7818228e+03
  -1.6987645e+03
  -1.8471597e+03
  -1.7756365e+03
  -1.9886651e+03
  -1.8391520e+03
  -1.8377229e+03
  -1.7041270e+03
  -1.9393078e+03
  -1.8778248e+03
  -1.7561989e+03
  -1.6610080e+03
  -1.8864867e+03
  -1.7739327e+03
  -1.7850373e+03
  -1.9458378e+03
  -1.9616102e+03
  -1.9504871e+03
  -1.8743879e+03
  -1.6798352e+03
  -1.8576001e+03
  -1.7029759e+03
  -1.8218075e+03
  -1.8002288e+03
  -1.9791745e+03
  -1.7514565e+03
  -1.9208664e+03
  -1.8720734e+03
  -2.0623847e+03
  -1.7846945e+03
  -1.9258539e+03
  -1.8012939e+03
  -1.7362634e+03
  -1.7752397e+03
  -1.8380767e+03
  -1.8923268e+03
  -1.8698179e+03
  -2.0305443e+03
  -1.8058350e+03
  -1.8589397e+03
  -1.7519800e+03
  -1.9392044e+03
  -1.7617725e+03
  -1.9773677e+03
  -1.8785937e+03
  -1.8845322e+03
  -1.8836677e+03
  -1.9444136e+03
  -1.9008739e+03
  -1.9333329e+03
  -1.7898702e+03
  -1.8896671e+03
  -1.9482166e+03
  -1.8160251e+03
  -1.9253585e+03
  -1.9777197e+03
  -1.7961976e+03
  -1.9414416e+03
  -1.8417823e+03
  -1.9881582e+03
  -2.0053625e+03
  -1.9051414e+03
  -1.9232670e+03
  -2.0073996e+03
  -1.8302812e+03
  -1.9202029e+03
  -1.9856458e+03
  -1.9995139e+03
  -1.9849952e+03
  -1.9270276e+03
  -1.9430872e+03
  -1.7624476e+03
  -1.8887956e+03
  -1.9060944e+03
  -1.7871478e+03
  -1.9013588e+03
  -1.8632703e+03
  -1.9431958e+03
  -1.8794567e+03
  -1.8710547e+03
  -1.9194046e+03
  -1.9300823e+03
  -1.9352319e+03
  -1.8756334e+03
  -1.9341248e+03
  -1.8642801e+03
  -1.9759545e+03
  -1.8736501e+03
  -1.8483269e+03
  -1.8692864e+03
  -1.9128327e+03
  -2.0673651e+03
  -1.8778338e+03
  -1.8878047e+03
  -1.8258997e+03
  -1.8604655e+03
  -1.7460595e+03
  -1.6522566e+03
  -1.5745699e+03
  -1.3916681e+03
  -1.1947139e+03
  -1.0140732e+03
  -9.4225008e+02
  -1.0874851e+03
  -9.8088007e+02
  -7.8872979e+02
  -7.0930331e+02
  -7.2221010e+02
  -7.6269445e+02
  -5.5274126e+02
  -5.5409357e+02
  -3.4349650e+02
  -4.3521438e+02
  -3.4658709e+02
  -2.3721747e+02
  -1.1429585e+02
  -2.1517183e+01
  -8.0197179e+01
  -4.7302014e+01
   2.0885309e+01
  -3.5431539e+01
  -4.8073560e+01
   4.0694868e+01
   1.2159568e+02
   3.8140344e+01
   3.3754996e+01
   2.2703336e+02
   1.9194759e+02
   2.1962909e+02
   1.6746890e+02
   1.7692587e+02
   1.9016460e+02
   1.9188816e+02
   1.6650993e+02
   2.0339376e+02
   1.3536204e+02
   2.4164068e+02
   1.5385398e+02
   3.3883506e+02
   1.0543381e+02
   2.6262793e+02
   3.1141447e+02
   2.8540565e+02
   2.6108750e+02
   2.0514757e+02
   3.9041545e+02
   4.0037285e+02
   2.6560839e+02
   2.8527835e+02
   2.1338946e+02
   1.9886359e+02
   3.8440497e+02
   2.2086660e+02
   2.2786642e+02
   3.2324915e+02
   2.1124333e+02
   2.4037883e+02
   2.7821712e+02
   4.3938323e+02
   3.2917368e+02
   2.6297063e+02
   2.9174012e+02
   3.7613881e+02
   2.4112279e+02
   3.3566008e+02
   2.9807189e+02
   2.5429776e+02
   4.7579559e+01
   2.4715517e+02
   3.0647469e+02
   2.5489806e+02
   2.9427865e+02
   2.0407938e+02
   2.5473108e+02
   3.1986535e+02
   1.2538884e+02
   2.8488567e+02
   9.8797438e+01
   9.1417733e+01
   3.3502040e+02
   1.8720419e+02
   1.5215219e+02
   3.3161325e+02
   2.4400527e+02
   1.8733536e+02
   1.1935910e+01
   1.4052641e+02
   2.3111731e+02
   1.9658541e+02
   3.3022255e+02
   6.6914074e+01
   1.2833845e+02
   2.0617352e+01
   1.1634183e+02
  -1.9653882e+01
   1.8607836e+02
   1.7716290e+02
  -4.2043831e+01
   8.0969717e+01
   1.8987997e+02
   4.1629994e+01
   1.4303535e+02
   1.9487205e+02
   1.2554313e+01
   1.2399248e+02
   8.1930607e+01
   9.1517461e+01
   2.7378413e+02
  -2.9581057e+01
   4.8222556e+01
   5.4452995e+00
   7.0022781e+01
  -5.0517985e+01
  -9.6553677e+01
   2.3930366e+01
   7.3205229e+01
  -1.3235324e+02
  -7.1003567e+01
  -7.6259704e+01
   2.2104911e+01
   9.5230732e+01
   4.3442605e+01
  -2.1114789e+02
  -1.1244334e+01
  -8.6729527e+01
   3.6774579e+01
  -3.2814755e+00
  -2.5399336e+02
  -1.9207518e+02
  -1.3200974e+02
  -2.3430202e+02
  -1.1657858e+02
  -2.6893630e+02
  -1.2278654e+02
  -3.9193624e+02
  -2.3560103e+02
  -1.1037465e+02
  -6.4082810e+01
  -9.5412981e+01
   6.3175032e+01
  -2.4443957e+02
  -3.4238886e+02
   1.4543102e+01
  -1.9859779e+02
  -1.1555304e+02
  -3.2238914e+02
  -3.1325867e+02
  -1.9664262e+02
  -2.4710789e+02
  -1.4311761e+02
  -1.5403515e+02
  -6.1393304e+01
  -1.4514689e+02
  -2.6570642e+02
  -1.0495026e+02
  -6.3423966e+00
  -1.2298617e+02
  -4.6787385e+01
  -1.0028895e+02
  -3.1947909e+01
   1.2911059e+02
  -1.4173426e+02
  -5.0683106e+00
   1.3965616e+01
   1.1850361e+01
   1.7459793e+02
   7.0376088e+01
  -4.6389889e+01
  -2.7051636e+01
  -4.2708345e+01
   5.2403784e+01
   5.6527114e+01
  -6.5681018e+00
   6.7190055e+01
  -7.6721323e+01
   4.1944058e+01
   1.0257725e+02
  -9.7584469e+01
   6.1799019e+01
  -1.5278938e+01
   1.1515956e+02
  -9.5135215e+00
   6.2202750e+01
   3.6105722e+01
   1.0374702e+01
   6.2022036e+01
   6.5535721e+01
  -8.0608938e+01
   1.8865258e+01
  -3.1720134e+01
  -1.1592589e+02
  -1.0553110e+02
   3.8083367e+01
  -1.6529087e+02
  -1.0181772e+02
  -1.1796989e+02
  -2.3186081e+02
  -2.6636335e+02
  -5.0055580e+02
  -3.4842728e+02
  -3.2669472e+02
  -4.0456947e+02
  -6.0323627e+02
  -6.1171479e+02
  -7.0366226e+02
  -7.0639249e+02
  -6.6703715e+02
  -9.8296469e+02
  -1.0950455e+03
  -1.0685035e+03
  -9.5097872e+02
  -1.2261675e+03
  -1.2839868e+03
  -1.3208144e+03
  -1.3428999e+03
  -1.3631478e+03
  -1.5978689e+03
  -1.4944316e+03
  -1.5567413e+03
  -1.6604349e+03
  -1.6633369e+03
  -1.7336114e+03
  -1.7326702e+03
  -1.6254795e+03
  -1.8609183e+03
  -1.6057840e+03
  -1.6749693e+03
  -1.7814264e+03
  -1.7092898e+03
  -1.8068141e+03
  -1.7526845e+03
  -1.8194980e+03
  -1.6882171e+03
  -1.8101432e+03
  -1.8045068e+03
  -1.7840869e+03
  -1.7464638e+03
  -1.8480455e+03
  -1.7977129e+03
  -1.8220696e+03
  -1.8408775e+03
  -1.9013331e+03
  -1.6564105e+03
  -1.7144276e+03
  -1.9262709e+03
  -1.8276130e+03
  -1.9048121e+03
  -1.7871192e+03
  -1.8094511e+03
  -1.8380672e+03
  -1.7479341e+03
  -1.7731531e+03
  -1.8636556e+03
  -1.9322623e+03
  -1.9211653e+03
  -1.8345857e+03
  -1.7847220e+03
  -1.7928779e+03
  -1.8282894e+03
  -1.7958306e+03
  -1.8219432e+03
  -1.7425164e+03
  -1.8490414e+03
  -1.8622463e+03
  -1.8224879e+03
  -1.8721493e+03
  -1.8031472e+03
  -1.9657231e+03
  -1.8236935e+03
  -1.7520287e+03
  -1.8926038e+03
  -1.8542520e+03
  -1.9945959e+03
  -1.8240526e+03
  -1.8539010e+03
  -1.9034327e+03
  -1.8125598e+03
  -1.8691237e+03
  -1.9814162e+03
  -1.8657179e+03
  -1.8961366e+03
  -1.8682020e+03
  -1.8491869e+03
  -1.9236217e+03
  -1.7515039e+03
  -1.8966004e+03
  -2.0186320e+03
  -1.8415529e+03
  -1.9467706e+03
  -1.8659969e+03
  -1.8703052e+03
  -1.8439507e+03
  -1.7137270e+03
  -1.8276726e+03
  -1.8938299e+03
  -1.8429274e+03
  -1.8286475e+03
  -1.7825214e+03
  -1.7489250e+03
  -1.7832582e+03
  -1.9255439e+03
  -1.9370935e+03
  -1.7872007e+03
  -1.9194266e+03
  -1.6365234e+03
  -1.8939861e+03
  -1.7734076e+03
  -1.8749043e+03
  -1.7021225e+03
  -1.8412775e+03
  -1.8393887e+03
  -1.9584672e+03
  -2.0214734e+03
  -1.8587984e+03
  -1.9770838e+03
  -1.9545506e+03
  -1.8550893e+03
  -1.8188117e+03
  -1.8147716e+03
  -1.8732813e+03
  -2.0045881e+03
  -1.7245639e+03
  -1.7861461e+03
  -1.7359400e+03
  -1.9182222e+03
  -1.8392410e+03
  -1.8174943e+03
  -1.9199116e+03
  -1.8832072e+03
  -1.9493733e+03
  -1.7929711e+03
  -1.8704307e+03
  -1.8463426e+03
  -1.7376443e+03
  -1.8014697e+03
  -1.7150915e+03
  -1.5591546e+03
  -1.5807648e+03
  -1.3854866e+03
  -1.1880431e+03
  -1.0322111e+03
  -9.2796559e+02
  -8.1690134e+02
  -6.9814294e+02
  -4.4822671e+02
  -7.2770860e+02
  -6.6596965e+02
  -5.0537363e+02
  -4.9438285e+02
  -3.0090248e+02
  -5.2464786e+02
  -2.5862258e+02
  -8.1663988e+01
  -8.1376131e+01
  -1.4827665e+02
  -7.4967992e+01
  -1.8118013e+02
  -7.2617612e+01
   1.9186918e+02
   2.2493274e+02
   1.0592981e+02
   1.7652984e+02
   2.7085669e+02
   1.7752036e+02
   1.4343528e+02
   1.8777661e+02
   3.3161447e+02
   3.0335502e+02
   1.4769608e+02
   1.1284524e+02
   3.3720248e+02
   3.0295418e+02
   3.1704523e+02
   2.0661819e+02
   4.4625341e+02
   1.7068190e+02
   4.2718532e+02
   2.5238995e+02
   3.9321932e+02
   3.2237836e+02
   2.8275899e+02
   3.4265314e+02
   4.4511852e+02
   2.8830997e+02
   2.6148624e+02
   3.3084485e+02
   3.3938288e+02
   3.3689525e+02
   2.2821206e+02
   3.5245432e+02
   3.2881877e+02
   2.6811872e+02
   4.4069396e+02
   1.2772560e+02
   3.0802751e+02
   3.5346344e+02
   3.0255175e+02
   2.6277887e+02
   1.4368142e+02
   3.0313906e+02
   3.2454506e+02
   1.9276329e+02
   3.6219205e+02
   2.3847735e+02
   2.3437810e+01
   1.9755745e+02
   1.9469564e+02
   6.8169861e+01
   1.8220474e+02
   2.3635509e+02
   1.8897959e+01
   1.8261153e+02
   6.2505420e+01
   2.4108366e+02
   6.2014786e+01
   6.8475749e+00
   3.6943522e+01
   1.5239138e+02
   1.7007473e+02
   1.0876853e+02
   5.8669294e+01
   1.9266687e+02
   3.7081280e+01
   1.6723569e+02
  -9.0100286e+01
   1.1858736e+02
   9.8058177e+01
   1.9899115e+01
  -1.1382386e+01
  -4.2038762e+01
  -1.6263230e+02
  -5.4586938e+01
   1.7189436e+00
   7.1608921e+01
  -7.4051035e+01
  -2.8488333e+01
  -9.2649210e+00
  -1.2532063e+02
  -8.6716953e+00
  -2.7378214e+02
  -2.1196313e+02
  -1.2496977e+02
  -9.0343961e+01
   3.8391616e+00
  -1.0734490e+02
  -5.8589290e+01
  -1.1643659e+02
  -1.0590933e+02
   1.1301320e+01
  -1.6116156e+02
  -3.7252973e+01
  -4.9749754e+01
  -1.0875634e+01
  -3.4078025e+02
  -3.7326650e+02
  -7.8607364e+01
  -9.7773204e+01
  -2.1485583e+01
  -2.4638847e+02
  -2.6224605e+02
  -2.3301071e+02
  -2.4875793e+02
  -1.6465544e+02
  -3.5258222e+02
  -1.0609828e+02
  -1.6093668e+02
  -3.8592053e+01
  -2.1756167e+02
  -3.5709579e+02
  -3.1639089e+02
  -2.5995801e+02
  -1.8416653e+02
  -1.5939723e+02
  -3.7814879e+02
  -3.8486160e+02
  -3.9014048e+02
  -2.1898551e+02
  -2.7508205e+02
  -2.1466151e+02
  -1.2295659e+02
  -2.7876673e+02
  -2.4616159e+02
  -2.3966498e+02
  -4.5341106e+02
  -2.2897533e+02
  -2.0616291e+02
  -1.1034119e+02
  -1.2861670e+02
  -8.6456000e+01
  -1.4528587e+02
  -5.2638084e+01
  -3.2937039e+02
   7.2657930e+01
  -1.8704310e+02
  -2.3450307e+02
  -1.6405774e+00
  -5.8646144e+01
  -2.7083220e+02
  -9.3306117e+01
   1.1971225e+00
  -1.4668998e+02
  -7.0503310e+01
  -4.4124165e+01
   6.2356869e+01
  -1.0813927e+02
   2.1763030e+01
  -1.1987436e+02
  -4.0143635e+01
  -8.7776331e+01
   7.3491982e+01
   3.2844875e+01
   1.8121152e+01
  -1.0719652e+02
  -1.2399378e+01
   6.1468610e+01
  -2.1706719e+02
   3.2560629e+01
  -2.5097497e+02
  -3.3995597e+01
  -2.2141769e+02
  -2.4564237e+02
  -8.1815519e+01
  -7.1968449e+01
  -7.8086411e+01
  -2.4168853e+02
  -2.8038288e+02
  -3.6317005e+02
  -3.4655824e+02
  -4.2740130e+02
  -4.1072844e+02
  -6.3342274e+02
  -3.5125999e+02
  -5.8507590e+02
  -7.7354707e+02
  -9.1735507e+02
  -7.7321434e+02
  -9.2757245e+02
  -9.8045412e+02
  -1.2901616e+03
  -1.3253889e+03
  -1.2702587e+03
  -1.4663683e+03
  -1.4670255e+03
  -1.5332559e+03
  -1.4677105e+03
  -1.3621963e+03
  -1.4802406e+03
  -1.6205285e+03
  -1.5210939e+03
  -1.7298422e+03
  -1.4783105e+03
  -1.7709485e+03
  -1.8583151e+03
  -1.8463669e+03
  -1.9789809e+03
  -1.8089625e+03
  -1.6968842e+03
  -1.7557926e+03
  -1.6741799e+03
  -1.6940021e+03
  -1.8845926e+03
  -1.7404021e+03
  -1.6247464e+03
  -1.9403771e+03
  -1.8421082e+03
  -1.6054757e+03
  -1.9564505e+03
  -1.9447421e+03
  -1.9954348e+03
  -1.7508217e+03
  -1.8803125e+03
  -1.9050216e+03
  -1.7987763e+03
  -1.7547902e+03
  -1.8251645e+03
  -1.7820907e+03
  -1.8569923e+03
  -1.9108664e+03
  -1.9284152e+03
  -1.8988265e+03
  -1.8969985e+03
  -1.7632271e+03
  -1.8410048e+03
  -1.7749455e+03
  -1.8211996e+03
  -1.8540618e+03
  -1.9659207e+03
  -1.7419069e+03
  -1.8847758e+03
  -1.6945500e+03
  -1.9332734e+03
  -1.9765749e+03
  -1.7456022e+03
  -1.6875067e+03
  -1.8691482e+03
  -1.9754333e+03
  -1.7725982e+03
  -1.7824805e+03
  -1.6501430e+03
  -1.7941186e+03
  -1.6894972e+03
  -1.6935424e+03
  -1.8614513e+03
  -1.8534889e+03
  -1.8086027e+03
  -1.9597039e+03
  -1.7046449e+03
  -1.7754027e+03
  -1.7993951e+03
  -1.8459878e+03
  -1.9354461e+03
  -1.7892640e+03
  -1.6428686e+03
  -1.9177099e+03
  -1.8250874e+03
  -1.9507773e+03
  -1.7898771e+03
  -1.9274516e+03
  -1.8948698e+03
  -1.8504462e+03
  -2.0186627e+03
  -1.7601911e+03
  -1.9326101e+03
  -1.7483635e+03
  -1.8603752e+03
  -1.8833748e+03
  -1.8885520e+03
  -1.8474907e+03
  -1.8728393e+03
  -1.8735943e+03
  -1.9891539e+03
  -1.8916022e+03
  -1.8073964e+03
  -1.9672655e+03
  -1.7646670e+03
  -1.9963092e+03
  -1.8455128e+03
  -1.9423131e+03
  -1.9116583e+03
  -1.9772290e+03
  -1.7483643e+03
  -1.9687885e+03
  -1.7956461e+03
  -1.8940364e+03
  -1.7931707e+03
  -1.9034709e+03
  -1.9037049e+03
  -1.8607913e+03
  -1.8929942e+03
  -1.9201586e+03
  -1.8952879e+03
  -1.9939426e+03
  -2.0067712e+03
  -1.9603036e+03
  -1.8687349e+03
  -1.9093654e+03
  -1.7775653e+03
  -1.9925849e+03
  -1.8525935e+03
  -2.0317725e+03
  -1.8953216e+03
  -1.9304983e+03
  -1.9667865e+03
  -1.9183236e+03
  -1.7647505e+03
  -1.8628507e+03
  -1.8987750e+03
  -1.8347629e+03
  -1.6718583e+03
  -1.6945887e+03
  -1.6798131e+03
  -1.4618290e+03
  -1.3459943e+03
  -1.2535669e+03
  -9.3522310e+02
  -8.6388381e+02
  -8.5250611e+02
  -6.8452127e+02
  -7.0243430e+02
  -5.8942142e+02
  -4.3340467e+02
  -4.5941140e+02
  -5.3688182e+02
  -2.2192502e+02
  -1.8220207e+02
  -2.0836308e+00
  -1.1093204e+01
   8.1723504e+01
   4.3672525e+00
   1.6917543e+02
   1.0829351e+02
   1.6085164e+02
   8.7573470e+01
   2.2838707e+02
   1.3506840e+02
   3.0230525e+02
   2.9180149e+02
   3.8543526e+02
   2.0251345e+02
   3.4622821e+01
   2.5943873e+02
   3.1162786e+02
   3.4778141e+02
   2.9048325e+02
   2.4688353e+02
   2.9578079e+02
   3.5120486e+02
   2.6578194e+02
   3.9516678e+02
   4.5658552e+02
   3.6140099e+02
   3.1170783e+02
   1.8949259e+02
   4.6392662e+02
   4.8972127e+02
   3.5781037e+02
   3.9827456e+02
   3.3625164e+02
   4.3197033e+02
   4.8027271e+02
   4.5892825e+02
   4.7129515e+02
   2.8632639e+02
   2.7427015e+02
   3.4772290e+02
   4.8992716e+02
   3.5458382e+02
   4.7739954e+02
   2.3726209e+02
   3.5822001e+02
   2.0257504e+02
   3.0294138e+02
   8.1989159e+01
   1.4792465e+02
   3.7551015e+02
   2.3350091e+02
   2.9652399e+02
   8.0240278e+01
   3.4905279e+02
   2.9761519e+02
   2.4641402e+02
   2.9604201e+02
   3.3019410e+02
   2.4223760e+02
   5.6115860e+01
   7.0185862e+01
   1.4395521e+02
   1.6360204e+02
   1.2850160e+02
   7.4439330e+01
   2.0520006e+02
   2.2192162e+02
   2.5818413e+02
   2.8046317e+02
   1.5456889e+01
   1.8419297e+02
  -1.5140145e+02
   1.2920694e+02
   5.5112673e+01
   1.9713815e+02
   6.7574445e+01
  -9.1183297e+01
  -4.9288743e+00
   3.2439560e+01
   2.9397104e+02
   9.1646627e+01
   1.0666401e+01
   2.2352141e+02
  -5.2760124e+01
  -1.6367256e+01
   5.4264309e+01
   4.6108343e+00
   6.8199884e+01
   3.0457236e+01
   2.0640627e+02
  -4.1090272e+01
   1.2905090e+02
  -3.6948429e+01
   1.4459211e+02
  -7.2021432e+01
   1.8975454e+02
   7.5289341e+01
   1.0463553e+02
  -2.1169713e+01
   2.2529519e+02
   7.7843169e+01
   2.2829120e+02
   1.4420635e+02
  -4.0297173e+01
  -5.4757728e+01
  -8.3216494e+01
   1.1568964e+02
  -1.3216401e+02
  -7.4429262e+01
   1.1672093e+01
  -3.4844207e+01
  -4.8603157e+01
  -1.2926184e+02
  -6.4979779e+01
  -1.6025024e+02
  -5.7444415e+01
  -1.0341165e+02
  -1.8445729e+02
  -2.7376761e+02
  -2.1670565e+02
   6.4746609e+01
  -1.4403227e+02
  -1.5602335e+02
  -4.7267128e+01
  -2.2113421e+01
   6.4180766e+01
   1.6538684e+01
  -1.1518177e+01
   7.2981657e+00
  -4.4073317e+01
   5.9177108e+01
   1.1089943e+01
   1.5575630e+00
  -1.4867025e+02
  -5.0709269e+01
  -1.6203740e+01
  -2.6126417e+01
  -1.3183763e+00
  -3.3552469e+01
  -8.2968535e+01
   7.4184019e+01
   1.2588607e+02
  -1.5206925e+01
   6.5156072e+01
   5.5930162e+01
   9.1796886e-01
  -9.2318241e+01
   1.3149415e+02
   1.1282777e+02
  -7.9190005e+01
  -2.0036980e+02
   6.3155594e+01
  -1.5246688e+02
   3.4599641e+01
  -1.1706362e+02
   7.6897644e+01
  -1.1941068e+00
  -4.9330235e+01
  -1.3248954e+02
  -2.2921656e+01
  -1.3415030e+02
  -3.2885224e+02
  -8.0402133e+01
  -2.7862220e+02
  -3.4704315e+02
  -3.9637927e+02
  -4.2421823e+02
  -5.3633625e+02
  -3.3944260e+02
  -3.6358270e+02
  -5.1921686e+02
  -6.7499149e+02
  -7.1499030e+02
  -9.5664527e+02
  -1.0304269e+03
  -1.0177342e+03
  -1.0298474e+03
  -9.3962646e+02
  -9.5067698e+02
  -1.1517907e+03
  -1.2004000e+03
  -1.4357596e+03
  -1.4724433e+03
  -1.5334231e+03
  -1.4597125e+03
  -1.5942424e+03
  -1.5359676e+03
  -1.7464035e+03
  -1.7663265e+03
  -1.6099526e+03
  -1.6492404e+03
  -1.6092304e+03
  -1.6870966e+03
  -1.5226392e+03
  -1.6334017e+03
  -1.6910273e+03
  -1.7541557e+03
  -1.7253930e+03
  -1.6561438e+03
  -1.7896407e+03
  -1.7316842e+03
  -1.8243523e+03
  -1.7228763e+03
  -1.8293821e+03
  -1.6895482e+03
  -2.0142752e+03
  -1.8726011e+03
  -1.7748202e+03
  -1.6214771e+03
  -1.8323573e+03
  -1.6925814e+03
  -1.6437270e+03
  -1.7681157e+03
  -1.7112940e+03
  -1.8433964e+03
  -1.8191029e+03
  -1.8749838e+03
  -1.8832443e+03
  -1.8091545e+03
  -1.9092131e+03
  -1.8286400e+03
  -1.6890422e+03
  -1.7701319e+03
  -1.7398348e+03
  -1.8507675e+03
  -1.8866838e+03
  -1.7871980e+03
  -1.7885856e+03
  -1.9216037e+03
  -1.8554598e+03
  -1.8411454e+03
  -1.8044595e+03
  -1.8585251e+03
  -1.9929861e+03
  -1.6811189e+03
  -1.7970838e+03
  -1.7338713e+03
  -1.6029826e+03
  -1.9555459e+03
  -1.8556168e+03
  -1.8120685e+03
  -1.7610885e+03
  -1.8695428e+03
  -1.8948786e+03
  -2.0714128e+03
  -1.8878894e+03
  -1.8996124e+03
  -1.8392676e+03
  -1.8366138e+03
  -1.8419889e+03
  -1.9165921e+03
  -1.8373852e+03
  -1.8726020e+03
  -1.8951950e+03
  -1.8365346e+03
  -1.8315888e+03
  -1.9086552e+03
  -1.8938828e+03
  -2.0323529e+03
  -1.8520258e+03
  -1.8400407e+03
  -1.8721944e+03
  -1.9180709e+03
  -1.9806773e+03
  -2.0044074e+03
  -1.9157260e+03
  -2.1387159e+03
  -1.5957813e+03
  -1.9111209e+03
  -1.9924364e+03
  -1.9865350e+03
  -1.8067956e+03
  -2.0148985e+03
  -1.9205167e+03
  -1.9575341e+03
  -1.9516678e+03
  -1.8264288e+03
  -1.9345851e+03
  -1.6738583e+03
  -1.9023296e+03
  -1.9729120e+03
  -1.8225702e+03
  -1.8999238e+03
  -1.8978678e+03
  -1.9150694e+03
  -2.1908234e+03
  -2.0152660e+03
  -1.9056554e+03
  -1.9041365e+03
  -1.9276733e+03
  -1.8509013e+03
  -1.8798512e+03
  -1.9226146e+03
  -1.8268230e+03
  -1.9270547e+03
  -1.8875350e+03
  -1.8979442e+03
  -1.8826044e+03
  -1.9595655e+03
  -1.9776748e+03
  -1.9704847e+03
  -1.7514731e+03
  -1.5871808e+03
  -1.3535336e+03
  -1.1952351e+03
  -1.0633513e+03
  -9.2078962e+02
  -9.0302828e+02
  -8.3494467e+02
  -8.7053242e+02
  -6.9566890e+02
  -8.5727755e+02
  -7.5269762e+02
  -8.1172639e+02
  -6.0468001e+02
  -6.6822039e+02
  -4.1766243e+02
  -4.2628354e+02
  -3.8803155e+02
  -2.8549488e+02
  -2.7214205e+02
  -4.6485628e+02
  -1.7944373e+02
  -1.1472572e+02
  -9.2541009e+01
  -4.5454808e+01
  -7.8267668e+01
   1.7852821e+01
  -1.1956402e+02
   1.1697291e+02
  -4.7001073e+00
   3.0311042e+02
   1.9993637e+01
   1.3336281e+02
   7.7428321e+00
   2.5950479e+02
  -2.8315056e+01
   8.6085586e+01
   2.2871080e+02
   7.2478809e+01
   1.2319579e+02
   1.2362359e+02
   1.3597112e+02
   3.4242233e+01
   2.9518233e+02
   2.2058013e+02
   1.7979456e+02
   2.1146598e+02
   1.4252021e+02
   9.3510040e+01
   2.4400196e+02
   2.8414729e+02
   2.4208141e+02
   2.3456524e+02
   1.0154543e+02
   2.2050342e+02
   2.1068887e+02
   2.7860361e+02
   3.2441447e+02
   2.6054360e+02
   2.2828168e+02
   1.4142661e+02
   2.7888472e+02
   1.1050901e+02
   1.9855690e+02
   2.1920611e+02
   1.8863368e+02
   3.3147668e+02
   2.3483633e+02
   2.5819853e+02
   3.3773547e+02
   2.1372731e+02
   1.2668224e+02
   2.5894241e+02
   3.1840296e+02
   3.9571111e+02
   2.1046948e+02
   1.8157059e+02
   3.1792967e+02
   2.0657586e+02
   2.0069626e+02
   1.3049433e+02
   1.8920684e+02
   3.2766380e+02
   1.7506644e+02
   2.5432436e+02
   2.4440308e+02
   6.6632785e+01
   1.9291985e+02
   1.9800102e+02
   3.3058756e+02
   2.1445372e+02
   8.3339597e+01
   1.5017613e+02
  -3.9896738e+01
   3.7503156e+01
   2.3926091e+02
   2.2067273e+02
   1.9948354e+02
   1.2758458e+01
   1.9208098e+02
   1.5736982e+02
   3.7007526e+02
  -3.2485428e+01
   5.1563748e+01
   9.7549223e+01
  -1.9828880e+01
   1.6112162e+02
   1.5720919e+02
   1.8738947e+02
   4.6364013e+01
   9.3082752e+01
   7.3998116e+01
   2.2052025e+01
   1.6045202e+02
   1.3011160e+02
  -6.3288005e+01
  -7.9415548e+01
   3.1698726e+01
   8.6166558e+01
   4.3213138e+01
   1.2786387e+02
  -9.3064055e+01
  -1.0430652e+01
  -6.6715581e+01
  -4.1490545e+01
  -3.5297172e+01
  -1.1516384e+02
   5.2323081e+01
  -1.3611752e+02
  -4.5690339e+01
  -1.7572501e+02
  -1.4413158e+02
  -3.9651758e+02
  -2.6537043e+02
  -1.5275517e+02
  -1.6059938e+02
  -1.6664930e+02
  -2.5548701e+02
  -2.9978802e+02
  -1.9566707e+02
  -2.1071690e+02
  -1.0155028e+02
  -2.1150727e+02
  -1.1642581e+02
  -2.9681042e+01
  -1.7423377e+02
  -1.6488817e+02
  -2.4039170e+02
  -2.0347806e+02
  -2.5379702e+02
  -2.4135833e+02
  -1.7770764e+02
  -2.2458168e+02
  -3.6108785e+02
  -1.2334512e+02
  -1.0127665e+02
  -1.6677380e+02
  -1.6755636e+02
  -3.0718712e+02
  -2.0288233e+02
  -2.1877212e+02
  -1.2807339e+02
  -5.7106509e+01
  -8.6165191e+01
  -5.7253872e+01
  -3.3002794e+01
  -1.3943867e+00
   1.1164182e+01
  -7.3220246e+00
   3.9928855e+01
   2.6035015e+01
  -4.9427252e+01
  -8.4693895e+01
  -1.4464705e+01
  -5.1112471e+01
   1.1997408e+02
   1.4572285e+02
  -1.5015927e+01
  -3.7792025e+01
   1.1517312e+02
   6.1326559e+01
  -3.7143666e+01
   5.9338209e+01
   4.5883357e+01
   2.0505432e+02
   7.7797142e+01
   1.6721432e+02
   1.1467032e+02
  -6.3778330e+01
   6.1350436e+01
   1.8357229e+02
  -2.3301074e+01
  -7.9408625e+01
   1.0074111e+02
  -1.2191277e+00
   9.3578985e+01
  -3.5723051e+01
  -5.5218840e+01
  -2.8323056e+02
  -4.3313486e+01
  -1.1120970e+02
  -1.7161278e+02
  -1.1467707e+02
  -3.0779749e+02
  -3.0772813e+02
  -3.1072775e+02
  -5.0021001e+02
  -4.2754964e+02
  -4.2686639e+02
  -6.5707370e+02
  -7.2849157e+02
  -7.2618406e+02
  -9.1439191e+02
  -8.0204424e+02
  -9.0773661e+02
  -1.0407742e+03
  -1.0279262e+03
  -1.3362995e+03
  -1.2575026e+03
  -1.3886622e+03
  -1.2584848e+03
  -1.5023081e+03
  -1.5600083e+03
  -1.5250260e+03
  -1.5324385e+03
  -1.5035478e+03
  -1.5544923e+03
  -1.6519180e+03
  -1.6906111e+03
  -1.6606926e+03
  -1.4481646e+03
  -1.6672293e+03
  -1.7534299e+03
  -1.6759295e+03
  -1.6686584e+03
  -1.7724436e+03
  -1.6023443e+03
  -1.6185982e+03
  -1.5710217e+03
  -1.6704149e+03
  -1.7722376e+03
  -1.6631396e+03
  -1.7237962e+03
  -1.6288363e+03
  -2.0017452e+03
  -1.7902849e+03
  -1.7793309e+03
  -1.6164782e+03
  -1.7347761e+03
  -1.8300366e+03
  -1.8263880e+03
  -1.8365636e+03
  -1.8284433e+03
  -1.8243508e+03
  -1.8690877e+03
  -1.7680495e+03
  -1.7177477e+03
  -1.7107838e+03
  -1.7525253e+03
  -1.8474186e+03
  -1.8935426e+03
  -1.7537083e+03
  -1.7269111e+03
  -1.6390641e+03
  -1.8308118e+03
  -1.6744877e+03
  -1.7163698e+03
  -1.9623307e+03
  -1.9470868e+03
  -1.8737946e+03
  -1.8522698e+03
  -1.8920122e+03
  -1.8415281e+03
  -2.0262012e+03
  -1.9204465e+03
  -1.7469699e+03
  -1.6630198e+03
  -1.7414273e+03
  -1.8322426e+03
  -1.8679726e+03
  -1.9102753e+03
  -1.7230751e+03
  -1.8757407e+03
  -1.8826774e+03
  -1.9111113e+03
  -1.8307493e+03
  -1.8861982e+03
  -1.9086871e+03
  -1.8598221e+03
  -1.9463238e+03
  -1.7934214e+03
  -1.8158322e+03
  -2.0438592e+03
  -1.8440378e+03
  -1.7776722e+03
  -1.8569586e+03
  -1.9687752e+03
  -1.8162755e+03
  -2.0197259e+03
  -1.7204845e+03
  -1.7865634e+03
  -1.9301787e+03
  -1.9818286e+03
  -2.0270872e+03
  -1.8994006e+03
  -1.8777268e+03
  -1.8179074e+03
  -1.7651552e+03
  -2.0551443e+03
  -1.8757239e+03
  -1.8718589e+03
  -1.8158788e+03
  -1.9027910e+03
  -2.0057441e+03
  -1.9531734e+03
  -1.9647036e+03
  -1.8390974e+03
  -1.8614918e+03
  -1.9467382e+03
  -1.9826653e+03
  -1.8345244e+03
  -1.7593133e+03
  -1.8219571e+03
  -1.8445833e+03
  -1.8593566e+03
  -1.8939100e+03
  -1.7609138e+03
  -2.1008615e+03
  -1.7761681e+03
  -1.7879403e+03
  -1.6951078e+03
  -1.6197906e+03
  -1.2943620e+03
  -9.8363258e+02
  -9.3697008e+02
  -6.9863229e+02
  -8.0334841e+02
  -8.0139466e+02
  -5.3356757e+02
  -6.6951957e+02
  -7.0917922e+02
  -5.0200409e+02
  -3.8873066e+02
  -5.0643308e+02
  -3.4244368e+02
  -3.6047827e+02
  -2.4092737e+02
  -7.5446958e+01
  -1.1207870e+01
  -1.3185904e+02
   3.1420852e+01
   3.8950760e+01
  -3.4320846e+01
  -4.7292883e+01
  -1.2058565e+01
   1.1310280e+02
  -8.8030882e+01
   2.9682314e+02
   1.6110625e+02
   1.8734712e+02
   4.7561005e+01
   8.1183884e+01
   4.4114333e+02
   2.0288603e+02
   2.0788036e+02
   1.9733617e+02
   1.7018968e+02
   2.4109487e+02
   1.6226472e+02
   3.2816429e+02
   2.2551179e+02
   3.1582697e+02
   4.1781942e+02
   2.9732490e+02
   1.7219421e+02
   3.0754963e+02
   4.2736064e+02
   1.4675978e+02
   2.3186341e+02
   2.9853224e+02
   2.9251227e+02
   2.2152536e+02
   2.3090790e+02
   1.6481409e+02
   1.7081021e+02
   3.3286821e+02
   2.7788638e+02
   2.3488076e+02
   3.5425859e+02
   3.4741661e+02
   3.2963464e+02
   3.6112045e+02
   3.1486476e+02
   2.3216012e+02
   4.6688178e+02
   3.6734851e+02
   1.3414853e+02
   2.8065462e+02
   2.1961314e+02
   3.9032699e+02
   2.9144978e+02
   4.2871711e+02
   2.3189883e+02
   2.5341631e+02
   4.0406807e+02
   3.0713778e+02
   3.8493240e+02
   4.2397500e+02
   2.7026964e+02
   2.5353278e+02
   3.5834500e+02
   2.5478273e+02
   2.5276117e+02
   3.0023669e+02
   4.2206339e+02
   2.4675843e+02
   2.6044307e+02
   2.5194666e+02
   1.5162788e+02
   9.6690087e+01
   3.2837965e+02
   5.9325358e+01
   2.5290389e+02
   1.9364696e+02
   2.0058340e+02
   3.4634911e+02
   2.0361190e+02
   3.1710623e+02
   4.2001642e+01
   2.0157783e+02
   2.5944324e+02
   2.8512820e+02
   1.3659157e+02
   1.3849691e+02
   1.8033681e+02
   2.2065300e+02
   1.1471862e+02
   2.2714047e+02
   1.0445860e+02
   2.2368006e+02
   4.9835104e+01
   1.2341901e+01
   1.1845004e+02
   1.7227014e+02
   1.4555811e+02
  -2.7649192e+01
   1.0886344e+02
   3.1981160e+01
   1.9611916e+00
  -7.5304385e+01
   1.6562676e+02
  -3.4239810e+00
   1.0329703e+02
   2.8981260e+01
  -2.0253551e+01
  -1.5504181e+02
  -7.0325799e+01
   3.8162443e+01
   9.1015724e+01
  -4.4905827e+01
  -4.2876660e+00
  -4.6320259e+01
  -2.1082698e+02
  -1.4657539e+01
   1.4050242e+01
  -6.8552092e+01
  -5.0981670e+01
  -2.7624518e+02
  -9.2220100e+01
   5.0413755e+01
  -2.1399822e+02
  -6.2557334e+01
  -3.4336135e+02
  -8.5587522e+01
  -1.8222137e+00
  -2.1459497e+02
  -2.4439775e+01
  -1.0648907e+02
  -6.7683054e+01
  -1.6126982e+02
  -3.6381842e+01
  -1.5445205e+02
  -2.0010868e+02
  -9.5292900e+01
  -8.3148990e+01
  -1.2352595e+02
  -5.4925304e+01
  -1.0316541e+02
  -6.1896796e+01
  -6.6274962e+01
  -1.0163110e+02
  -2.2982657e+01
   2.0284702e+02
   6.5979335e+01
  -5.1563962e+01
  -6.8600911e+01
  -2.0895340e+01
   2.8377707e+01
   1.4257387e+02
   7.3885491e+00
   1.9525179e+02
   1.7407927e+02
   2.1085960e+01
   1.0531534e+02
  -5.3820041e+01
   7.2778478e+00
   4.5094442e+01
  -5.5528520e+01
   1.5104935e+02
  -3.9300213e+00
  -1.9146374e+01
   8.3889233e+01
   5.0292897e+01
  -4.6384666e+01
   1.0316509e+02
  -2.0558620e+01
  -1.5206739e+02
  -9.0933876e+01
  -7.9006408e+01
  -9.1782623e+01
  -5.9017046e+01
  -1.9177808e+01
  -1.9339827e+02
  -3.2745922e+02
  -4.1021065e+02
  -2.6464250e+02
  -4.7630315e+02
  -6.8008094e+02
  -5.2239011e+02
  -6.7209775e+02
  -6.6985385e+02
  -6.3038057e+02
  -8.7461505e+02
  -8.7312801e+02
  -9.4035972e+02
  -1.1090795e+03
  -1.0591991e+03
  -1.1945469e+03
  -1.2596382e+03
  -1.1933070e+03
  -1.3203057e+03
  -1.2809877e+03
  -1.5768324e+03
  -1.5204275e+03
  -1.4967433e+03
  -1.6057536e+03
  -1.7313566e+03
  -1.5661610e+03
  -1.7160481e+03
  -1.6255168e+03
  -1.7761140e+03
  -1.6319070e+03
  -1.6077362e+03
  -1.7023992e+03
  -1.7334260e+03
  -1.8298650e+03
  -1.7567703e+03
  -1.7066615e+03
  -1.7537314e+03
  -1.8175403e+03
  -1.8565081e+03
  -1.9056857e+03
  -1.8717620e+03
  -1.6840447e+03
  -1.7426273e+03
  -1.7637378e+03
  -1.7062952e+03
  -1.6623570e+03
  -1.7326746e+03
  -1.8471509e+03
  -1.8521488e+03
  -1.8116027e+03
  -1.7710608e+03
  -1.7263536e+03
  -1.6404546e+03
  -1.8410202e+03
  -1.8073611e+03
  -1.8472819e+03
  -1.8906288e+03
  -1.6713188e+03
  -1.8338745e+03
  -1.6337205e+03
  -1.7734529e+03
  -1.8214205e+03
  -1.8606868e+03
  -1.8588424e+03
  -1.8045766e+03
  -1.8330806e+03
  -1.8938262e+03
  -2.0006791e+03
  -1.7164387e+03
  -1.8913472e+03
  -1.9146954e+03
  -1.8356510e+03
  -1.8644247e+03
  -1.9026678e+03
  -1.9090124e+03
  -1.9998895e+03
  -1.9987007e+03
  -1.7558660e+03
  -1.8534213e+03
  -1.7667897e+03
  -1.8420303e+03
  -1.8523260e+03
  -1.9550244e+03
  -1.8775988e+03
  -1.8971726e+03
  -1.8043514e+03
  -1.7736687e+03
  -2.0229424e+03
  -1.9099684e+03
  -1.8017010e+03
  -1.9269576e+03
  -2.0132236e+03
  -1.8558407e+03
  -1.8676912e+03
  -1.7133682e+03
  -1.8293262e+03
  -1.8754605e+03
  -2.0628043e+03
  -1.9130085e+03
  -1.8736165e+03
  -1.8511916e+03
  -1.9216839e+03
  -1.7557864e+03
  -1.8562186e+03
  -2.0151761e+03
  -1.7994145e+03
  -2.0026163e+03
  -1.9894626e+03
  -1.9586728e+03
  -1.9649441e+03
  -1.8399055e+03
  -1.8962051e+03
  -2.0704162e+03
  -1.9252449e+03
  -1.8984462e+03
  -1.8976181e+03
  -1.9273851e+03
  -1.9871915e+03
  -1.9274198e+03
  -1.9693439e+03
  -1.7789503e+03
  -1.9183021e+03
  -1.7876094e+03
  -1.9328262e+03
  -1.7868391e+03
  -1.7103981e+03
  -1.9586445e+03
  -1.9052981e+03
  -1.8932326e+03
  -2.0340262e+03
  -1.7889629e+03
  -2.0878206e+03
  -1.8565288e+03
  -1.8800918e+03
  -1.8102967e+03
  -1.6069964e+03
  -1.3751787e+03
  -1.3134314e+03
  -1.0539333e+03
  -9.1950435e+02
  -6.3353666e+02
  -5.7608225e+02
  -3.4143826e+02
  -5.4774879e+02
  -4.6809616e+02
  -3.1285482e+02
  -1.9318843e+02
  -1.6736091e+02
  -2.8842993e+02
  -9.0700886e+01
   8.8521029e+01
   1.4284783e+02
   1.1943871e+02
   1.4854772e+02
   2.5582224e+02
   1.2847495e+02
   2.2164870e+02
   1.5648893e+02
   1.8787853e+02
   3.3459139e+02
   2.5423599e+02
   1.4601308e+02
   3.4873648e+02
   3.6499066e+02
   2.4751219e+02
   2.0450373e+02
   3.6711407e+02
   7.6122334e+01
   1.3401591e+02
   4.3849257e+02
   2.9091086e+02
   3.0894734e+02
   3.4143203e+02
   1.4246255e+02
   2.3701334e+02
   3.3320800e+02
   3.8584564e+02
   2.1561472e+02
   2.9558548e+02
   3.0591355e+02
   4.2868538e+02
   3.4666950e+02
   2.4528810e+02
   3.1698903e+02
   3.1309028e+02
   3.6159730e+02
   4.4883020e+02
   5.6871393e+02
   4.0649358e+02
   3.2261546e+02
   4.4580187e+02
   1.6833142e+02
   3.8538861e+02
   1.4810858e+02
   7.4063268e+01
   2.9642946e+02
   1.9971544e+02
   2.1805465e+02
   2.2619359e+02
   1.8535622e+02
   1.2243613e+02
   4.2075928e+01
   1.8727187e+02
   1.6795341e+02
   8.5418776e+01
   5.9596811e+01
  -1.6781303e+00
   7.8317294e+01
   1.2749871e+02
   1.0896841e+02
  -1.5919223e+01
   1.1427249e+02
   1.8964036e+02
   1.5667400e+02
   1.5433174e+01
   5.1484752e+01
  -3.3591111e+00
   2.2068761e+01
  -4.9955638e+00
  -1.2076711e+02
   3.2427871e+01
   7.8086573e+01
  -6.9880186e+01
  -7.0033274e+01
  -1.1341760e+01
  -3.1372690e+01
   7.0304794e+01
   2.1344280e+02
   6.9536970e+01
  -1.6206788e+02
   4.8968514e+00
   6.4628278e+01
   2.1857114e+02
   1.3258494e+02
   4.0903288e+00
  -8.5140023e+01
   1.6370331e+02
  -7.9865106e+01
  -6.2907312e+01
  -6.7613166e+01
   1.3502486e+02
  -9.2611478e+01
   6.7510755e+01
  -1.1609720e+02
  -1.6503436e+02
   8.6060493e+00
  -1.3980774e+02
  -1.7154834e+02
  -7.4295162e+01
  -1.2235637e+02
  -1.9149556e+02
   4.0226753e+01
  -1.3709805e+02
  -2.4390315e+02
  -1.8353868e+02
  -1.8588030e+02
  -2.7721026e+01
   1.5487334e+01
  -1.4587641e+02
  -8.8456412e+01
  -1.2165799e+02
  -1.9959412e+02
  -9.0844720e+01
  -2.2444487e+02
  -2.5234779e+02
  -1.3989474e+02
   3.7047842e+01
  -9.9635414e+01
  -6.0536532e+01
   1.7280913e+01
  -3.7270553e+01
  -7.4156952e+01
  -9.2696576e+01
  -9.3859149e+01
  -1.7311246e+02
  -1.1885550e+02
   1.0346932e+00
   5.9965729e+00
   8.9290921e+01
   9.0428510e+00
  -1.6982121e+01
   6.1445227e+00
  -7.7350075e+01
   1.5422022e+02
   4.8461563e+01
   3.5984698e+01
  -1.1884619e+02
  -3.9541267e+01
   4.1633412e+01
  -7.1953120e+01
  -7.9889500e+01
  -3.3252738e+01
   5.7345451e+01
  -3.5881966e+01
   6.6353236e+00
   1.0271137e+01
   2.1690491e+02
   8.6206688e+01
  -1.3973583e+01
  -2.1405834e+01
   2.5298965e+02
  -1.9118614e+01
   1.7734953e+01
  -7.8905190e+01
   9.0554590e+01
  -6.6252287e+01
   4.4759052e+01
   7.1980410e+01
  -3.4670780e+01
  -1.8608066e+02
  -2.2142548e+02
  -2.5466568e+02
  -2.8790021e+02
  -3.1091884e+02
  -3.3077369e+02
  -5.9532317e+02
  -4.9454227e+02
  -5.5008940e+02
  -7.2430253e+02
  -8.2897036e+02
  -9.4087340e+02
  -1.0365512e+03
  -1.1046654e+03
  -1.0589457e+03
  -1.1290534e+03
  -1.1695181e+03
  -1.4389456e+03
  -1.3456831e+03
  -1.5622467e+03
  -1.3856014e+03
  -1.5128996e+03
  -1.4081650e+03
  -1.6281479e+03
  -1.6654355e+03
  -1.6075868e+03
  -1.7553422e+03
  -1.5207182e+03
  -1.5561502e+03
  -1.7517174e+03
  -1.6543433e+03
  -1.5786533e+03
  -1.6044689e+03
  -1.6769214e+03
  -1.7817016e+03
  -1.6777492e+03
  -1.9615364e+03
  -1.7584957e+03
  -1.7661434e+03
  -1.6317758e+03
  -1.7373821e+03
  -1.6593292e+03
  -1.6379868e+03
  -1.7665853e+03
  -1.6835585e+03
  -1.8396859e+03
  -1.8864270e+03
  -1.8249185e+03
  -1.6060659e+03
  -1.6810541e+03
  -1.6773510e+03
  -1.7745061e+03
  -1.6302774e+03
  -1.7871792e+03
  -1.7918780e+03
  -1.8824525e+03
  -1.8112103e+03
  -1.8363603e+03
  -1.8191475e+03
  -1.7549353e+03
  -1.7547064e+03
  -1.7659423e+03
  -1.8410566e+03
  -1.7463905e+03
  -1.8293676e+03
  -1.7546052e+03
  -1.7612277e+03
  -1.7080529e+03
  -1.6556550e+03
  -1.9532631e+03
  -1.9660355e+03
  -1.8682830e+03
  -1.7079869e+03
  -1.7989252e+03
  -1.9872606e+03
  -1.7470743e+03
  -1.8947111e+03
  -1.8445145e+03
  -1.7886330e+03
  -2.0055475e+03
  -1.7611333e+03
  -1.8081711e+03
  -1.7020475e+03
  -1.7745836e+03
  -1.9138835e+03
  -1.8388408e+03
  -1.5931210e+03
  -1.8991780e+03
  -1.8718215e+03
  -1.9008186e+03
  -1.9087400e+03
  -2.0363716e+03
  -2.0318102e+03
  -1.8747014e+03
  -1.8221528e+03
  -1.8681304e+03
  -1.8477079e+03
  -1.7690043e+03
  -2.0860600e+03
  -1.8979145e+03
  -1.5969245e+03
  -1.9133881e+03
  -1.8152665e+03
  -1.8890865e+03
  -1.9207839e+03
  -1.8303345e+03
  -1.8940151e+03
  -1.9246222e+03
  -1.9275097e+03
  -1.9492050e+03
  -1.8295542e+03
  -2.0009838e+03
  -1.8376881e+03
  -1.7430463e+03
  -1.8018148e+03
  -2.0081832e+03
  -1.8839922e+03
  -1.9936404e+03
  -2.0006929e+03
  -2.0716246e+03
  -1.8952880e+03
  -1.9231734e+03
  -1.7969376e+03
  -1.8511286e+03
  -1.8396795e+03
  -1.9018098e+03
  -1.8980842e+03
  -1.9387428e+03
  -2.0555759e+03
  -1.9499042e+03
  -1.7948365e+03
  -1.7107616e+03
  -2.0625349e+03
  -1.9648888e+03
  -1.8244078e+03
  -1.9762515e+03
  -1.8269485e+03
  -1.8821654e+03
  -1.7561772e+03
  -1.6947670e+03
  -1.3545472e+03
  -1.0994716e+03
  -8.6914401e+02
  -7.3149161e+02
  -7.3682659e+02
  -7.0649831e+02
  -5.7561183e+02
  -5.4155833e+02
  -7.6788690e+02
  -4.5756141e+02
  -3.7322196e+02
  -3.4699196e+02
  -2.8784838e+02
  -2.3716727e+02
  -1.4682236e+02
  -1.5613080e+02
   8.9627700e+01
   8.9996535e+00
  -4.1871578e+01
  -4.0761938e+01
  -2.7926648e+01
   2.6505838e+02
   8.7256750e+01
   2.3554245e+02
   2.1183683e+02
   1.0830650e+02
   2.7522960e+02
   2.1177442e+02
   2.0761954e+02
   2.0864685e+02
   1.6274766e+02
   3.1715750e+02
   1.4214742e+02
   2.9491182e+02
   1.6131544e+02
   4.0461316e+02
   3.2358693e+02
   3.1291051e+02
   1.6601997e+02
   1.7288513e+02
   2.6493954e+02
   2.0938354e+02
   3.2572023e+02
   2.6895615e+02
   2.9688577e+02
   2.9633483e+02
   2.5374202e+02
   1.7340114e+02
   1.6454459e+02
   1.5861358e+02
   1.2980220e+02
   1.9361884e+02
   2.5143816e+02
   2.5564313e+02
   1.4398272e+02
   2.3778018e+02
   1.1483283e+02
   2.9463697e+02
   3.0002117e+02
   1.6556455e+02
   1.7599945e+02
   5.2875605e+01
   6.7917143e+01
   5.2907601e+01
  -2.3902646e+01
   2.3797132e+02
   9.7570637e+01
   1.6667727e+02
   6.5502170e+01
  -9.9858503e+01
  -3.8204886e+00
   6.2716080e+01
   3.0078823e+01
   1.6206392e+01
   4.8070716e+01
  -5.0323681e+01
  -2.0996937e+02
   8.5481589e+00
  -2.1164720e+02
  -2.8758307e+00
  -1.1621933e+02
  -1.3717571e+02
  -7.3777420e-01
  -1.1601650e+01
  -2.2531840e+02
  -6.9966163e+01
   4.5874444e+01
   2.9375204e+01
  -1.9605620e+01
  -1.2773086e+02
  -2.0529054e+02
  -3.0956774e+02
  -2.7290664e+02
  -1.7732824e+02
  -3.9941504e+02
  -2.7176181e+02
  -1.5469279e+02
  -2.4963059e+02
  -3.4500212e+02
  -1.5678731e+02
  -2.6425569e+02
  -1.8154543e+02
  -3.0145354e+02
  -2.8056492e+02
  -3.6873092e+02
  -3.1453618e+02
  -2.8313560e+02
  -2.2787114e+02
  -2.9415190e+02
  -2.9605578e+02
  -2.5581651e+02
  -2.6800999e+02
  -3.1805019e+02
  -2.3285658e+02
  -2.5253299e+02
  -4.9060828e+02
  -2.9864457e+02
  -2.7628429e+02
  -2.7856296e+02
  -2.9508384e+02
  -2.1612156e+02
  -3.7892658e+02
  -3.6161135e+02
  -4.1460861e+02
  -2.7530531e+02
  -2.8140723e+02
  -3.9684555e+02
  -3.3154543e+02
  -3.0383361e+02
  -3.5551541e+02
  -4.1199583e+02
  -4.4422989e+02
  -4.2936758e+02
  -5.8583194e+02
  -3.0228392e+02
  -5.5727104e+02
  -3.2632713e+02
  -3.5500111e+02
  -4.6734850e+02
  -2.9271036e+02
  -2.6332730e+02
  -3.8833361e+02
  -5.1550609e+02
  -3.4596326e+02
  -2.1213933e+02
  -2.8275787e+02
  -4.1276396e+02
  -5.1472247e+02
  -3.1013977e+02
  -3.7251083e+02
  -2.0963786e+02
  -3.5180818e+02
  -3.4350433e+02
  -2.2816474e+02
  -1.9670833e+02
  -3.6305075e+01
  -2.8463654e+02
  -2.5911028e+00
  -3.1198346e+02
  -8.8030993e+01
  -2.5715959e+02
  -1.7454726e+02
  -2.7638054e+02
  -1.4676713e+02
  -1.7194538e+02
  -1.5473979e+02
  -2.2850613e+02
   3.3209975e+00
  -2.2714381e+02
   7.8515969e+00
  -5.5246084e+01
  -5.4035274e+01
  -1.0965895e+02
  -1.3938852e+02
  -3.0400472e+01
  -1.8659358e+02
  -7.5385380e+01
  -1.9909753e+02
  -1.6499616e+02
  -1.8551053e+02
  -1.0476759e+02
  -7.2225654e+01
  -9.0405586e+01
   1.4510744e+01
  -9.8996682e+01
  -1.5781490e+02
  -2.0375493e+02
   5.6579250e+00
  -1.7980733e+02
  -3.6258512e+02
  -2.7294978e+02
  -1.8115353e+02
  -2.6958569e+02
  -3.7427818e+02
  -2.6849634e+02
  -2.4663365e+02
  -2.5844480e+02
  -4.9840814e+02
  -4.4686128e+02
  -5.8501387e+02
  -6.1960163e+02
  -7.7041303e+02
  -8.3256055e+02
  -7.4560361e+02
  -7.6135185e+02
  -1.1874154e+03
  -1.1095178e+03
  -1.1390462e+03
  -1.2647673e+03
  -1.4364582e+03
  -1.2345512e+03
  -1.4441446e+03
  -1.5212106e+03
  -1.4573052e+03
  -1.6616522e+03
  -1.4909984e+03
  -1.7640763e+03
  -1.6645306e+03
  -1.5335702e+03
  -1.7601302e+03
  -1.7898591e+03
  -1.6459384e+03
  -1.6101494e+03
  -1.8167837e+03
  -1.9004612e+03
  -1.8120798e+03
  -1.7729287e+03
  -1.8321972e+03
  -1.9770652e+03
  -1.7893335e+03
  -1.9810016e+03
  -1.8229938e+03
  -1.7040097e+03
  -1.8848445e+03
  -1.8389886e+03
  -1.8810019e+03
  -1.8843734e+03
  -1.9339486e+03
  -1.7642569e+03
  -1.8931248e+03
  -1.7599410e+03
  -1.9651570e+03
  -1.9244694e+03
  -1.8504311e+03
  -1.7495970e+03
  -2.0010378e+03
  -1.8230383e+03
  -1.7835731e+03
  -1.6758501e+03
  -1.7648370e+03
  -1.8170409e+03
  -1.8705584e+03
  -1.8410322e+03
  -1.9262797e+03
  -1.9701938e+03
  -1.9187588e+03
  -1.8270494e+03
  -1.8298187e+03
  -1.7850589e+03
  -2.0183584e+03
  -1.9498110e+03
  -1.9031666e+03
  -1.8890517e+03
  -1.7174956e+03
  -2.0514387e+03
  -1.8731520e+03
  -1.8029787e+03
  -1.8365751e+03
  -1.8441588e+03
  -1.9515678e+03
  -1.7581812e+03
  -1.9070625e+03
  -1.8381993e+03
  -1.8023126e+03
  -1.9296474e+03
  -1.9199214e+03
  -1.8318966e+03
  -1.7554636e+03
  -1.8964599e+03
  -2.0104954e+03
  -1.8891345e+03
  -1.8594492e+03
  -1.9728529e+03
  -1.9839554e+03
  -1.6979357e+03
  -1.9533401e+03
  -1.7595809e+03
  -2.0084671e+03
  -2.0240143e+03
  -1.9071690e+03
  -1.9919283e+03
  -1.8803697e+03
  -1.9240486e+03
  -1.7210843e+03
  -2.0331430e+03
  -1.8393715e+03
  -2.0556841e+03
  -1.8245575e+03
  -2.0544441e+03
  -1.8942571e+03
  -2.0039856e+03
  -1.9947327e+03
  -1.7959797e+03
  -2.0876000e+03
  -1.8959078e+03
  -1.9219912e+03
  -1.9536807e+03
  -2.0181935e+03
  -1.8677297e+03
  -1.9114604e+03
  -1.9854817e+03
  -1.9197446e+03
  -1.8730024e+03
  -1.8319684e+03
  -1.8806020e+03
  -1.9214007e+03
  -1.7680445e+03
  -2.0283982e+03
  -1.8353561e+03
  -1.9427159e+03
  -1.8005809e+03
  -1.8878036e+03
  -1.8921266e+03
  -1.7502052e+03
  -1.7886760e+03
  -1.7526963e+03
  -1.6226240e+03
  -1.2171491e+03
  -1.0783275e+03
  -1.1725672e+03
  -8.3138091e+02
  -7.5908226e+02
  -5.7635070e+02
  -5.5773834e+02
  -5.1184571e+02
  -3.8292510e+02
  -1.6686932e+02
  -3.0090491e+02
  -2.0685929e+02
  -1.7381768e+01
  -1.0611995e+01
   1.0274853e+02
  -1.3589282e+02
   1.8826968e+00
   2.3442357e+01
   1.0498814e+02
   9.0589911e+01
   8.5841700e+01
   1.7359460e+02
   4.5721556e+01
   1.3518839e+02
   1.6740227e+02
   2.3089292e+02
   5.9362740e+00
   2.3338214e+02
   2.8041647e+02
   2.4989242e+02
   1.9917530e+02
   1.0066450e+02
   1.9303067e+02
   2.3475275e+02
   2.0243612e+02
   3.1722993e+02
   2.3980475e+02
   2.7518925e+02
   1.7374343e+02
   1.3106832e+02
   1.8325505e+02
   3.9033999e+02
   3.3729049e+02
   4.0232743e+02
   2.0777385e+02
   1.9727983e+02
   2.6836199e+02
   3.5206191e+02
   2.4052954e+02
   1.9023935e+02
   3.8588279e+02
   2.8379219e+02
   2.4676838e+02
   2.0093081e+02
   2.1209306e+02
   2.3137303e+02
   3.2555776e+02
   2.9501187e+02
   2.5150570e+02
   2.5762633e+02
   2.4952621e+02
   4.3348290e+01
   3.0928053e+02
   3.1003450e+02
   1.9362354e+02
   3.2725071e+02
   2.7155237e+02
   2.0734271e+02
   3.5900769e+02
   2.4067767e+02
   2.8942051e+02
   1.4912694e+02
   1.3470026e+02
   1.7477989e+02
   3.4483416e+02
   1.4590771e+02
   1.8324526e+02
   2.9643134e+02
   2.6891915e+02
   8.9762099e+01
   2.3871871e+01
   1.2665280e+01
   7.4266960e+01
  -4.2722613e+01
  -8.9304551e+01
  -1.0416717e+02
  -6.3865378e+01
   1.7664216e+02
   1.6040230e+02
   1.5633632e+02
   1.9067677e+01
   1.2563073e+02
   1.3511878e+01
   3.4535446e+02
   6.2041717e+01
   4.5270052e+01
   1.2691009e+02
  -7.1006174e+01
   1.6182871e+02
   5.5733996e+00
   3.1253302e+01
   2.1916816e+01
   6.0606726e+01
  -3.6472889e+01
   1.7656090e+02
   1.0632872e+01
  -6.5510769e+01
  -1.4455897e+01
   1.7393885e+02
   1.8464084e+02
  -7.7498921e+00
   5.4030153e+01
   2.4566633e+01
   8.9302534e+01
  -7.4385939e+01
   1.8735156e+02
  -4.6801879e+01
  -1.9757652e+02
  -1.7863319e+02
  -1.4682436e+01
   1.5661051e+02
   7.1728937e+01
  -3.5202048e+01
  -1.4638932e+02
  -1.7411726e+01
  -1.0931594e+02
  -6.5979719e+01
  -2.3205038e+02
   6.1578165e+01
   8.2099881e+01
  -9.0711304e+01
  -2.0700689e+01
  -3.7142323e+01
  -2.5571281e+02
  -7.7797130e+01
   3.4293999e+01
  -1.5552069e+01
  -6.6773263e+01
  -1.3428988e+02
  -3.3723873e+02
  -2.4260707e+02
  -1.1362064e+02
  -1.8074985e+02
  -1.8447372e+02
  -1.4972299e+02
  -2.0849107e+02
  -2.1723957e+02
  -2.4846245e+02
  -7.0584221e+01
  -2.5508966e+02
  -3.5300025e+02
  -3.4182024e+02
  -1.9248193e+02
  -2.7872950e+02
  -4.8893324e+02
  -4.6940865e+02
  -3.4299183e+02
  -2.6217448e+02
  -2.8028558e+02
  -3.7752977e+02
  -3.8130536e+02
  -2.1009388e+02
  -2.4910462e+02
  -3.5673595e+02
  -3.8068064e+02
  -2.5901657e+02
  -1.1463029e+02
  -2.1135509e+02
  -2.7472806e+02
  -2.0796034e+02
  -1.4013694e+02
  -1.9517050e+02
  -2.4902973e+02
  -1.2326983e+02
  -8.8603130e+01
  -2.1018826e+02
  -1.1972527e+02
  -1.2747549e+01
  -2.3559175e+02
  -1.3769795e+02
  -1.5538355e+02
  -6.2224113e+01
  -8.4095810e+01
  -1.6886548e+02
  -1.8247335e+02
  -1.6234257e+02
   8.3587003e+00
  -8.6374370e+01
  -1.6814212e+02
  -2.9035911e+02
   4.4367829e+01
  -1.7642889e+02
  -1.1015829e+02
  -7.3355246e+01
  -8.5120302e+01
  -1.5781061e+02
  -2.7010796e+02
  -2.6332616e+02
  -1.6561809e+02
  -4.1005131e+02
  -3.1459554e+02
  -3.6584096e+02
  -4.5057860e+02
  -4.7230090e+02
  -5.6937723e+02
  -5.6965472e+02
  -6.4148842e+02
  -8.4677665e+02
  -8.1896727e+02
  -1.0683614e+03
  -1.0208939e+03
  -1.1893755e+03
  -1.2193445e+03
  -1.2035762e+03
  -1.5749490e+03
  -1.5075224e+03
  -1.5396888e+03
  -1.4537848e+03
  -1.5220525e+03
  -1.6625322e+03
  -1.4625634e+03
  -1.5243139e+03
  -1.6420622e+03
  -1.7046741e+03
  -1.6371660e+03
  -1.7772574e+03
  -1.7128045e+03
  -1.7166332e+03
  -1.7014601e+03
  -1.7000730e+03
  -1.7653496e+03
  -1.8777065e+03
  -1.6483538e+03
  -1.8253892e+03
  -1.6950941e+03
  -1.7834969e+03
  -1.7553899e+03
  -1.8456580e+03
  -1.6273330e+03
  -1.7111912e+03
  -1.9049347e+03
  -1.7505481e+03
  -1.7415972e+03
  -1.6478295e+03
  -1.8404251e+03
  -1.7756296e+03
  -1.8402503e+03
  -1.7802501e+03
  -1.9516062e+03
  -1.9776628e+03
  -1.7711510e+03
  -1.8091616e+03
  -1.7375806e+03
  -1.8769934e+03
  -1.8240867e+03
  -1.8951415e+03
  -1.8398881e+03
  -1.8001624e+03
  -1.8248416e+03
  -1.7261611e+03
  -1.7616925e+03
  -1.8865772e+03
  -1.8737993e+03
  -1.8784648e+03
  -2.0706042e+03
  -1.6563809e+03
  -1.8369065e+03
  -2.0078462e+03
  -1.8635202e+03
  -1.7067348e+03
  -1.8532919e+03
  -1.7708745e+03
  -1.9175133e+03
  -1.9201994e+03
  -1.8525204e+03
  -1.8818789e+03
  -1.8845268e+03
  -1.7896083e+03
  -1.9010778e+03
  -1.7659432e+03
  -1.7056318e+03
  -1.8817243e+03
  -1.8409428e+03
  -1.8447224e+03
  -1.8863125e+03
  -1.8403352e+03
  -1.9682135e+03
  -1.8587438e+03
  -2.0080270e+03
  -1.9177935e+03
  -1.8019199e+03
  -1.8520798e+03
  -1.7889340e+03
  -1.7804692e+03
  -1.7991081e+03
  -1.9958011e+03
  -1.8862920e+03
  -1.8787128e+03
  -1.8701177e+03
  -1.8637363e+03
  -1.9271619e+03
  -1.9880937e+03
  -1.8792927e+03
  -1.8903250e+03
  -2.0316006e+03
  -1.9549301e+03
  -1.8708735e+03
  -2.0621176e+03
  -1.9039524e+03
  -1.8754003e+03
  -1.9503866e+03
  -1.8712306e+03
  -1.8599474e+03
  -1.8931034e+03
  -1.9066259e+03
  -1.9098143e+03
  -1.8186099e+03
  -1.8583586e+03
  -1.9462399e+03
  -1.9418010e+03
  -1.8886104e+03
  -1.7549023e+03
  -1.7713038e+03
  -1.9078501e+03
  -1.8772665e+03
  -1.9268132e+03
  -1.8851205e+03
  -1.8247137e+03
  -1.8082915e+03
  -1.9560662e+03
  -1.8964765e+03
  -1.8343349e+03
  -2.0510468e+03
  -1.9045716e+03
  -1.7751919e+03
  -1.8758945e+03
  -1.8951362e+03
  -1.8162413e+03
  -1.8417816e+03
  -1.7016772e+03
  -1.7101447e+03
  -1.7175863e+03
  -1.4087060e+03
  -1.0939043e+03
  -1.1090987e+03
  -8.4196293e+02
  -7.0402160e+02
  -8.2839447e+02
  -6.4644245e+02
  -6.6771014e+02
  -7.0674673e+02
  -6.7123547e+02
  -5.1808200e+02
  -4.7795444e+02
  -5.7057153e+02
  -3.9685705e+02
  -4.3730839e+02
  -2.9293090e+02
  -1.4413909e+02
  -3.2183767e+01
  -2.7222345e+02
  -1.2515730e+02
  -1.4057846e+02
  -6.9275636e+01
  -1.8737478e+01
   1.9945500e+01
   8.3523228e+01
   1.3396330e+02
   1.6078763e+02
   1.8195443e+02
  -6.9449887e+01
  -6.9810581e+01
   1.6206566e+02
   1.8534455e+02
   1.8523745e+02
   2.3756955e+02
   3.0600405e+02
   1.3466414e+02
   3.6395714e+01
   1.6850061e+02
   3.1832958e+02
   2.4946882e+02
   1.8277295e+02
   5.1506894e+01
   1.6645583e+02
   2.6929154e+02
   1.2942674e+02
   1.0176203e+02
   2.3558509e+02
   1.8266737e+02
   2.9131039e+02
   2.8813725e+02
   2.1001452e+02
   2.8006086e+02
   1.7102737e+02
   1.8567567e+02
   4.0897692e+02
   2.2755172e+02
   9.2743973e+01
   1.9192284e+02
   2.0913003e+02
   1.4871775e+02
   2.2197922e+02
   2.4847856e+02
   1.3875288e+02
   2.1293176e+02
   1.8010361e+02
   5.0610156e+01
   4.2360334e+01
   1.2133577e+02
   2.2749926e+02
   1.0475288e+02
   1.1225451e+02
   1.8650684e+02
   1.3070505e+02
   1.0569340e+02
  -6.3025930e+01
  -4.2051558e+01
   1.0760319e+02
   2.0767592e+02
   7.2874833e+01
  -1.8291729e+02
   2.2801460e+01
  -8.1508175e+01
   3.7124569e+01
  -5.1376015e+01
  -1.8783587e+02
   7.4250138e+01
  -1.8094576e+01
  -1.6276704e+02
  -1.2930418e+02
   1.9132041e+01
  -9.9264994e+01
  -2.1526265e+02
  -1.7367797e+02
  -8.7009840e+01
  -9.6407046e+01
  -2.1542684e+02
  -2.3487211e+02
   1.7118559e+01
  -2.3129053e+02
  -1.5171683e+02
  -1.5579662e+02
  -1.2945398e+02
  -2.8157414e+02
  -2.3941569e+02
  -2.5922597e+02
  -3.1212852e+02
  -2.5073029e+02
  -4.0299867e+02
  -2.5222162e+02
  -4.6610768e+02
  -3.1546466e+02
  -3.3258348e+02
  -2.8610654e+02
  -3.3623271e+02
  -3.2632922e+02
  -2.9645126e+02
  -3.1042734e+02
  -4.3505882e+02
  -3.3532321e+02
  -3.3544345e+02
  -1.4340247e+02
  -3.4968536e+02
  -4.4637334e+02
  -3.3204213e+02
  -3.1059817e+02
  -2.2506121e+02
  -2.6073930e+02
  -2.3080801e+02
  -2.2561649e+02
  -2.7848551e+02
  -3.4940723e+02
  -3.0192966e+02
  -2.1586362e+02
  -2.7822031e+02
  -2.5222823e+02
  -3.0089776e+02
  -2.8164356e+02
  -1.7267408e+02
  -2.7481271e+02
  -3.4930866e+02
  -2.8357686e+02
  -2.0142790e+02
  -3.6286330e+02
  -2.6723413e+02
  -3.5455083e+02
  -2.3751768e+02
  -4.5517469e+02
  -2.1074996e+02
  -2.7278284e+02
  -1.8485116e+02
  -1.8598390e+02
  -3.2608458e+02
  -8.5729623e+01
  -1.6948832e+02
  -4.2766062e+01
  -2.0863843e+02
  -2.9493312e+02
  -3.6050779e+02
  -2.1701525e+02
  -2.4808027e+02
  -1.8968908e+02
  -8.2513708e+01
  -1.4810237e+02
  -1.7797094e+02
  -1.1499493e+02
  -2.0142941e+02
  -1.1257039e+02
  -1.9062359e+02
   1.3101635e+02
   1.7732415e+01
  -1.1272881e+02
  -5.3140141e+01
  -1.7505593e+02
  -2.1413099e+02
   7.4435278e+01
  -1.4430505e+02
  -2.4903423e+02
  -3.8662827e+00
  -3.7783596e+01
  -2.0898625e+02
  -1.9632025e+02
  -9.1414821e+01
  -2.4828517e+02
  -2.5869218e+02
  -3.0209326e+02
  -2.4072824e+02
  -2.2674443e+02
  -1.8508033e+02
  -4.1300491e+02
  -6.0759287e+02
  -4.1446275e+02
  -5.2515823e+02
  -5.5559049e+02
  -1.0135169e+03
  -8.0117964e+02
  -8.9584487e+02
  -1.0208144e+03
  -1.0167752e+03
  -1.1380263e+03
  -1.2420887e+03
  -1.1752908e+03
  -1.3845839e+03
  -1.2250989e+03
  -1.4897624e+03
  -1.4007583e+03
  -1.3815100e+03
  -1.6384634e+03
  -1.7443460e+03
  -1.5776444e+03
  -1.5673886e+03
  -1.9120316e+03
  -1.6737120e+03
  -1.7186782e+03
  -1.8233260e+03
  -1.7799626e+03
  -1.7307650e+03
  -1.7625378e+03
  -1.6501071e+03
  -1.7861157e+03
  -1.5578353e+03
  -1.8518391e+03
  -1.6149017e+03
  -1.8546938e+03
  -1.7267205e+03
  -1.9726013e+03
  -1.7678898e+03
  -1.7676800e+03
  -1.9504287e+03
  -1.7533864e+03
  -1.7375893e+03
  -1.8231259e+03
  -1.8619680e+03
  -1.7542579e+03
  -1.8465003e+03
  -1.8198442e+03
  -1.9272698e+03
  -1.8181295e+03
  -1.9776025e+03
  -1.9621097e+03
  -1.9158114e+03
  -1.9400839e+03
  -1.8226199e+03
  -1.7677897e+03
  -1.7823005e+03
  -1.8415835e+03
  -1.8522425e+03
  -1.8055697e+03
  -1.9115277e+03
  -1.9072383e+03
  -1.9132684e+03
  -1.7711780e+03
  -1.8013434e+03
  -1.8693392e+03
  -1.7739398e+03
  -1.7343401e+03
  -1.8447942e+03
  -1.7854644e+03
  -1.7416157e+03
  -1.8423290e+03
  -1.9036336e+03
  -1.8738114e+03
  -1.9153436e+03
  -1.7780732e+03
  -1.7140922e+03
  -1.7787623e+03
  -1.8294215e+03
  -1.9296423e+03
  -1.8030843e+03
  -1.8090753e+03
  -1.9566988e+03
  -1.7314237e+03
  -1.8813322e+03
  -1.8951693e+03
  -1.8828883e+03
  -2.0176809e+03
  -1.7590268e+03
  -2.0531306e+03
  -1.9990163e+03
  -1.9540946e+03
  -1.8651270e+03
  -1.8649587e+03
  -1.8013393e+03
  -1.8308347e+03
  -1.9457179e+03
  -1.8309340e+03
  -1.8448886e+03
  -1.8919573e+03
  -1.8063331e+03
  -1.8566922e+03
  -1.8495132e+03
  -1.8425221e+03
  -2.0597526e+03
  -1.9616552e+03
  -1.7890977e+03
  -1.8405547e+03
  -1.8993707e+03
  -1.8058588e+03
  -1.9377006e+03
  -1.9672681e+03
  -1.8945224e+03
  -1.8416123e+03
  -2.0448115e+03
  -1.8365250e+03
  -1.9002639e+03
  -1.9939842e+03
  -1.9538048e+03
  -1.9410959e+03
  -1.9415073e+03
  -1.9490077e+03
  -1.8933824e+03
  -1.9865066e+03
  -1.9895616e+03
  -1.8848190e+03
  -1.9448252e+03
  -1.8609873e+03
  -1.9937914e+03
  -2.0352527e+03
  -1.9198320e+03
  -1.9194728e+03
  -2.0965896e+03
  -1.7833931e+03
  -1.8482506e+03
  -1.8955564e+03
  -1.8619352e+03
  -1.7897324e+03
  -2.0162264e+03
  -1.9032726e+03
  -1.9449114e+03
  -1.8234731e+03
  -1.8824778e+03
  -1.8858418e+03
  -1.9294131e+03
  -1.8718281e+03
  -1.7993934e+03
  -1.6897428e+03
  -1.5092736e+03
  -1.5065919e+03
  -1.0358475e+03
  -1.1290453e+03
  -1.0010834e+03
  -7.5024773e+02
  -7.4407271e+02
  -6.6621701e+02
  -6.7992757e+02
  -5.4551020e+02
  -5.9093468e+02
  -5.1613929e+02
  -2.8517021e+02
  -1.5946473e+02
   5.9207769e+01
  -1.2221833e+02
   1.0664812e+01
   5.6081929e+01
   1.9363860e+02
   1.7976545e+02
   2.7728669e+02
   1.1921716e+02
   3.0906254e+02
   3.0410607e+02
   2.2297638e+02
   2.3793762e+02
   3.2851422e+02
   3.6251392e+02
   2.7210383e+02
   2.2511680e+02
   2.8819064e+02
   3.4019775e+02
   1.7563546e+02
   3.0283622e+02
   2.8929450e+02
   2.6148174e+02
   2.4319854e+02
   2.5278293e+02
   5.0578538e+02
   2.2357703e+02
   3.3166327e+02
   2.8757453e+02
   3.2936034e+02
   3.7847318e+02
   3.7806379e+02
   2.7558232e+02
   2.1207672e+02
   1.7913937e+02
   3.3344191e+02
   3.0094229e+02
   3.8450878e+02
   5.4067187e+01
   4.1008081e+02
   2.4744656e+02
   2.5205573e+02
   3.3211027e+02
   2.6115857e+02
   7.4210908e+01
   3.3868981e+02
   1.1390766e+02
   3.3600447e+01
   1.4187753e+02
   1.9823163e+02
   1.2260005e+02
   5.8109689e+01
   1.2917118e+02
  -5.5796759e+00
  -2.5114771e+01
  -4.6199121e+01
   1.3071000e+02
   8.4436617e+01
   1.0110567e+01
  -6.3807477e+01
  -2.5659449e+02
  -2.3146560e+02
  -2.1320790e+02
  -1.6683436e+02
  -3.0600257e+02
  -2.8513727e+02
  -3.2228533e+02
  -1.9752242e+02
  -3.6656469e+02
  -4.1499263e+02
  -2.8531221e+02
  -3.2710083e+02
  -4.9402368e+02
  -3.6399697e+02
  -5.9308657e+02
  -3.6871488e+02
  -3.7912522e+02
  -4.3569159e+02
  -4.7340212e+02
  -5.6619520e+02
  -3.5968402e+02
  -5.3028715e+02
  -3.3078918e+02
  -5.0879313e+02
  -4.6565183e+02
  -5.2992948e+02
  -5.0622648e+02
  -4.5531147e+02
  -5.1545540e+02
  -5.2494212e+02
  -6.2108741e+02
  -5.8822516e+02
  -5.4859391e+02
  -4.8022030e+02
  -6.4257136e+02
  -5.8665923e+02
  -5.3003152e+02
  -5.4914977e+02
  -4.8224463e+02
  -4.8292192e+02
  -5.7086043e+02
  -7.6904060e+02
  -5.2261576e+02
  -6.8623688e+02
  -6.8653173e+02
  -6.1349558e+02
  -6.6841451e+02
  -6.6357534e+02
  -4.8195398e+02
  -5.3575649e+02
  -6.6908500e+02
  -5.6612855e+02
  -6.9799124e+02
  -7.2946899e+02
  -5.1669462e+02
  -8.0096738e+02
  -6.0720906e+02
  -5.5879734e+02
  -7.3796840e+02
  -5.1207990e+02
  -6.6006292e+02
  -5.7663003e+02
  -6.9085378e+02
  -5.8004429e+02
  -4.7898508e+02
  -6.8749454e+02
  -5.3390604e+02
  -2.9104085e+02
  -4.9939828e+02
  -3.9290874e+02
  -5.5249510e+02
  -3.7493887e+02
  -3.5286275e+02
  -2.4473139e+02
  -1.9756212e+02
  -2.8993441e+02
  -1.7013695e+02
  -2.9064199e+02
  -2.5678022e+02
  -2.7801789e+02
  -3.2850471e+02
  -1.3075468e+02
  -2.8963777e+02
   2.9452496e+01
  -1.1262685e+02
  -9.4539807e+01
  -1.6095723e+02
  -4.9508097e+01
   6.2788549e+01
  -2.2891058e+01
  -9.1668686e+01
  -1.2644737e+02
   5.2603696e+01
  -1.6185000e+02
   1.7347567e+01
  -2.2649866e+01
  -1.1789860e+02
  -3.2882830e+00
  -2.9187570e+01
   6.1131550e+01
   9.8109138e+01
  -1.0228054e+02
   1.1820248e+02
  -5.7192419e+01
   6.0127388e+01
  -2.1286769e+01
  -1.1964621e+02
   1.0671198e+00
   8.1159824e+01
  -1.6738047e+02
  -1.1212960e+02
  -2.4836247e+02
  -7.7841321e+01
  -3.8634913e+02
  -4.8069707e+02
  -3.6820761e+02
  -5.7295033e+02
  -4.2151839e+02
  -7.0588929e+02
  -6.6039711e+02
  -7.6872802e+02
  -9.0055627e+02
  -9.2936906e+02
  -1.0890499e+03
  -9.9669195e+02
  -1.1146423e+03
  -1.3323363e+03
  -1.2996901e+03
  -1.2822151e+03
  -1.3877379e+03
  -1.6584828e+03
  -1.5806148e+03
  -1.7005153e+03
  -1.6777790e+03
  -1.7989637e+03
  -1.6071838e+03
  -1.6451776e+03
  -1.7102524e+03
  -1.6397708e+03
  -1.7476755e+03
  -1.7966836e+03
  -1.8441681e+03
  -1.7034166e+03
  -1.7749986e+03
  -1.8031658e+03
  -1.8101072e+03
  -1.9349996e+03
  -1.7566092e+03
  -1.7500622e+03
  -1.8463479e+03
  -1.8881105e+03
  -1.8232804e+03
  -1.7000470e+03
  -1.8064718e+03
  -1.8705705e+03
  -1.6837049e+03
  -1.9486323e+03
  -1.7114447e+03
  -1.7057246e+03
  -1.9306218e+03
  -1.8037552e+03
  -1.8952544e+03
  -1.7019423e+03
  -1.8319024e+03
  -1.8109331e+03
  -1.7800806e+03
  -1.8281221e+03
  -1.7858769e+03
  -1.6490383e+03
  -1.7889893e+03
  -1.8981306e+03
  -1.7895121e+03
  -1.8402736e+03
  -1.9681622e+03
  -1.9729243e+03
  -1.9924069e+03
  -1.8313682e+03
  -1.7675600e+03
  -1.9637298e+03
  -1.8996482e+03
  -1.7338884e+03
  -1.8819901e+03
  -1.9312742e+03
  -1.7785148e+03
  -1.7151047e+03
  -1.9020533e+03
  -1.9189711e+03
  -1.8750169e+03
  -1.9187545e+03
  -1.9795845e+03
  -1.8590258e+03
  -1.6800300e+03
  -1.8881337e+03
  -1.9625629e+03
  -1.9104679e+03
  -1.9363637e+03
  -1.9043769e+03
  -1.8812041e+03
  -1.9900960e+03
  -1.8355958e+03
  -1.9441127e+03
  -1.8687563e+03
  -1.8754923e+03
  -1.9214076e+03
  -1.9519111e+03
  -1.9697718e+03
  -1.9683570e+03
  -2.0304940e+03
  -2.0524303e+03
  -2.0807005e+03
  -1.7853607e+03
  -2.0434208e+03
  -2.0302844e+03
  -1.9190048e+03
  -1.8106362e+03
  -1.9360736e+03
  -1.8308139e+03
  -1.9161923e+03
  -2.0635051e+03
  -2.1120801e+03
  -2.0627800e+03
  -2.0379364e+03
  -2.0393124e+03
  -1.8924153e+03
  -1.9708797e+03
  -1.8536292e+03
  -2.0720544e+03
  -1.9421279e+03
  -2.0389145e+03
  -1.8791778e+03
  -2.0596259e+03
  -1.9046779e+03
  -1.7677827e+03
  -1.8519468e+03
  -1.9866827e+03
  -1.9823341e+03
  -1.8251774e+03
  -1.8389304e+03
  -1.8850259e+03
  -1.7912165e+03
  -1.8284304e+03
  -2.0202955e+03
  -2.1035288e+03
  -2.0211005e+03
  -1.8917140e+03
  -2.0936721e+03
  -1.8680498e+03
  -1.6314187e+03
  -1.6273180e+03
  -1.6727463e+03
  -1.2756476e+03
  -1.0826258e+03
  -8.5920109e+02
  -7.5619791e+02
  -7.0475234e+02
  -6.4698583e+02
  -6.6279331e+02
  -4.3622951e+02
  -4.2319368e+02
  -2.7822377e+02
  -3.8203351e+02
  -1.2890978e+02
  -4.1745654e+01
  -1.0649142e+02
  -1.7091446e+02
   2.4337523e+01
   1.0656976e+02
   5.8148816e+01
   1.7176445e+02
   1.3206443e+02
   2.5720689e+02
   1.1395207e+02
   2.3430360e+02
   2.4526268e+02
   1.2997444e+02
   2.0795189e+02
   1.9725752e+02
   3.3492434e+02
   2.3622202e+02
   2.2429453e+02
   2.2746556e+02
   3.3497809e+02
   3.2534544e+02
   1.0503885e+02
   1.6184520e+02
   8.2216127e+01
   3.9510467e+02
   2.6698562e+02
   1.4903203e+02
   3.5110904e+02
   1.3798551e+02
   2.8307856e+02
   3.3738944e+02
   4.1384827e+02
   4.6078959e+02
   3.8923989e+02
   3.5228713e+02
   1.8803025e+02
   3.7730812e+02
   5.2236693e+02
   3.5732105e+02
   3.4798082e+02
   3.6150144e+02
   4.1066090e+02
   2.3521140e+02
   4.0345470e+02
   4.3594832e+02
   3.3010651e+02
   2.5385450e+02
   2.4378234e+02
   3.0976084e+02
   4.0796938e+02
   4.5612324e+02
   4.2893514e+02
   2.5316319e+02
   2.9010712e+02
   2.5005212e+02
   2.9801551e+02
   1.8673937e+02
   3.5864586e+02
   1.5696214e+02
   2.7027953e+02
   1.7999967e+02
   1.9457243e+02
   3.5190159e+02
  -8.2633142e+00
   2.5857623e+02
   2.2882181e+02
   3.6412846e+02
   2.4643447e+02
   2.7126324e+02
   2.4325090e+02
   1.7633295e+02
   2.7001967e+02
   2.3096836e+02
   2.0484662e+02
   1.8026762e+02
   1.8322253e+02
   1.8121444e+02
   3.2318456e+02
   2.6030884e+02
   1.3854113e+02
   1.0417827e+02
   1.0682652e+02
   6.9633277e+01
   1.4337066e+02
   2.1312304e+02
   2.1009284e+01
   1.6134387e+02
   2.1423282e+02
   5.5191949e+01
   1.8568176e+02
   2.4133104e+02
   1.2792772e+01
   2.2421558e+02
   1.4514104e+02
   1.4691026e+02
   1.2428729e+02
   3.1791309e+02
   1.2594461e+02
   8.5036119e+01
   1.0848031e+02
   1.6627382e+02
  -2.6860987e+00
   9.9637517e+01
   4.9388016e+01
   6.0777044e+01
   5.7410604e+00
   3.5623891e+01
   2.7591262e+00
   1.2256866e+02
   1.7691556e+02
   2.7856197e+01
   2.0414193e+02
  -1.1737813e+01
   6.5795840e+01
   1.9783649e+02
   7.5017549e+01
  -1.8361623e+02
  -1.2463960e+02
  -1.8502306e+02
  -2.0900576e+02
  -2.1319541e+02
  -1.0871807e+02
  -1.3584519e+02
   1.4813395e+02
  -1.3866190e+02
  -3.0122860e+02
   1.6483889e+01
  -2.7161636e+02
   3.1111870e+01
  -1.7040295e+02
  -2.0409353e+02
  -9.7960330e+01
  -2.9835659e+01
   1.0765810e+02
  -5.0363358e+01
  -5.3054563e+01
  -1.3625841e+02
  -2.5367466e+01
  -1.0326918e+02
  -2.7438004e+01
  -3.8079581e+01
  -8.1581721e+01
   4.1624140e+01
  -3.6871126e+01
   1.8340686e+02
  -1.9943180e+02
  -9.0034284e+01
  -7.3623073e+01
  -1.5453820e+01
   3.8518529e+01
  -2.5796079e+01
  -3.6127858e+01
   2.7826418e+01
  -1.6404696e+01
  -1.1529427e+01
  -1.5021160e+01
  -7.2929604e+01
   4.5496587e+01
  -3.8862609e+01
  -7.1864628e+01
  -2.0519429e+02
  -4.4492591e+01
  -1.5053137e+02
  -2.2855009e+02
  -2.5929286e+02
  -2.7537838e+02
  -4.2810025e+02
  -3.3070544e+02
  -4.5706588e+02
  -5.7833809e+02
  -4.0790084e+02
  -5.6122582e+02
  -6.6536465e+02
  -6.4612005e+02
  -7.9380796e+02
  -9.7819669e+02
  -1.0208046e+03
  -1.2457664e+03
  -1.2067923e+03
  -1.0997028e+03
  -1.3279908e+03
  -1.2806700e+03
  -1.4580869e+03
  -1.5262885e+03
  -1.5467913e+03
  -1.3823353e+03
  -1.6032353e+03
  -1.6543785e+03
  -1.6040830e+03
  -1.7680768e+03
  -1.6576407e+03
  -1.7751064e+03
  -1.7425222e+03
  -1.6440912e+03
  -1.7452778e+03
  -1.7536049e+03
  -1.7177585e+03
  -1.7664292e+03
  -1.8211030e+03
  -1.6936782e+03
  -1.8378656e+03
  -1.7986927e+03
  -1.7171169e+03
  -1.7649048e+03
  -1.8072057e+03
  -1.8267896e+03
  -1.8346127e+03
  -1.7633889e+03
  -1.8949360e+03
  -1.8147092e+03
  -1.8455312e+03
  -1.7891747e+03
  -1.9641823e+03
  -1.7030518e+03
  -1.7772917e+03
  -1.8538625e+03
  -1.7493618e+03
  -1.6584179e+03
  -1.7110035e+03
  -1.7354736e+03
  -1.7982734e+03
  -1.7627006e+03
  -1.8981266e+03
  -1.8557003e+03
  -1.7028286e+03
  -1.7605890e+03
  -1.9067407e+03
  -1.8766913e+03
  -1.8496094e+03
  -1.9141584e+03
  -1.7743103e+03
  -1.9012515e+03
  -1.8897254e+03
  -1.8169691e+03
  -1.8472874e+03
  -1.7823624e+03
  -1.7306776e+03
  -1.6991451e+03
  -1.7761642e+03
  -1.8410518e+03
  -1.8137884e+03
  -1.8916888e+03
  -1.8502442e+03
  -1.9346119e+03
  -1.7104905e+03
  -2.0066816e+03
  -1.8504233e+03
  -1.8607314e+03
  -1.9291384e+03
  -1.9102240e+03
  -1.7819846e+03
  -1.8666141e+03
  -1.9774365e+03
  -1.9333079e+03
  -1.8748694e+03
  -1.8488019e+03
  -1.9446819e+03
  -1.5946320e+03
  -1.8838706e+03
  -1.7528592e+03
  -1.8527502e+03
  -1.7478546e+03
  -1.8062575e+03
  -1.8711450e+03
  -1.8499517e+03
  -1.8567548e+03
  -1.9625046e+03
  -1.8958431e+03
  -1.8184743e+03
  -1.9337845e+03
  -2.0235927e+03
  -2.1102350e+03
  -1.7431211e+03
  -1.8046221e+03
  -1.8638034e+03
  -2.0152042e+03
  -1.9170778e+03
  -1.8764570e+03
  -1.8761759e+03
  -1.9631285e+03
  -1.9182070e+03
  -1.9525930e+03
  -1.9401336e+03
  -1.8295560e+03
  -2.0525788e+03
  -1.8860163e+03
  -1.9221665e+03
  -2.0066969e+03
  -2.1136389e+03
  -2.0903540e+03
  -2.0369820e+03
  -1.7496242e+03
  -1.7724731e+03
  -1.9087711e+03
  -1.9591248e+03
  -2.0204888e+03
  -1.8511229e+03
  -2.0259754e+03
  -1.9490868e+03
  -1.8287027e+03
  -1.7891461e+03
  -1.9618238e+03
  -1.7988567e+03
  -1.8076907e+03
  -1.9555497e+03
  -1.8689751e+03
  -1.8395289e+03
  -1.5354216e+03
  -1.4134014e+03
  -1.0827979e+03
  -1.0904183e+03
  -7.2097502e+02
  -7.7938500e+02
  -6.4637998e+02
  -5.5890747e+02
  -5.8048079e+02
  -7.5398109e+02
  -5.2109749e+02
  -4.8317647e+02
  -3.3893739e+02
  -4.3201027e+02
  -2.2997853e+02
  -3.1005924e+02
  -1.5746569e+02
  -1.0515441e+02
  -5.2853730e+01
   1.6867010e+01
  -1.8960407e+02
   1.2460405e+02
  -1.0336296e+01
   1.5379986e+02
   2.1785612e+02
   7.3211440e+01
   1.8369156e+02
   2.9261033e+02
   2.4773442e+02
   2.1739107e+02
   1.8050436e+02
   2.0066350e+02
   1.5977544e+02
   9.2511198e+01
   2.7932454e+02
   2.3494916e+02
   1.9132258e+02
   2.8866172e+02
   3.8099197e+02
   1.7208364e+02
   3.1699352e+02
   3.1869682e+02
   2.3745741e+02
   2.0866136e+02
   3.6467525e+02
   3.9707855e+02
   2.5918607e+02
   3.2690039e+02
   4.1836488e+02
   1.9826345e+02
   3.2157599e+02
   1.2026376e+02
   4.0452466e+02
   2.6137223e+02
   3.2310122e+02
   2.7716753e+02
   3.0996117e+02
   2.7385201e+02
   1.5703780e+02
   4.7709262e+02
   2.3785451e+02
   3.2878644e+02
   3.2033963e+02
   2.6537884e+02
   6.2124761e+01
   3.1170046e+02
   2.0594144e+02
   2.3656686e+02
   1.5202099e+02
   2.0297723e+02
   2.7367910e+02
   1.3544674e+02
   1.8259402e+02
   3.1519714e+02
   1.7718837e+02
   1.2654141e+02
   3.3961750e+02
   9.5627840e+01
   4.6101913e+01
   2.7935212e+02
   2.1212869e+02
   2.2664753e+01
   1.2916706e+02
   1.1886442e+02
   3.9914791e+01
   3.5060320e+01
  -2.7276625e+01
   2.3128309e+02
   2.0354680e+02
   1.8462807e+02
   1.5329609e+02
   1.5948608e+02
   4.8712120e+01
   8.6168924e+01
   1.6423180e+02
   7.4914249e+01
   8.8384347e+01
   6.1060331e+01
   4.6424682e+01
   1.8952690e+02
   5.9045939e+01
   1.3524424e+02
  -4.4325526e+00
   9.9089799e+01
   1.2813632e+02
  -9.6122171e+01
  -2.7207868e+01
   1.6680518e+02
   1.4674408e+02
   1.2893281e+01
   4.9204054e+01
  -3.3687312e+00
   4.8937760e+01
   2.4654925e+01
  -2.8206903e+01
   3.8331584e+01
   1.2898961e+02
  -4.1521299e+00
   3.1595235e+01
   3.4293138e+01
  -4.9728173e+01
   8.0546610e+01
  -8.7705737e+01
   6.2729233e+00
  -2.1176006e+02
   1.8345373e+01
  -1.2125816e+02
  -1.8330622e+02
  -6.8168538e+01
  -4.4343886e+01
  -1.4558255e+02
  -2.0374315e+01
   1.0645546e+02
  -9.7380252e+01
  -1.4997821e+02
  -7.8943638e+01
  -3.5226297e+01
  -3.3509978e+01
  -1.1913446e+02
  -8.3363823e+01
  -2.2957851e+02
  -2.0503945e+02
  -3.6639635e+02
  -7.4838030e+00
  -3.0769276e+02
  -2.9267835e+02
  -1.6236305e+02
  -2.5980602e+02
  -2.2093073e+02
  -2.4900448e+02
  -1.3082912e+02
  -1.7980938e+02
  -1.8312214e+02
  -7.5775441e+01
  -2.8743429e+02
  -1.2192504e+02
  -1.0245249e+02
  -2.8742296e+02
  -3.6790639e+02
  -7.2813359e+01
  -1.0726307e+01
  -2.3674255e+02
   1.1559420e+02
  -3.5514983e+01
  -1.3683910e+02
   9.4816349e+00
   5.2103456e+01
  -1.5888930e+02
  -3.5589349e+01
  -8.4774086e+00
   7.3440781e+01
   1.4815205e+01
  -1.1566617e+02
   8.4897548e+01
  -1.0717524e+02
  -1.0574440e+01
  -9.7214769e+00
   6.1998657e+01
  -1.0786869e+02
   3.5387203e+01
  -1.1883704e+02
  -6.1111067e+01
  -1.0198348e+02
  -7.4060408e+01
   1.5551929e+02
   6.1321095e+00
  -6.1197313e+01
  -1.3258035e+02
   7.1467491e+01
  -1.1798083e+02
  -3.2466844e+01
  -1.5779179e+02
  -2.1926891e+02
  -2.0287010e+02
  -3.3111255e+02
  -2.9278944e+02
  -2.2545543e+02
  -4.3890274e+02
  -5.3933248e+02
  -5.3246460e+02
  -7.5021212e+02
  -7.7652339e+02
  -7.0645104e+02
  -1.0749037e+03
  -1.0436426e+03
  -1.0726079e+03
  -1.2701084e+03
  -1.1691892e+03
  -1.2989403e+03
  -1.3906056e+03
  -1.5107216e+03
  -1.5315941e+03
  -1.4286913e+03
  -1.4495405e+03
  -1.4018587e+03
  -1.7670524e+03
  -1.6906384e+03
  -1.6770833e+03
  -1.7479320e+03
  -1.7409464e+03
  -1.6395814e+03
  -1.8516447e+03
  -1.7154116e+03
  -1.5978344e+03
  -1.7639501e+03
  -1.6838627e+03
  -1.7768007e+03
  -1.9342445e+03
  -1.8275112e+03
  -1.6397358e+03
  -1.6115605e+03
  -1.7513659e+03
  -1.6956801e+03
  -1.8962012e+03
  -1.9041631e+03
  -1.7720974e+03
  -1.8876339e+03
  -1.8244397e+03
  -1.8987112e+03
  -1.9544263e+03
  -1.7737784e+03
  -1.7708060e+03
  -1.5740597e+03
  -1.9231195e+03
  -1.8142478e+03
  -1.7756493e+03
  -1.7693596e+03
  -1.9506324e+03
  -1.8457343e+03
  -1.8024212e+03
  -1.7717668e+03
  -1.8922831e+03
  -1.7621351e+03
  -1.9070286e+03
  -1.8108327e+03
  -1.8372517e+03
  -1.8591313e+03
  -1.8572413e+03
  -1.8609703e+03
  -1.8701956e+03
  -1.8154479e+03
  -1.7689505e+03
  -1.8634562e+03
  -1.9585947e+03
  -1.8234135e+03
  -1.9590471e+03
  -1.8460699e+03
  -1.9803769e+03
  -1.8517512e+03
  -1.6928297e+03
  -1.7234643e+03
  -1.8673639e+03
  -1.9459238e+03
  -1.7822790e+03
  -1.7781646e+03
  -2.0038413e+03
  -1.7601288e+03
  -1.7779474e+03
  -1.8336424e+03
  -1.8216434e+03
  -1.8382504e+03
  -1.8890909e+03
  -1.8972240e+03
  -1.8697784e+03
  -1.9403680e+03
  -1.8420419e+03
  -1.9940331e+03
  -1.8112040e+03
  -1.8924093e+03
  -1.9921791e+03
  -1.8465395e+03
  -1.9176250e+03
  -1.9142926e+03
  -1.9182927e+03
  -1.9277646e+03
  -1.8543177e+03
  -1.9429020e+03
  -1.8988375e+03
  -1.8466174e+03
  -1.8465339e+03
  -1.8801122e+03
  -1.8866983e+03
  -1.9885519e+03
  -1.9356297e+03
  -1.8631353e+03
  -1.9043386e+03
  -1.7928462e+03
  -1.7874746e+03
  -1.9635018e+03
  -1.9109896e+03
  -1.8718426e+03
  -1.9763423e+03
  -1.9903017e+03
  -1.9665558e+03
  -2.0194906e+03
  -1.9778582e+03
  -1.9034610e+03
  -1.7713404e+03
  -1.7820441e+03
  -1.7962286e+03
  -1.9258156e+03
  -1.8254666e+03
  -1.9813284e+03
  -1.9062400e+03
  -1.9143575e+03
  -1.8586962e+03
  -1.8594883e+03
  -1.8061402e+03
  -1.8490970e+03
  -1.8913420e+03
  -1.9418597e+03
  -1.8992618e+03
  -1.8328521e+03
  -1.7626784e+03
  -1.7527742e+03
  -1.7238885e+03
  -1.7598233e+03
  -1.5975865e+03
  -1.4087309e+03
  -1.2313088e+03
  -9.5522430e+02
  -8.7886129e+02
  -8.0540424e+02
  -6.5789258e+02
  -6.1511569e+02
  -7.4571516e+02
  -4.1899349e+02
  -4.6323944e+02
  -5.5342054e+02
  -3.0628841e+02
  -2.1115113e+02
  -2.7776417e+02
  -6.6081143e+01
  -7.9858525e+01
   7.4372055e+01
   1.5267593e+02
   9.5325819e+01
   1.4233335e+02
   2.3870447e+02
   2.8927699e+02
   1.7324204e+02
   2.3185343e+02
   2.2518564e+02
   4.0713780e+01
   2.1447941e+02
   1.6505334e+02
   2.9069888e+02
   2.3095101e+02
   2.8908199e+02
   2.6425404e+02
   2.6914343e+02
   3.2618323e+02
   4.1784393e+02
   3.3072401e+02
   3.4194486e+02
   3.4554280e+02
   3.7135308e+02
   1.8867330e+02
   2.4792247e+02
   3.3380982e+02
   3.9350565e+02
   4.2470646e+02
   1.6049493e+02
   3.5115871e+02
   3.2388483e+02
   4.2238800e+02
   3.4556542e+02
   3.2334535e+02
   3.0395376e+02
   3.8712272e+02
   4.1917763e+02
   4.1273821e+02
   3.4079432e+02
   3.9061676e+02
   4.4979993e+02
   4.5472721e+02
   2.7335601e+02
   4.6294064e+02
   4.0354491e+02
   3.4803259e+02
   2.9942744e+02
   3.2124730e+02
   2.9752002e+02
   1.5908617e+02
   2.6763827e+02
   2.6096556e+02
   3.2763779e+02
   2.3905875e+02
   2.1395296e+02
   2.5353271e+02
   1.7481513e+02
   1.8036897e+02
   2.2295770e+01
   1.4624482e+02
   1.4424845e+02
   2.0156436e+02
   1.6657592e+02
   1.7929846e+01
   2.1233468e+02
   1.4800792e+02
   1.4665640e+02
   1.4392553e+02
   2.1400376e+02
   2.3473881e+02
   2.1662934e+02
   1.4693984e+02
   5.7397685e+01
  -6.0042692e+00
   4.2753964e+01
   2.2233095e+02
   1.1833231e+02
   1.9898442e+02
   3.0280238e+02
   3.4522209e+02
   1.7243512e+02
  -1.2090918e+01
   9.7807149e+01
   8.3349703e+01
  -9.2047943e+01
   2.1328965e+02
   8.1024970e+01
   2.3163835e+02
   7.6148342e+01
   2.6965511e+01
   6.3361767e+01
   1.4506017e+02
   1.2442221e+02
   8.6460901e+01
   1.0842624e+02
   1.3957650e+02
   2.5610294e+01
   9.5733680e+01
   1.5915807e+02
   1.2016268e+02
   1.5393392e+02
   2.1854951e+02
   1.4578300e+02
   1.1179791e+02
   1.0568930e+02
   6.9334632e+01
  -1.8057073e+01
   8.3474436e+01
   4.0700607e+01
   2.9756538e+00
  -5.6660207e+01
   2.2666597e+01
   2.6569735e+02
   4.9979179e+01
   5.6790174e+01
   1.4675069e+02
   1.3660887e+02
  -2.0520758e+02
  -1.9218852e+01
  -3.0508242e+01
  -1.0798544e+02
  -1.6242398e+02
  -9.5472089e+01
  -6.2342624e+01
  -3.2934071e+01
  -1.4674694e+01
  -1.5184746e+02
  -8.7603868e+01
  -5.1797249e-01
  -1.6748979e+02
  -3.6687756e+01
  -1.4869900e+02
  -1.5283093e+02
  -1.8317390e+02
  -1.3476029e+02
  -2.1251599e+02
  -3.0959103e+01
  -1.6709155e+02
   3.3797351e+01
  -1.1751976e+02
   3.4277986e+01
   1.3984804e+02
  -4.4376454e+01
  -1.0265945e+02
   1.7884357e+00
  -6.3030885e+01
   2.3418675e+01
   8.7780851e+01
  -1.8052697e+00
  -1.6534228e+01
   5.1972714e+01
  -8.3855271e+00
   1.0853470e+01
   5.5510451e+01
   7.9120230e+01
   1.2169686e+02
   9.4131756e+01
   6.7880225e+01
  -1.6865827e+01
   9.7961793e+01
  -6.3327334e+01
   2.2639247e+01
  -1.4360641e+01
  -7.7245282e+01
  -8.8829552e+01
  -1.0000667e+02
  -1.0927234e+02
  -2.4639625e+02
  -3.8532235e+02
  -3.7440385e+02
  -3.6315731e+02
  -5.9066576e+02
  -7.0630302e+02
  -7.8146568e+02
  -6.3954506e+02
  -7.6617420e+02
  -8.4246896e+02
  -1.0185780e+03
  -9.9316343e+02
  -1.2335501e+03
  -1.2225987e+03
  -1.3253222e+03
  -1.3313314e+03
  -1.5479622e+03
  -1.6612636e+03
  -1.4601603e+03
  -1.5142855e+03
  -1.7414832e+03
  -1.6267617e+03
  -1.6384855e+03
  -1.6986229e+03
  -1.7456129e+03
  -1.4806568e+03
  -1.5292330e+03
  -1.7725473e+03
  -1.6076330e+03
  -1.7406542e+03
  -1.7988636e+03
  -1.6291461e+03
  -1.6176226e+03
  -1.5958701e+03
  -1.7210397e+03
  -1.5998100e+03
  -1.7508715e+03
  -1.8767954e+03
  -1.7089140e+03
  -1.6793786e+03
  -1.7991638e+03
  -1.8350016e+03
  -1.6678875e+03
  -1.7237699e+03
  -1.8899501e+03
  -1.6932916e+03
  -1.8448796e+03
  -1.6702427e+03
  -1.8723145e+03
  -1.6559167e+03
  -1.8141372e+03
  -1.7924384e+03
  -1.7216106e+03
  -1.8171119e+03
  -1.7416556e+03
  -1.7291927e+03
  -1.8125069e+03
  -1.9642127e+03
  -1.7500607e+03
  -1.7340523e+03
  -1.8043463e+03
  -1.7374182e+03
  -1.8912150e+03
  -1.9104835e+03
  -1.8455709e+03
  -1.7924469e+03
  -1.7771329e+03
  -1.8496355e+03
  -2.0229707e+03
  -1.7289495e+03
  -1.8797785e+03
  -1.9893761e+03
  -1.8503086e+03
  -1.7331434e+03
  -1.8571729e+03
  -1.8137165e+03
  -1.7799900e+03
  -1.9600076e+03
  -1.7633022e+03
  -1.6696785e+03
  -1.7405123e+03
  -1.8368810e+03
  -1.8178907e+03
  -1.9524119e+03
  -1.8019810e+03
  -1.8878076e+03
  -1.7535516e+03
  -1.9558898e+03
  -1.8499922e+03
  -1.7406656e+03
  -1.8661206e+03
  -2.0020057e+03
  -1.8007235e+03
  -1.8566352e+03
  -1.9438907e+03
  -1.8856594e+03
  -1.9899470e+03
  -1.7911559e+03
  -1.9667004e+03
  -1.8213466e+03
  -1.7631448e+03
  -1.9502031e+03
  -1.8202240e+03
  -1.8334384e+03
  -1.8876918e+03
  -1.9319813e+03
  -2.0144867e+03
  -1.9624042e+03
  -2.1250558e+03
  -2.0192844e+03
  -1.8621100e+03
  -1.8504681e+03
  -1.9424679e+03
  -1.8994478e+03
  -1.8868470e+03
  -1.9639004e+03
  -2.1069823e+03
  -1.9628041e+03
  -1.9725199e+03
  -1.9496295e+03
  -2.0976913e+03
  -1.9299161e+03
  -1.8525629e+03
  -1.8480277e+03
  -1.8867773e+03
  -1.9800710e+03
  -1.9973293e+03
  -1.8321486e+03
  -1.9155390e+03
  -2.0637801e+03
  -1.9143455e+03
  -1.9255876e+03
  -1.9355421e+03
  -2.0212450e+03
  -1.9103425e+03
  -1.8475703e+03
  -1.9530932e+03
  -1.8659268e+03
  -1.9102720e+03
  -2.0068393e+03
  -1.8511337e+03
  -1.8162179e+03
  -1.7609292e+03
  -1.4169312e+03
  -1.1629873e+03
  -1.1518398e+03
  -9.4364969e+02
  -9.2453469e+02
  -1.0103099e+03
  -7.5559694e+02
  -7.8879772e+02
  -7.0667236e+02
  -6.8253941e+02
  -6.3022442e+02
  -4.6323516e+02
  -5.6244119e+02
  -5.7678004e+02
  -3.5196811e+02
  -3.1418000e+02
  -2.3574060e+02
  -2.2241257e+02
  -2.0765041e+02
  -1.1690875e+02
   4.3318032e+01
   1.7334647e+01
  -4.2735349e+01
   1.5462560e+02
   1.4171686e+01
   5.3555578e+01
   1.8544500e+02
   1.3222422e+02
   1.5915536e+02
   1.4797034e+02
   3.2421921e+02
   1.3602232e+02
   2.2637618e+02
   1.7158264e+02
   2.5799086e+02
   3.4815317e+02
   1.8376483e+02
   2.1711024e+02
   1.4796615e+02
   3.1086184e+02
   1.6149657e+02
   2.1781957e+02
   3.1621925e+02
   2.1432019e+02
   7.3530388e+01
   6.4882745e+01
   3.6995302e+02
   2.6820543e+02
   2.9638257e+02
   3.0404316e+02
   2.0257080e+02